#
# A fatal error has been detected by the Java Runtime Environment:
#
#  SIGSEGV (0xb) at pc=0x000078c2ffe9261a, pid=1895338, tid=1895339
#
# JRE version: OpenJDK Runtime Environment Temurin-21.0.8+9 (21.0.8+9) (build 21.0.8+9-LTS)
# Java VM: OpenJDK 64-Bit Server VM Temurin-21.0.8+9 (21.0.8+9-LTS, mixed mode, tiered, compressed oops, compressed class ptrs, g1 gc, linux-amd64)
# Problematic frame:
# C  [libgobject-2.0.so.0+0x2461a]  g_object_unref+0x29a
#
# Core dump will be written. Default location: Core dumps may be processed with "/usr/share/apport/apport -p%p -s%s -c%c -d%d -P%P -u%u -g%g -F%F -- %E" (or dumping to /path/to/replay_archiver/core.1895338)
#
# If you would like to submit a bug report, please visit:
#   https://github.com/adoptium/adoptium-support/issues
# The crash happened outside the Java Virtual Machine in native code.
# See problematic frame for where to report the bug.
#

---------------  S U M M A R Y ------------

Command Line: -XX:+IgnoreUnrecognizedVMOptions -Dosgi.requiredJavaVersion=21 -Dfile.encoding=UTF-8 --add-modules=ALL-DEFAULT --add-opens=java.base/java.io=ALL-UNNAMED --add-opens=java.base/java.lang=ALL-UNNAMED --add-opens=java.base/java.lang.reflect=ALL-UNNAMED --add-opens=java.base/java.net=ALL-UNNAMED --add-opens=java.base/java.nio=ALL-UNNAMED --add-opens=java.base/java.nio.charset=ALL-UNNAMED --add-opens=java.base/java.text=ALL-UNNAMED --add-opens=java.base/java.time=ALL-UNNAMED --add-opens=java.base/java.util=ALL-UNNAMED --add-opens=java.base/java.util.concurrent=ALL-UNNAMED --add-opens=java.base/java.util.concurrent.atomic=ALL-UNNAMED --add-opens=java.base/jdk.internal.vm=ALL-UNNAMED --add-opens=java.base/jdk.internal.misc=ALL-UNNAMED --add-opens=java.base/sun.nio.ch=ALL-UNNAMED --add-opens=java.base/sun.nio.fs=ALL-UNNAMED --add-opens=java.base/sun.security.ssl=ALL-UNNAMED --add-opens=java.base/sun.security.action=ALL-UNNAMED --add-opens=java.base/sun.security.util=ALL-UNNAMED --add-opens=java.security.jgss/sun.security.jgss=ALL-UNNAMED --add-opens=java.security.jgss/sun.security.krb5=ALL-UNNAMED --add-opens=java.desktop/java.awt=ALL-UNNAMED --add-opens=java.desktop/java.awt.peer=ALL-UNNAMED --add-opens=java.sql/java.sql=ALL-UNNAMED -Xms64m -Xmx1024m /home/user/Tools/dbeaver//plugins/org.eclipse.equinox.launcher_1.7.100.v20251111-0406.jar -os linux -ws gtk -arch x86_64 -showsplash -launcher /home/user/Tools/dbeaver/dbeaver -name Dbeaver --launcher.library /home/user/Tools/dbeaver//plugins/org.eclipse.equinox.launcher.gtk.linux.x86_64_1.2.1500.v20250801-0854/eclipse_11916.so -startup /home/user/Tools/dbeaver//plugins/org.eclipse.equinox.launcher_1.7.100.v20251111-0406.jar --launcher.overrideVmargs -exitdata 440002 -vm /home/user/Tools/dbeaver/jre/bin/java -vmargs -XX:+IgnoreUnrecognizedVMOptions -Dosgi.requiredJavaVersion=21 -Dfile.encoding=UTF-8 --add-modules=ALL-DEFAULT --add-opens=java.base/java.io=ALL-UNNAMED --add-opens=java.base/java.lang=ALL-UNNAMED --add-opens=java.base/java.lang.reflect=ALL-UNNAMED --add-opens=java.base/java.net=ALL-UNNAMED --add-opens=java.base/java.nio=ALL-UNNAMED --add-opens=java.base/java.nio.charset=ALL-UNNAMED --add-opens=java.base/java.text=ALL-UNNAMED --add-opens=java.base/java.time=ALL-UNNAMED --add-opens=java.base/java.util=ALL-UNNAMED --add-opens=java.base/java.util.concurrent=ALL-UNNAMED --add-opens=java.base/java.util.concurrent.atomic=ALL-UNNAMED --add-opens=java.base/jdk.internal.vm=ALL-UNNAMED --add-opens=java.base/jdk.internal.misc=ALL-UNNAMED --add-opens=java.base/sun.nio.ch=ALL-UNNAMED --add-opens=java.base/sun.nio.fs=ALL-UNNAMED --add-opens=java.base/sun.security.ssl=ALL-UNNAMED --add-opens=java.base/sun.security.action=ALL-UNNAMED --add-opens=java.base/sun.security.util=ALL-UNNAMED --add-opens=java.security.jgss/sun.security.jgss=ALL-UNNAMED --add-opens=java.security.jgss/sun.security.krb5=ALL-UNNAMED --add-opens=java.desktop/java.awt=ALL-UNNAMED --add-opens=java.desktop/java.awt.peer=ALL-UNNAMED --add-opens=java.sql/java.sql=ALL-UNNAMED -Xms64m -Xmx1024m -jar /home/user/Tools/dbeaver//plugins/org.eclipse.equinox.launcher_1.7.100.v20251111-0406.jar

Host: 12th Gen Intel(R) Core(TM) i9-12900K, 24 cores, 31G, Ubuntu 24.04.3 LTS
Time: Sun Jan 11 17:58:35 2026 PST elapsed time: 153.558196 seconds (0d 0h 2m 33s)

---------------  T H R E A D  ---------------

Current thread (0x000078c30002e550):  JavaThread "main"             [_thread_in_native, id=1895339, stack(0x000078c305f00000,0x000078c306000000) (1024K)]

Stack: [0x000078c305f00000,0x000078c306000000],  sp=0x000078c305ffd120,  free space=1012k
Native frames: (J=compiled Java code, j=interpreted, Vv=VM code, C=native code)
C  [libgobject-2.0.so.0+0x2461a]  g_object_unref+0x29a
C  [libgtk-3.so.0+0x37d338]
C  [libgobject-2.0.so.0+0x13cf7]  g_cclosure_marshal_VOID__OBJECTv+0x77
C  [libgobject-2.0.so.0+0x356bd]
C  [libgobject-2.0.so.0+0x357c1]  g_signal_emit_valist+0x41
C  [libgobject-2.0.so.0+0x35883]  g_signal_emit+0x93
C  [libgobject-2.0.so.0+0x356bd]
C  [libgobject-2.0.so.0+0x357c1]  g_signal_emit_valist+0x41
C  [libgobject-2.0.so.0+0x35883]  g_signal_emit+0x93
C  [libgtk-3.so.0+0x35b16a]  gtk_widget_grab_focus+0x6a
C  [libswt-pi3-gtk-4971r15.so+0x49d4b]  Java_org_eclipse_swt_internal_gtk_GTK_gtk_1widget_1grab_1focus+0xc
j  org.eclipse.swt.widgets.Control.forceFocus(J)Z+14
j  org.eclipse.swt.widgets.Composite.forceFocus(J)Z+16
J 14485 c1 org.eclipse.swt.widgets.Control.forceFocus()Z (77 bytes) @ 0x000078c2ed5f4afc [0x000078c2ed5f3f00+0x0000000000000bfc]
J 14484 c1 org.eclipse.swt.widgets.Composite.setFocus()Z (52 bytes) @ 0x000078c2edc9c3ec [0x000078c2edc9be20+0x00000000000005cc]
j  org.jkiss.dbeaver.ui.controls.resultset.spreadsheet.Spreadsheet.lambda$3()V+10
j  org.jkiss.dbeaver.ui.controls.resultset.spreadsheet.Spreadsheet$$Lambda+0x0000000100aea2f8.run()V+4
J 12450 c2 org.eclipse.swt.widgets.Display.readAndDispatch()Z (88 bytes) @ 0x000078c2f4ecbd90 [0x000078c2f4ecb920+0x0000000000000470]
j  org.eclipse.e4.ui.internal.workbench.swt.PartRenderingEngine$5.run()V+564
j  org.eclipse.core.databinding.observable.Realm.runWithDefault(Lorg/eclipse/core/databinding/observable/Realm;Ljava/lang/Runnable;)V+12
j  org.eclipse.e4.ui.internal.workbench.swt.PartRenderingEngine.run(Lorg/eclipse/e4/ui/model/application/MApplicationElement;Lorg/eclipse/e4/core/contexts/IEclipseContext;)Ljava/lang/Object;+57
j  org.eclipse.e4.ui.internal.workbench.E4Workbench.createAndRunUI(Lorg/eclipse/e4/ui/model/application/MApplicationElement;)V+20
j  org.eclipse.ui.internal.Workbench.lambda$3(Lorg/eclipse/swt/widgets/Display;Lorg/eclipse/ui/application/WorkbenchAdvisor;[I)V+334
j  org.eclipse.ui.internal.Workbench$$Lambda+0x000000010041c6c8.run()V+12
j  org.eclipse.core.databinding.observable.Realm.runWithDefault(Lorg/eclipse/core/databinding/observable/Realm;Ljava/lang/Runnable;)V+12
j  org.eclipse.ui.internal.Workbench.createAndRunWorkbench(Lorg/eclipse/swt/widgets/Display;Lorg/eclipse/ui/application/WorkbenchAdvisor;)I+16
j  org.eclipse.ui.PlatformUI.createAndRunWorkbench(Lorg/eclipse/swt/widgets/Display;Lorg/eclipse/ui/application/WorkbenchAdvisor;)I+2
j  org.jkiss.dbeaver.ui.app.standalone.DBeaverApplication.start(Lorg/eclipse/equinox/app/IApplicationContext;)Ljava/lang/Object;+643
j  org.eclipse.equinox.internal.app.EclipseAppHandle.run(Ljava/lang/Object;)Ljava/lang/Object;+138
j  org.eclipse.core.runtime.internal.adaptor.EclipseAppLauncher.runApplication(Ljava/lang/Object;)Ljava/lang/Object;+85
j  org.eclipse.core.runtime.internal.adaptor.EclipseAppLauncher.start(Ljava/lang/Object;)Ljava/lang/Object;+79
j  org.eclipse.core.runtime.adaptor.EclipseStarter.run(Ljava/lang/Object;)Ljava/lang/Object;+99
j  org.eclipse.core.runtime.adaptor.EclipseStarter.run([Ljava/lang/String;Ljava/lang/Runnable;)Ljava/lang/Object;+132
j  java.lang.invoke.DirectMethodHandle$Holder.invokeStatic(Ljava/lang/Object;Ljava/lang/Object;Ljava/lang/Object;)Ljava/lang/Object;+11 java.base@21.0.8
j  java.lang.invoke.LambdaForm$MH+0x0000000100101800.invoke(Ljava/lang/Object;Ljava/lang/Object;Ljava/lang/Object;Ljava/lang/Object;)Ljava/lang/Object;+54 java.base@21.0.8
j  java.lang.invoke.LambdaForm$MH+0x0000000100101c00.invokeExact_MT(Ljava/lang/Object;Ljava/lang/Object;Ljava/lang/Object;Ljava/lang/Object;Ljava/lang/Object;)Ljava/lang/Object;+22 java.base@21.0.8
j  jdk.internal.reflect.DirectMethodHandleAccessor.invokeImpl(Ljava/lang/Object;[Ljava/lang/Object;)Ljava/lang/Object;+72 java.base@21.0.8
j  jdk.internal.reflect.DirectMethodHandleAccessor.invoke(Ljava/lang/Object;[Ljava/lang/Object;)Ljava/lang/Object;+23 java.base@21.0.8
j  java.lang.reflect.Method.invoke(Ljava/lang/Object;[Ljava/lang/Object;)Ljava/lang/Object;+102 java.base@21.0.8
j  org.eclipse.equinox.launcher.Main.invokeFramework([Ljava/lang/String;[Ljava/net/URL;)V+155
j  org.eclipse.equinox.launcher.Main.basicRun([Ljava/lang/String;)V+191
j  org.eclipse.equinox.launcher.Main.run([Ljava/lang/String;)I+4
j  org.eclipse.equinox.launcher.Main.main([Ljava/lang/String;)V+10
v  ~StubRoutines::call_stub 0x000078c2f405fcc6
V  [libjvm.so+0x915b55]  JavaCalls::call_helper(JavaValue*, methodHandle const&, JavaCallArguments*, JavaThread*)+0x2e5
V  [libjvm.so+0x9bfaf0]  jni_invoke_static(JNIEnv_*, JavaValue*, _jobject*, JNICallType, _jmethodID*, JNI_ArgumentPusher*, JavaThread*) [clone .constprop.1]+0x390
V  [libjvm.so+0x9c29d7]  jni_CallStaticVoidMethod+0x167
C  [libjli.so+0xa6d4]  JavaMain+0x1054
C  [libjli.so+0xd259]  ThreadJavaMain+0x9
C  [libc.so.6+0x9caa4]
Java frames: (J=compiled Java code, j=interpreted, Vv=VM code)
j  org.eclipse.swt.internal.gtk.GTK.gtk_widget_grab_focus(J)V+0
j  org.eclipse.swt.widgets.Control.forceFocus(J)Z+14
j  org.eclipse.swt.widgets.Composite.forceFocus(J)Z+16
J 14485 c1 org.eclipse.swt.widgets.Control.forceFocus()Z (77 bytes) @ 0x000078c2ed5f4afc [0x000078c2ed5f3f00+0x0000000000000bfc]
J 14484 c1 org.eclipse.swt.widgets.Composite.setFocus()Z (52 bytes) @ 0x000078c2edc9c3ec [0x000078c2edc9be20+0x00000000000005cc]
j  org.jkiss.dbeaver.ui.controls.resultset.spreadsheet.Spreadsheet.lambda$3()V+10
j  org.jkiss.dbeaver.ui.controls.resultset.spreadsheet.Spreadsheet$$Lambda+0x0000000100aea2f8.run()V+4
J 12450 c2 org.eclipse.swt.widgets.Display.readAndDispatch()Z (88 bytes) @ 0x000078c2f4ecbd90 [0x000078c2f4ecb920+0x0000000000000470]
j  org.eclipse.e4.ui.internal.workbench.swt.PartRenderingEngine$5.run()V+564
j  org.eclipse.core.databinding.observable.Realm.runWithDefault(Lorg/eclipse/core/databinding/observable/Realm;Ljava/lang/Runnable;)V+12
j  org.eclipse.e4.ui.internal.workbench.swt.PartRenderingEngine.run(Lorg/eclipse/e4/ui/model/application/MApplicationElement;Lorg/eclipse/e4/core/contexts/IEclipseContext;)Ljava/lang/Object;+57
j  org.eclipse.e4.ui.internal.workbench.E4Workbench.createAndRunUI(Lorg/eclipse/e4/ui/model/application/MApplicationElement;)V+20
j  org.eclipse.ui.internal.Workbench.lambda$3(Lorg/eclipse/swt/widgets/Display;Lorg/eclipse/ui/application/WorkbenchAdvisor;[I)V+334
j  org.eclipse.ui.internal.Workbench$$Lambda+0x000000010041c6c8.run()V+12
j  org.eclipse.core.databinding.observable.Realm.runWithDefault(Lorg/eclipse/core/databinding/observable/Realm;Ljava/lang/Runnable;)V+12
j  org.eclipse.ui.internal.Workbench.createAndRunWorkbench(Lorg/eclipse/swt/widgets/Display;Lorg/eclipse/ui/application/WorkbenchAdvisor;)I+16
j  org.eclipse.ui.PlatformUI.createAndRunWorkbench(Lorg/eclipse/swt/widgets/Display;Lorg/eclipse/ui/application/WorkbenchAdvisor;)I+2
j  org.jkiss.dbeaver.ui.app.standalone.DBeaverApplication.start(Lorg/eclipse/equinox/app/IApplicationContext;)Ljava/lang/Object;+643
j  org.eclipse.equinox.internal.app.EclipseAppHandle.run(Ljava/lang/Object;)Ljava/lang/Object;+138
j  org.eclipse.core.runtime.internal.adaptor.EclipseAppLauncher.runApplication(Ljava/lang/Object;)Ljava/lang/Object;+85
j  org.eclipse.core.runtime.internal.adaptor.EclipseAppLauncher.start(Ljava/lang/Object;)Ljava/lang/Object;+79
j  org.eclipse.core.runtime.adaptor.EclipseStarter.run(Ljava/lang/Object;)Ljava/lang/Object;+99
j  org.eclipse.core.runtime.adaptor.EclipseStarter.run([Ljava/lang/String;Ljava/lang/Runnable;)Ljava/lang/Object;+132
j  java.lang.invoke.DirectMethodHandle$Holder.invokeStatic(Ljava/lang/Object;Ljava/lang/Object;Ljava/lang/Object;)Ljava/lang/Object;+11 java.base@21.0.8
j  java.lang.invoke.LambdaForm$MH+0x0000000100101800.invoke(Ljava/lang/Object;Ljava/lang/Object;Ljava/lang/Object;Ljava/lang/Object;)Ljava/lang/Object;+54 java.base@21.0.8
j  java.lang.invoke.LambdaForm$MH+0x0000000100101c00.invokeExact_MT(Ljava/lang/Object;Ljava/lang/Object;Ljava/lang/Object;Ljava/lang/Object;Ljava/lang/Object;)Ljava/lang/Object;+22 java.base@21.0.8
j  jdk.internal.reflect.DirectMethodHandleAccessor.invokeImpl(Ljava/lang/Object;[Ljava/lang/Object;)Ljava/lang/Object;+72 java.base@21.0.8
j  jdk.internal.reflect.DirectMethodHandleAccessor.invoke(Ljava/lang/Object;[Ljava/lang/Object;)Ljava/lang/Object;+23 java.base@21.0.8
j  java.lang.reflect.Method.invoke(Ljava/lang/Object;[Ljava/lang/Object;)Ljava/lang/Object;+102 java.base@21.0.8
j  org.eclipse.equinox.launcher.Main.invokeFramework([Ljava/lang/String;[Ljava/net/URL;)V+155
j  org.eclipse.equinox.launcher.Main.basicRun([Ljava/lang/String;)V+191
j  org.eclipse.equinox.launcher.Main.run([Ljava/lang/String;)I+4
j  org.eclipse.equinox.launcher.Main.main([Ljava/lang/String;)V+10
v  ~StubRoutines::call_stub 0x000078c2f405fcc6

siginfo: si_signo: 11 (SIGSEGV), si_code: 1 (SEGV_MAPERR), si_addr: 0x0000000000000030

Registers:
RAX=0x0000000000000000, RBX=0x000078c3032706d0, RCX=0x0000000000000002, RDX=0x0000000000000001
RSP=0x000078c305ffd120, RBP=0x000078c305ffd180, RSI=0x0000000000000002, RDI=0x000078c3032706d0
R8 =0x0000000000000000, R9 =0x0000000000000007, R10=0x000078c3033081d0, R11=0x166f2a4291d2476b
R12=0x000078c3032706e0, R13=0x000078c3033801e0, R14=0x000078c3032706dc, R15=0x0000000000000000
RIP=0x000078c2ffe9261a, EFLAGS=0x0000000000010206, CSGSFS=0x002b000000000033, ERR=0x0000000000000004
  TRAPNO=0x000000000000000e

XMM[0]=0x000078c30019e910 0x000078c30002e550
XMM[1]=0x000078c30002ec90 0x000078c30002ec50
XMM[2]=0x000078c305ffcce9 0x000078c305ffcca8
XMM[3]=0x0000000000000000 0x000078c305ffcce9
XMM[4]=0x0000000000000000 0x000078c30002e550
XMM[5]=0x000078c2b629b3b0 0x000078c2b6296130
XMM[6]=0x000078c3004587c0 0x0000000000000000
XMM[7]=0x000a007b00200064 0x0065007400630065
XMM[8]=0x00690077000a000a 0x007d000a003b0029
XMM[9]=0x0000000000000000 0x0000000000000010
XMM[10]=0x0000000000000000 0x0000000000000008
XMM[11]=0x0000000000000000 0x00000000c0d21b50
XMM[12]=0x0000000000000000 0x00000000c0d21b50
XMM[13]=0x0000000000000000 0x0000000000000000
XMM[14]=0x0000000000000000 0x0000000000000010
XMM[15]=0x0000000000000000 0x0000000000000000
  MXCSR=0x00001fa7


Register to memory mapping:

RAX=0x0 is null
RBX=0x000078c3032706d0 points into unknown readable memory: 0x0000000000000000 | 00 00 00 00 00 00 00 00
RCX=0x0000000000000002 is an unknown value
RDX=0x0000000000000001 is an unknown value
RSP=0x000078c305ffd120 is pointing into the stack for thread: 0x000078c30002e550
RBP=0x000078c305ffd180 is pointing into the stack for thread: 0x000078c30002e550
RSI=0x0000000000000002 is an unknown value
RDI=0x000078c3032706d0 points into unknown readable memory: 0x0000000000000000 | 00 00 00 00 00 00 00 00
R8 =0x0 is null
R9 =0x0000000000000007 is an unknown value
R10=0x000078c3033081d0 points into unknown readable memory: 0x000078c48f2f61a8 | a8 61 2f 8f c4 78 00 00
R11=0x166f2a4291d2476b is an unknown value
R12=0x000078c3032706e0 points into unknown readable memory: 0x0000000000000000 | 00 00 00 00 00 00 00 00
R13=0x000078c3033801e0 points into unknown readable memory: 0x000078c30232f670 | 70 f6 32 02 c3 78 00 00
R14=0x000078c3032706dc points into unknown readable memory: 00 00 00 00
R15=0x0 is null

Top of Stack: (sp=0x000078c305ffd120)
0x000078c305ffd120:   000078c300a82ed0 000078c300a82ed0
0x000078c305ffd130:   000078c3032706d0 00000000032706d0
0x000078c305ffd140:   000078c3018a0d00 883ee56cf7ee5a00
0x000078c305ffd150:   000078c305ffd160 000078c300a82ed0
0x000078c305ffd160:   000078c3032706d0 000078c3018a0d00
0x000078c305ffd170:   0000000000000000 0000000000000000
0x000078c305ffd180:   000078c305ffd1d0 000078c2b657d338
0x000078c305ffd190:   000078c305ffd1d0 00000000ffe8f96d
0x000078c305ffd1a0:   000078c3018a0f6c 000078c300a82ed0
0x000078c305ffd1b0:   000078c2b657d1c0 000078c300392150
0x000078c305ffd1c0:   000078c3018a0f60 000078c305ffd2c0
0x000078c305ffd1d0:   000078c305ffd220 000078c2ffe81cf7
0x000078c305ffd1e0:   0000003000000020 000078c305ffd540
0x000078c305ffd1f0:   000078c305ffd480 883ee56cf7ee5a00
0x000078c305ffd200:   000078c305ffd460 000078c300392150
0x000078c305ffd210:   000000000000009a 0000000000000000
0x000078c305ffd220:   000078c305ffd410 000078c2ffea36bd
0x000078c305ffd230:   000078c300392180 000078c2ffea2871
0x000078c305ffd240:   0000000000000000 000078c305ffd460
0x000078c305ffd250:   000000000000009a 00000f01018a0f60
0x000078c305ffd260:   0000000000000000 000078c2ffed0110
0x000078c305ffd270:   0000000000000000 000078c300392180
0x000078c305ffd280:   0000000000000004 000078c3018a0f60
0x000078c305ffd290:   0000000000000000 0000000000000004
0x000078c305ffd2a0:   0000000040000002 0000000100020001
0x000078c305ffd2b0:   0000000000000004 000078c305ffd980
0x000078c305ffd2c0:   000078c305ffd5d0 000078c3018a0f60
0x000078c305ffd2d0:   000000000000009a 0000000100020002
0x000078c305ffd2e0:   000078c3003b0cc0 0000000000000004
0x000078c305ffd2f0:   000000070000009a 000078c3003b0cc0
0x000078c305ffd300:   000078c2b663e8aa 000078c3003c0404
0x000078c305ffd310:   000078c300392180 0000000000000004 

Instructions: (pc=0x000078c2ffe9261a)
0x000078c2ffe9251a:   00 00 00 0f 85 59 01 00 00 48 83 c4 38 48 8d 15
0x000078c2ffe9252a:   f7 43 02 00 48 8d 35 e3 ca 02 00 5b 48 8d 3d d8
0x000078c2ffe9253a:   1a 02 00 41 5c 41 5d 41 5e 41 5f 5d e9 05 b6 fe
0x000078c2ffe9254a:   ff 0f 1f 44 00 00 4c 8d 73 0c be 03 00 00 00 4c
0x000078c2ffe9255a:   89 f7 e8 af b4 fe ff 48 8d 75 c0 48 89 df e8 33
0x000078c2ffe9256a:   b8 ff ff 49 89 c5 8b 45 bc 8d 50 ff f0 41 0f b1
0x000078c2ffe9257a:   14 24 74 1a be 03 00 00 00 4c 89 f7 89 45 bc e8
0x000078c2ffe9258a:   92 b9 fe ff e9 56 ff ff ff 0f 1f 44 00 00 be 03
0x000078c2ffe9259a:   00 00 00 4c 89 f7 e8 7b b9 fe ff 4d 85 ed 0f 84
0x000078c2ffe925aa:   fa fe ff ff 48 8b 7d c0 ba 01 00 00 00 48 89 de
0x000078c2ffe925ba:   41 ff d5 e9 e6 fe ff ff 0f 84 b9 00 00 00 45 31
0x000078c2ffe925ca:   ed 41 8b 06 83 e0 10 89 c2 0f 85 7f 00 00 00 b8
0x000078c2ffe925da:   01 00 00 00 f0 41 0f b1 14 24 8b 35 12 db 03 00
0x000078c2ffe925ea:   4c 8d 63 10 31 c9 31 d2 4c 89 e7 e8 36 b3 fe ff
0x000078c2ffe925fa:   48 89 df e8 3e fc 00 00 8b 35 f0 da 03 00 31 c9
0x000078c2ffe9260a:   31 d2 4c 89 e7 e8 1c b3 fe ff 48 8b 03 48 89 df
0x000078c2ffe9261a:   ff 50 30 48 89 df e8 db 57 01 00 e9 7e fe ff ff
0x000078c2ffe9262a:   66 0f 1f 44 00 00 48 8d 15 61 42 02 00 48 8d 35
0x000078c2ffe9263a:   da c9 02 00 48 8d 3d d0 19 02 00 e8 06 b5 fe ff
0x000078c2ffe9264a:   e9 59 fe ff ff 4c 8d 7d bc e9 f8 fd ff ff 4c 8d
0x000078c2ffe9265a:   7d bc ba 01 00 00 00 48 89 df 4c 89 fe e8 44 b9
0x000078c2ffe9266a:   ff ff 85 c0 0f 85 70 ff ff ff 8b 45 bc e9 88 fd
0x000078c2ffe9267a:   ff ff e8 1f b4 fe ff 4c 8d 7d bc e9 cb fd ff ff
0x000078c2ffe9268a:   66 0f 1f 44 00 00 f3 0f 1e fa 55 be 50 00 00 00
0x000078c2ffe9269a:   48 89 e5 41 54 53 48 89 fb e8 a8 86 01 00 85 c0
0x000078c2ffe926aa:   74 34 8b 43 08 85 c0 7e 4d 48 89 df e8 75 d2 ff
0x000078c2ffe926ba:   ff 48 8b 03 48 89 df ff 50 28 8b 43 0c a8 10 75
0x000078c2ffe926ca:   45 48 89 df 5b 41 5c 5d e9 a9 fc ff ff 66 0f 1f
0x000078c2ffe926da:   84 00 00 00 00 00 48 8d 15 3e 42 02 00 5b 48 8d
0x000078c2ffe926ea:   35 31 cd 02 00 48 8d 3d 1f 19 02 00 41 5c 5d e9
0x000078c2ffe926fa:   52 b4 fe ff 66 90 48 8d 15 29 74 02 00 eb de 0f
0x000078c2ffe9270a:   1f 80 00 00 00 00 8b 35 de d9 03 00 48 8d 7b 10 


Stack slot to memory mapping:

stack at sp + 0 slots: 0x000078c300a82ed0 points into unknown readable memory: 0x000078c300ca3ed0 | d0 3e ca 00 c3 78 00 00
stack at sp + 1 slots: 0x000078c300a82ed0 points into unknown readable memory: 0x000078c300ca3ed0 | d0 3e ca 00 c3 78 00 00
stack at sp + 2 slots: 0x000078c3032706d0 points into unknown readable memory: 0x0000000000000000 | 00 00 00 00 00 00 00 00
stack at sp + 3 slots: 0x00000000032706d0 is an unknown value
stack at sp + 4 slots: 0x000078c3018a0d00 points into unknown readable memory: 0x000078c301b0b4d0 | d0 b4 b0 01 c3 78 00 00
stack at sp + 5 slots: 0x883ee56cf7ee5a00 is an unknown value
stack at sp + 6 slots: 0x000078c305ffd160 is pointing into the stack for thread: 0x000078c30002e550
stack at sp + 7 slots: 0x000078c300a82ed0 points into unknown readable memory: 0x000078c300ca3ed0 | d0 3e ca 00 c3 78 00 00


Compiled method (c1) 153564 14485       3       org.eclipse.swt.widgets.Control::forceFocus (77 bytes)
 total in heap  [0x000078c2ed5f3c10,0x000078c2ed5f5210] = 5632
 relocation     [0x000078c2ed5f3d68,0x000078c2ed5f3ef0] = 392
 main code      [0x000078c2ed5f3f00,0x000078c2ed5f4d68] = 3688
 stub code      [0x000078c2ed5f4d68,0x000078c2ed5f4e58] = 240
 oops           [0x000078c2ed5f4e58,0x000078c2ed5f4e70] = 24
 metadata       [0x000078c2ed5f4e70,0x000078c2ed5f4ee0] = 112
 scopes data    [0x000078c2ed5f4ee0,0x000078c2ed5f5020] = 320
 scopes pcs     [0x000078c2ed5f5020,0x000078c2ed5f51d0] = 432
 dependencies   [0x000078c2ed5f51d0,0x000078c2ed5f51e8] = 24
 nul chk table  [0x000078c2ed5f51e8,0x000078c2ed5f5210] = 40

[Constant Pool (empty)]

[MachCode]
[Entry Point]
  # {method} {0x000078c2c9522038} 'forceFocus' '()Z' in 'org/eclipse/swt/widgets/Control'
  #           [sp+0xc0]  (sp of caller)
  0x000078c2ed5f3f00: 448b 5608 | 49c1 e203 

  0x000078c2ed5f3f08: ;   {runtime_call ic_miss_stub}
  0x000078c2ed5f3f08: 4c3b d00f | 856f 91ab | 0666 6666 | 0f1f 8400 | 0000 0000 | 6666 6690 
[Verified Entry Point]
  0x000078c2ed5f3f20: 8984 2400 | c0fe ff55 | 4881 ecb0 | 0000 0090 | 4181 7f20 | 3700 0000 

  0x000078c2ed5f3f38: ;   {runtime_call StubRoutines (final stubs)}
  0x000078c2ed5f3f38: 7405 e8e1 | f4a9 0648 | 89b4 2488 

  0x000078c2ed5f3f44: ;   {metadata(method data for {method} {0x000078c2c9522038} 'forceFocus' '()Z' in 'org/eclipse/swt/widgets/Control')}
  0x000078c2ed5f3f44: 0000 0048 | bf08 21f4 | a0c1 7800 | 008b 9ff4 | 0000 0083 | c302 899f | f400 0000 | 81e3 fe07 
  0x000078c2ed5f3f64: 0000 85db | 0f84 000c | 0000 488b 

  0x000078c2ed5f3f70: ;   {metadata(method data for {method} {0x000078c2c9522038} 'forceFocus' '()Z' in 'org/eclipse/swt/widgets/Control')}
  0x000078c2ed5f3f70: fe48 bb08 | 21f4 a0c1 | 7800 008b | 7f08 48c1 | e703 483b | bb48 0100 | 0075 0d48 | 8383 5001 
  0x000078c2ed5f3f90: 0000 01e9 | 6000 0000 | 483b bb58 | 0100 0075 | 0d48 8383 | 6001 0000 | 01e9 4a00 | 0000 4883 
  0x000078c2ed5f3fb0: bb48 0100 | 0000 7517 | 4889 bb48 | 0100 0048 | c783 5001 | 0000 0100 | 0000 e929 | 0000 0048 
  0x000078c2ed5f3fd0: 83bb 5801 | 0000 0075 | 1748 89bb | 5801 0000 | 48c7 8360 | 0100 0001 | 0000 00e9 | 0800 0000 
  0x000078c2ed5f3ff0: 4883 8338 | 0100 0001 | 488b fe48 

  0x000078c2ed5f3ffc: ;   {optimized virtual_call}
  0x000078c2ed5f3ffc: 8bf7 90e8 

  0x000078c2ed5f4000: ; ImmutableOopMap {[136]=Oop }
                      ;*invokevirtual checkWidget {reexecute=0 rethrow=0 return_oop=0}
                      ; - org.eclipse.swt.widgets.Control::forceFocus@1 (line 2892)
  0x000078c2ed5f4000: 3ca0 2c07 

  0x000078c2ed5f4004: ;   {other}
  0x000078c2ed5f4004: 0f1f 8400 | f403 0000 | 488b b424 | 8800 0000 | 8b7e 1c8b | bf0c 0200 | 0083 ff10 

  0x000078c2ed5f4020: ;   {metadata(method data for {method} {0x000078c2c9522038} 'forceFocus' '()Z' in 'org/eclipse/swt/widgets/Control')}
  0x000078c2ed5f4020: 48bf 0821 | f4a0 c178 | 0000 48c7 | c380 0100 | 0074 0748 | c7c3 7001 | 0000 488b | 041f 488d 
  0x000078c2ed5f4040: 4001 4889 | 041f 0f84 | 070b 0000 

  0x000078c2ed5f404c: ;   {metadata(method data for {method} {0x000078c2c9522038} 'forceFocus' '()Z' in 'org/eclipse/swt/widgets/Control')}
  0x000078c2ed5f404c: 488b fe48 | bb08 21f4 | a0c1 7800 | 008b 7f08 | 48c1 e703 | 483b bba0 | 0100 0075 | 0d48 8383 
  0x000078c2ed5f406c: a801 0000 | 01e9 6000 | 0000 483b | bbb0 0100 | 0075 0d48 | 8383 b801 | 0000 01e9 | 4a00 0000 
  0x000078c2ed5f408c: 4883 bba0 | 0100 0000 | 7517 4889 | bba0 0100 | 0048 c783 | a801 0000 | 0100 0000 | e929 0000 
  0x000078c2ed5f40ac: 0048 83bb | b001 0000 | 0075 1748 | 89bb b001 | 0000 48c7 | 83b8 0100 | 0001 0000 | 00e9 0800 
  0x000078c2ed5f40cc: 0000 4883 | 8390 0100 

  0x000078c2ed5f40d4: ;   {metadata(method data for {method} {0x000078c2c9523720} 'getShell' '()Lorg/eclipse/swt/widgets/Shell;' in 'org/eclipse/swt/widgets/Control')}
  0x000078c2ed5f40d4: 0001 48bf | 58f6 20cb | c278 0000 | 8b9f f400 | 0000 83c3 | 0289 9ff4 | 0000 0081 | e3fe ff1f 
  0x000078c2ed5f40f4: 0085 db0f | 8497 0a00 | 0048 8bfe 

  0x000078c2ed5f4100: ;   {metadata(method data for {method} {0x000078c2c9523720} 'getShell' '()Lorg/eclipse/swt/widgets/Shell;' in 'org/eclipse/swt/widgets/Control')}
  0x000078c2ed5f4100: 48bb 58f6 | 20cb c278 | 0000 8b7f | 0848 c1e7 | 0348 3bbb | 4801 0000 | 750d 4883 | 8350 0100 
  0x000078c2ed5f4120: 0001 e960 | 0000 0048 | 3bbb 5801 | 0000 750d | 4883 8360 | 0100 0001 | e94a 0000 | 0048 83bb 
  0x000078c2ed5f4140: 4801 0000 | 0075 1748 | 89bb 4801 | 0000 48c7 | 8350 0100 | 0001 0000 | 00e9 2900 | 0000 4883 
  0x000078c2ed5f4160: bb58 0100 | 0000 7517 | 4889 bb58 | 0100 0048 | c783 6001 | 0000 0100 | 0000 e908 | 0000 0048 
  0x000078c2ed5f4180: 8383 3801 | 0000 0148 | 8bfe 488b 

  0x000078c2ed5f418c: ;   {optimized virtual_call}
  0x000078c2ed5f418c: f766 90e8 

  0x000078c2ed5f4190: ; ImmutableOopMap {[136]=Oop }
                      ;*invokevirtual checkWidget {reexecute=0 rethrow=0 return_oop=0}
                      ; - org.eclipse.swt.widgets.Control::getShell@1 (line 3301)
                      ; - org.eclipse.swt.widgets.Control::forceFocus@19 (line 2894)
  0x000078c2ed5f4190: ac9e 2c07 

  0x000078c2ed5f4194: ;   {other}
  0x000078c2ed5f4194: 0f1f 8400 | 8405 0001 | 488b b424 | 8800 0000 

  0x000078c2ed5f41a4: ;   {metadata(method data for {method} {0x000078c2c9523720} 'getShell' '()Lorg/eclipse/swt/widgets/Shell;' in 'org/eclipse/swt/widgets/Control')}
  0x000078c2ed5f41a4: 48bf 58f6 | 20cb c278 | 0000 8b76 | 0848 c1e6 | 0348 3bb7 | 8001 0000 | 750d 4883 | 8788 0100 
  0x000078c2ed5f41c4: 0001 e960 | 0000 0048 | 3bb7 9001 | 0000 750d | 4883 8798 | 0100 0001 | e94a 0000 | 0048 83bf 
  0x000078c2ed5f41e4: 8001 0000 | 0075 1748 | 89b7 8001 | 0000 48c7 | 8788 0100 | 0001 0000 | 00e9 2900 | 0000 4883 
  0x000078c2ed5f4204: bf90 0100 | 0000 7517 | 4889 b790 | 0100 0048 | c787 9801 | 0000 0100 | 0000 e908 | 0000 0048 
  0x000078c2ed5f4224: 8387 7001 | 0000 0148 | 8bb4 2488 | 0000 0066 | 9048 b8ff | ffff ffff 

  0x000078c2ed5f423c: ;   {virtual_call}
  0x000078c2ed5f423c: ffff ffe8 

  0x000078c2ed5f4240: ; ImmutableOopMap {[136]=Oop }
                      ;*invokevirtual _getShell {reexecute=0 rethrow=0 return_oop=0}
                      ; - org.eclipse.swt.widgets.Control::getShell@5 (line 3302)
                      ; - org.eclipse.swt.widgets.Control::forceFocus@19 (line 2894)
  0x000078c2ed5f4240: 8c1d d706 

  0x000078c2ed5f4244: ;   {other}
  0x000078c2ed5f4244: 0f1f 8400 | 3406 0002 | 4889 8424 | 9000 0000 

  0x000078c2ed5f4254: ; implicit exception: dispatches to 0x000078c2ed5f4bb5
  0x000078c2ed5f4254: 483b 0048 

  0x000078c2ed5f4258: ;   {metadata(method data for {method} {0x000078c2c9522038} 'forceFocus' '()Z' in 'org/eclipse/swt/widgets/Control')}
  0x000078c2ed5f4258: 8bf0 48bf | 0821 f4a0 | c178 0000 | 8b76 0848 | c1e6 0348 | 3bb7 d801 | 0000 750d | 4883 87e0 
  0x000078c2ed5f4278: 0100 0001 | e960 0000 | 0048 3bb7 | e801 0000 | 750d 4883 | 87f0 0100 | 0001 e94a | 0000 0048 
  0x000078c2ed5f4298: 83bf d801 | 0000 0075 | 1748 89b7 | d801 0000 | 48c7 87e0 | 0100 0001 | 0000 00e9 | 2900 0000 
  0x000078c2ed5f42b8: 4883 bfe8 | 0100 0000 | 7517 4889 | b7e8 0100 | 0048 c787 | f001 0000 | 0100 0000 | e908 0000 
  0x000078c2ed5f42d8: 0048 8387 | c801 0000 

  0x000078c2ed5f42e0: ;   {metadata(method data for {method} {0x000078c2c9555818} 'setSavedFocus' '(Lorg/eclipse/swt/widgets/Control;)V' in 'org/eclipse/swt/widgets/Decorations')}
  0x000078c2ed5f42e0: 0148 be28 | 25f4 a0c1 | 7800 008b | bef4 0000 | 0083 c702 | 89be f400 | 0000 81e7 | feff 1f00 
  0x000078c2ed5f4300: 85ff 0f84 | b208 0000 | 488b b424 | 8800 0000 

  0x000078c2ed5f4310: ;   {metadata(method data for {method} {0x000078c2c9555818} 'setSavedFocus' '(Lorg/eclipse/swt/widgets/Control;)V' in 'org/eclipse/swt/widgets/Decorations')}
  0x000078c2ed5f4310: 483b c648 | bf28 25f4 | a0c1 7800 | 0048 c7c3 | 4801 0000 | 7407 48c7 | c338 0100 | 0048 8b14 
  0x000078c2ed5f4330: 1f48 8d52 | 0148 8914 | 1f0f 842b | 0000 0041 | 0fbe 7f40 | 85ff 0f85 | 8f08 0000 | 4c8b d644 
  0x000078c2ed5f4350: 8990 4c01 | 0000 488b | f848 33fe | 48c1 ef14 | 4883 ff00 | 0f85 8f08 | 0000 488b 

  0x000078c2ed5f436c: ;   {metadata(method data for {method} {0x000078c2c9522038} 'forceFocus' '()Z' in 'org/eclipse/swt/widgets/Control')}
  0x000078c2ed5f436c: fe48 bb08 | 21f4 a0c1 | 7800 008b | 7f08 48c1 | e703 483b | bb10 0200 | 0075 0d48 | 8383 1802 
  0x000078c2ed5f438c: 0000 01e9 | 6000 0000 | 483b bb20 | 0200 0075 | 0d48 8383 | 2802 0000 | 01e9 4a00 | 0000 4883 
  0x000078c2ed5f43ac: bb10 0200 | 0000 7517 | 4889 bb10 | 0200 0048 | c783 1802 | 0000 0100 | 0000 e929 | 0000 0048 
  0x000078c2ed5f43cc: 83bb 2002 | 0000 0075 | 1748 89bb | 2002 0000 | 48c7 8328 | 0200 0001 | 0000 00e9 | 0800 0000 
  0x000078c2ed5f43ec: 4883 8300 | 0200 0001 | 488b fe48 | 8bf7 6666 | 9048 b8ff | ffff ffff 

  0x000078c2ed5f4404: ;   {virtual_call}
  0x000078c2ed5f4404: ffff ffe8 

  0x000078c2ed5f4408: ; ImmutableOopMap {[136]=Oop [144]=Oop }
                      ;*invokevirtual isEnabled {reexecute=0 rethrow=0 return_oop=0}
                      ; - org.eclipse.swt.widgets.Control::forceFocus@29 (line 2896)
  0x000078c2ed5f4408: fca0 db06 

  0x000078c2ed5f440c: ;   {other}
  0x000078c2ed5f440c: 0f1f 8400 | fc07 0003 

  0x000078c2ed5f4414: ;   {metadata(method data for {method} {0x000078c2c9522038} 'forceFocus' '()Z' in 'org/eclipse/swt/widgets/Control')}
  0x000078c2ed5f4414: 85c0 48be | 0821 f4a0 | c178 0000 | 48c7 c738 | 0200 0074 | 0748 c7c7 | 4802 0000 | 488b 1c3e 
  0x000078c2ed5f4434: 488d 5b01 | 4889 1c3e | 0f84 f606 | 0000 488b | b424 8800 

  0x000078c2ed5f4448: ;   {metadata(method data for {method} {0x000078c2c9522038} 'forceFocus' '()Z' in 'org/eclipse/swt/widgets/Control')}
  0x000078c2ed5f4448: 0000 48bf | 0821 f4a0 | c178 0000 | 8b76 0848 | c1e6 0348 | 3bb7 6802 | 0000 750d | 4883 8770 
  0x000078c2ed5f4468: 0200 0001 | e960 0000 | 0048 3bb7 | 7802 0000 | 750d 4883 | 8780 0200 | 0001 e94a | 0000 0048 
  0x000078c2ed5f4488: 83bf 6802 | 0000 0075 | 1748 89b7 | 6802 0000 | 48c7 8770 | 0200 0001 | 0000 00e9 | 2900 0000 
  0x000078c2ed5f44a8: 4883 bf78 | 0200 0000 | 7517 4889 | b778 0200 | 0048 c787 | 8002 0000 | 0100 0000 | e908 0000 
  0x000078c2ed5f44c8: 0048 8387 | 5802 0000 | 0148 8bb4 | 2488 0000 | 000f 1f40 | 0048 b8ff | ffff ffff 

  0x000078c2ed5f44e4: ;   {virtual_call}
  0x000078c2ed5f44e4: ffff ffe8 

  0x000078c2ed5f44e8: ; ImmutableOopMap {[136]=Oop [144]=Oop }
                      ;*invokevirtual isVisible {reexecute=0 rethrow=0 return_oop=0}
                      ; - org.eclipse.swt.widgets.Control::forceFocus@36 (line 2896)
  0x000078c2ed5f44e8: 6ca0 db06 

  0x000078c2ed5f44ec: ;   {other}
  0x000078c2ed5f44ec: 0f1f 8400 | dc08 0004 

  0x000078c2ed5f44f4: ;   {metadata(method data for {method} {0x000078c2c9522038} 'forceFocus' '()Z' in 'org/eclipse/swt/widgets/Control')}
  0x000078c2ed5f44f4: 85c0 48be | 0821 f4a0 | c178 0000 | 48c7 c7a0 | 0200 0074 | 0748 c7c7 | 9002 0000 | 488b 1c3e 
  0x000078c2ed5f4514: 488d 5b01 | 4889 1c3e | 0f84 1606 | 0000 488b | b424 8800 | 0000 8b7e | 1c48 3b07 

  0x000078c2ed5f4530: ;   {metadata(method data for {method} {0x000078c2c9522038} 'forceFocus' '()Z' in 'org/eclipse/swt/widgets/Control')}
  0x000078c2ed5f4530: 488b df48 | ba08 21f4 | a0c1 7800 

  0x000078c2ed5f453c: ;   {metadata('org/eclipse/swt/widgets/Display')}
  0x000078c2ed5f453c: 0049 bad0 | 6c27 0001 | 0000 004c | 8992 c002 | 0000 4883 | 82c8 0200 

  0x000078c2ed5f4554: ;   {metadata(method data for {method} {0x000078c2c95fa668} 'getActiveShell' '()Lorg/eclipse/swt/widgets/Shell;' in 'org/eclipse/swt/widgets/Display')}
  0x000078c2ed5f4554: 0001 48bb | 60b6 90cb | c278 0000 | 8b93 f400 | 0000 83c2 | 0289 93f4 | 0000 0081 | e2fe ff1f 
  0x000078c2ed5f4574: 0085 d20f | 8499 0600 | 0048 8bdf 

  0x000078c2ed5f4580: ;   {metadata(method data for {method} {0x000078c2c95fa668} 'getActiveShell' '()Lorg/eclipse/swt/widgets/Shell;' in 'org/eclipse/swt/widgets/Display')}
  0x000078c2ed5f4580: 48ba 60b6 | 90cb c278 | 0000 4883 | 8250 0100 | 0001 488b | f748 89bc | 2498 0000 

  0x000078c2ed5f459c: ;   {optimized virtual_call}
  0x000078c2ed5f459c: 0066 90e8 

  0x000078c2ed5f45a0: ; ImmutableOopMap {[136]=Oop [144]=Oop [152]=Oop }
                      ;*invokevirtual checkDevice {reexecute=0 rethrow=0 return_oop=0}
                      ; - org.eclipse.swt.widgets.Display::getActiveShell@1 (line 1778)
                      ; - org.eclipse.swt.widgets.Control::forceFocus@48 (line 2897)
  0x000078c2ed5f45a0: 9c70 6a07 

  0x000078c2ed5f45a4: ;   {other}
  0x000078c2ed5f45a4: 0f1f 8400 | 9409 0005 | 488b bc24 | 9800 0000 | 8bb7 f402 | 0000 488b | 8424 9000 | 0000 483b 
  0x000078c2ed5f45c4: ;   {metadata(method data for {method} {0x000078c2c9522038} 'forceFocus' '()Z' in 'org/eclipse/swt/widgets/Control')}
  0x000078c2ed5f45c4: f048 be08 | 21f4 a0c1 | 7800 0048 | c7c7 e802 | 0000 7407 | 48c7 c7f8 | 0200 0048 | 8b1c 3e48 
  0x000078c2ed5f45e4: 8d5b 0148 | 891c 3e0f | 846c 0300 

  0x000078c2ed5f45f0: ;   {metadata(method data for {method} {0x000078c2c9522038} 'forceFocus' '()Z' in 'org/eclipse/swt/widgets/Control')}
  0x000078c2ed5f45f0: 0048 be08 | 21f4 a0c1 | 7800 0048 | 8386 0803 

  0x000078c2ed5f4600: ;   {metadata(method data for {method} {0x000078c2c9609960} 'isActivateShellOnForceFocus' '()Z' in 'org/eclipse/swt/widgets/Display')}
  0x000078c2ed5f4600: 0000 0148 | bec8 26f4 | a0c1 7800 | 008b bef4 | 0000 0083 | c702 89be | f400 0000 | 81e7 feff 
  0x000078c2ed5f4620: 1f00 85ff | 0f84 0d06 

  0x000078c2ed5f4628: ;   {metadata(method data for {method} {0x000078c2c9609960} 'isActivateShellOnForceFocus' '()Z' in 'org/eclipse/swt/widgets/Display')}
  0x000078c2ed5f4628: 0000 48be | c826 f4a0 | c178 0000 | 4883 8638 | 0100 0001 

  0x000078c2ed5f463c: ;   {metadata(method data for {method} {0x000078c2c80294c8} 'getProperty' '(Ljava/lang/String;Ljava/lang/String;)Ljava/lang/String;' in 'java/lang/System')}
  0x000078c2ed5f463c: 48be 4800 | d4a0 c178 | 0000 8bbe | f400 0000 | 83c7 0289 | bef4 0000 | 0081 e7fe | ff1f 0085 
  0x000078c2ed5f465c: ff0f 84f5 

  0x000078c2ed5f4660: ;   {metadata(method data for {method} {0x000078c2c80294c8} 'getProperty' '(Ljava/lang/String;Ljava/lang/String;)Ljava/lang/String;' in 'java/lang/System')}
  0x000078c2ed5f4660: 0500 0048 | be48 00d4 | a0c1 7800 | 0048 8386 | 3801 0000 

  0x000078c2ed5f4674: ;   {oop("org.eclipse.swt.internal.activateShellOnForceFocus"{0x00000000c27a8050})}
  0x000078c2ed5f4674: 0148 be50 | 807a c200 

  0x000078c2ed5f467c: ;   {static_call}
  0x000078c2ed5f467c: 0000 00e8 

  0x000078c2ed5f4680: ; ImmutableOopMap {[136]=Oop [144]=Oop }
                      ;*invokestatic checkKey {reexecute=0 rethrow=0 return_oop=0}
                      ; - java.lang.System::getProperty@1
                      ; - org.eclipse.swt.widgets.Display::isActivateShellOnForceFocus@9 (line 6306)
                      ; - org.eclipse.swt.widgets.Control::forceFocus@55 (line 2897)
  0x000078c2ed5f4680: fc92 ab06 

  0x000078c2ed5f4684: ;   {other}
  0x000078c2ed5f4684: 0f1f 8400 | 740a 0006 

  0x000078c2ed5f468c: ;   {metadata(method data for {method} {0x000078c2c80294c8} 'getProperty' '(Ljava/lang/String;Ljava/lang/String;)Ljava/lang/String;' in 'java/lang/System')}
  0x000078c2ed5f468c: 48ba 4800 | d4a0 c178 | 0000 4883 | 8248 0100 

  0x000078c2ed5f469c: ;   {metadata(method data for {method} {0x000078c2c8028e40} 'getSecurityManager' '()Ljava/lang/SecurityManager;' in 'java/lang/System')}
  0x000078c2ed5f469c: 0001 48ba | 808f 44c8 | c278 0000 | 8bb2 f400 | 0000 83c6 | 0289 b2f4 | 0000 0081 | e6fe ff1f 
  0x000078c2ed5f46bc: 0085 f60f | 84b4 0500 

  0x000078c2ed5f46c4: ;   {metadata(method data for {method} {0x000078c2c8028e40} 'getSecurityManager' '()Ljava/lang/SecurityManager;' in 'java/lang/System')}
  0x000078c2ed5f46c4: 0048 ba80 | 8f44 c8c2 | 7800 0048 | 8382 3801 

  0x000078c2ed5f46d4: ;   {metadata(method data for {method} {0x000078c2c80283c8} 'allowSecurityManager' '()Z' in 'java/lang/System')}
  0x000078c2ed5f46d4: 0000 0148 | ba20 9144 | c8c2 7800 | 008b b2f4 | 0000 0083 | c602 89b2 | f400 0000 | 81e6 feff 
  0x000078c2ed5f46f4: 1f00 85f6 | 0f84 9c05 

  0x000078c2ed5f46fc: ;   {metadata(method data for {method} {0x000078c2c80283c8} 'allowSecurityManager' '()Z' in 'java/lang/System')}
  0x000078c2ed5f46fc: 0000 48ba | 2091 44c8 | c278 0000 | ff82 3801 

  0x000078c2ed5f470c: ;   {metadata(method data for {method} {0x000078c2c8028e40} 'getSecurityManager' '()Ljava/lang/SecurityManager;' in 'java/lang/System')}
  0x000078c2ed5f470c: 0000 48ba | 808f 44c8 | c278 0000 | ff82 4801 

  0x000078c2ed5f471c: ;   {metadata(method data for {method} {0x000078c2c80294c8} 'getProperty' '(Ljava/lang/String;Ljava/lang/String;)Ljava/lang/String;' in 'java/lang/System')}
  0x000078c2ed5f471c: 0000 48ba | 4800 d4a0 | c178 0000 | ff82 5801 

  0x000078c2ed5f472c: ;   {oop(a 'java/lang/Class'{0x00000000c05754e8} = 'java/lang/System')}
  0x000078c2ed5f472c: 0000 48ba | e854 57c0 | 0000 0000 | 8bb2 9000 | 0000 483b | 0648 8bd6 

  0x000078c2ed5f4744: ;   {metadata(method data for {method} {0x000078c2c80294c8} 'getProperty' '(Ljava/lang/String;Ljava/lang/String;)Ljava/lang/String;' in 'java/lang/System')}
  0x000078c2ed5f4744: 48bf 4800 | d4a0 c178 | 0000 8b52 | 0848 c1e2 | 0348 3b97 | c001 0000 | 750d 4883 | 87c8 0100 
  0x000078c2ed5f4764: 0001 e960 | 0000 0048 | 3b97 d001 | 0000 750d | 4883 87d8 | 0100 0001 | e94a 0000 | 0048 83bf 
  0x000078c2ed5f4784: c001 0000 | 0075 1748 | 8997 c001 | 0000 48c7 | 87c8 0100 | 0001 0000 | 00e9 2900 | 0000 4883 
  0x000078c2ed5f47a4: bfd0 0100 | 0000 7517 | 4889 97d0 | 0100 0048 | c787 d801 | 0000 0100 | 0000 e908 | 0000 0048 
  0x000078c2ed5f47c4: 8387 b001 

  0x000078c2ed5f47c8: ;   {metadata(method data for {method} {0x000078c2c8055b58} 'getProperty' '(Ljava/lang/String;Ljava/lang/String;)Ljava/lang/String;' in 'java/util/Properties')}
  0x000078c2ed5f47c8: 0000 0148 | ba08 1afc | cbc2 7800 | 008b baf4 | 0000 0083 | c702 89ba | f400 0000 | 81e7 feff 
  0x000078c2ed5f47e8: 1f00 85ff | 0f84 ce04 | 0000 488b 

  0x000078c2ed5f47f4: ;   {metadata(method data for {method} {0x000078c2c8055b58} 'getProperty' '(Ljava/lang/String;Ljava/lang/String;)Ljava/lang/String;' in 'java/util/Properties')}
  0x000078c2ed5f47f4: d648 bf08 | 1afc cbc2 | 7800 008b | 5208 48c1 | e203 483b | 9748 0100 | 0075 0d48 | 8387 5001 
  0x000078c2ed5f4814: 0000 01e9 | 6000 0000 | 483b 9758 | 0100 0075 | 0d48 8387 | 6001 0000 | 01e9 4a00 | 0000 4883 
  0x000078c2ed5f4834: bf48 0100 | 0000 7517 | 4889 9748 | 0100 0048 | c787 5001 | 0000 0100 | 0000 e929 | 0000 0048 
  0x000078c2ed5f4854: 83bf 5801 | 0000 0075 | 1748 8997 | 5801 0000 | 48c7 8760 | 0100 0001 | 0000 00e9 | 0800 0000 
  0x000078c2ed5f4874: 4883 8738 | 0100 0001 

  0x000078c2ed5f487c: ;   {oop("org.eclipse.swt.internal.activateShellOnForceFocus"{0x00000000c27a8050})}
  0x000078c2ed5f487c: 48ba 5080 | 7ac2 0000 | 0000 0f1f | 8000 0000 | 0048 b8ff | ffff ffff 

  0x000078c2ed5f4894: ;   {virtual_call}
  0x000078c2ed5f4894: ffff ffe8 

  0x000078c2ed5f4898: ; ImmutableOopMap {[136]=Oop [144]=Oop }
                      ;*invokevirtual getProperty {reexecute=0 rethrow=0 return_oop=0}
                      ; - java.util.Properties::getProperty@2
                      ; - java.lang.System::getProperty@22
                      ; - org.eclipse.swt.widgets.Display::isActivateShellOnForceFocus@9 (line 6306)
                      ; - org.eclipse.swt.widgets.Control::forceFocus@55 (line 2897)
  0x000078c2ed5f4898: e48d ab06 

  0x000078c2ed5f489c: ;   {other}
  0x000078c2ed5f489c: 0f1f 8400 | 8c0c 0007 

  0x000078c2ed5f48a4: ;   {metadata(method data for {method} {0x000078c2c8055b58} 'getProperty' '(Ljava/lang/String;Ljava/lang/String;)Ljava/lang/String;' in 'java/util/Properties')}
  0x000078c2ed5f48a4: 4885 c048 | ba08 1afc | cbc2 7800 | 0048 c7c6 | 7001 0000 | 7507 48c7 | c680 0100 | 0048 8b3c 
  0x000078c2ed5f48c4: 3248 8d7f | 0148 893c | 320f 851a 

  0x000078c2ed5f48d0: ;   {metadata(method data for {method} {0x000078c2c8055b58} 'getProperty' '(Ljava/lang/String;Ljava/lang/String;)Ljava/lang/String;' in 'java/util/Properties')}
  0x000078c2ed5f48d0: 0000 0048 | ba08 1afc | cbc2 7800 | 00ff 8290 

  0x000078c2ed5f48e0: ;   {oop("true"{0x00000000c0392c10})}
  0x000078c2ed5f48e0: 0100 0048 | b810 2c39 | c000 0000 

  0x000078c2ed5f48ec: ;   {oop("true"{0x00000000c0392c10})}
  0x000078c2ed5f48ec: 0048 ba10 | 2c39 c000 

  0x000078c2ed5f48f4: ;   {metadata(method data for {method} {0x000078c2c9609960} 'isActivateShellOnForceFocus' '()Z' in 'org/eclipse/swt/widgets/Display')}
  0x000078c2ed5f48f4: 0000 0048 | bec8 26f4 | a0c1 7800 | 0048 8386 | 4801 0000 | 0148 8bd0 

  0x000078c2ed5f490c: ;   {oop("true"{0x00000000c0392c10})}
  0x000078c2ed5f490c: 48be 102c | 39c0 0000 

  0x000078c2ed5f4914: ;   {optimized virtual_call}
  0x000078c2ed5f4914: 0000 90e8 

  0x000078c2ed5f4918: ; ImmutableOopMap {[136]=Oop [144]=Oop }
                      ;*invokevirtual equals {reexecute=0 rethrow=0 return_oop=0}
                      ; - org.eclipse.swt.widgets.Display::isActivateShellOnForceFocus@12 (line 6306)
                      ; - org.eclipse.swt.widgets.Control::forceFocus@55 (line 2897)
  0x000078c2ed5f4918: 648a ab06 

  0x000078c2ed5f491c: ;   {other}
  0x000078c2ed5f491c: 0f1f 8400 | 0c0d 0008 | 83e0 0185 

  0x000078c2ed5f4928: ;   {metadata(method data for {method} {0x000078c2c9522038} 'forceFocus' '()Z' in 'org/eclipse/swt/widgets/Control')}
  0x000078c2ed5f4928: c048 ba08 | 21f4 a0c1 | 7800 0048 | c7c6 2803 | 0000 7407 | 48c7 c618 | 0300 0048 | 8b3c 3248 
  0x000078c2ed5f4948: 8d7f 0148 | 893c 320f | 84c8 0100 | 0048 8b84 | 2490 0000 | 0048 8bd0 

  0x000078c2ed5f4960: ;   {metadata(method data for {method} {0x000078c2c9522038} 'forceFocus' '()Z' in 'org/eclipse/swt/widgets/Control')}
  0x000078c2ed5f4960: 48bf 0821 | f4a0 c178 

  0x000078c2ed5f4968: ;   {metadata('org/eclipse/swt/widgets/Shell')}
  0x000078c2ed5f4968: 0000 49ba | 0098 2700 | 0100 0000 | 4c89 9748 | 0300 0048 | 8387 5003 | 0000 01ba | 0000 0000 
  0x000078c2ed5f4988: 488b f00f 

  0x000078c2ed5f498c: ;   {optimized virtual_call}
  0x000078c2ed5f498c: 1f40 00e8 

  0x000078c2ed5f4990: ; ImmutableOopMap {[136]=Oop }
                      ;*invokevirtual bringToTop {reexecute=0 rethrow=0 return_oop=0}
                      ; - org.eclipse.swt.widgets.Control::forceFocus@65 (line 2898)
  0x000078c2ed5f4990: 4904 0000 

  0x000078c2ed5f4994: ;   {other}
  0x000078c2ed5f4994: 0f1f 8400 | 840d 0009 | 488b b424 | 8800 0000 

  0x000078c2ed5f49a4: ;   {metadata(method data for {method} {0x000078c2c9522038} 'forceFocus' '()Z' in 'org/eclipse/swt/widgets/Control')}
  0x000078c2ed5f49a4: 48bf 0821 | f4a0 c178 | 0000 8b76 | 0848 c1e6 | 0348 3bb7 | 8003 0000 | 750d 4883 | 8788 0300 
  0x000078c2ed5f49c4: 0001 e960 | 0000 0048 | 3bb7 9003 | 0000 750d | 4883 8798 | 0300 0001 | e94a 0000 | 0048 83bf 
  0x000078c2ed5f49e4: 8003 0000 | 0075 1748 | 89b7 8003 | 0000 48c7 | 8788 0300 | 0001 0000 | 00e9 2900 | 0000 4883 
  0x000078c2ed5f4a04: bf90 0300 | 0000 7517 | 4889 b790 | 0300 0048 | c787 9803 | 0000 0100 | 0000 e908 | 0000 0048 
  0x000078c2ed5f4a24: 8387 7003 | 0000 0148 | 8bb4 2488 | 0000 0066 | 9048 b8ff | ffff ffff 

  0x000078c2ed5f4a3c: ;   {virtual_call}
  0x000078c2ed5f4a3c: ffff ffe8 

  0x000078c2ed5f4a40: ; ImmutableOopMap {[136]=Oop }
                      ;*invokevirtual focusHandle {reexecute=0 rethrow=0 return_oop=0}
                      ; - org.eclipse.swt.widgets.Control::forceFocus@70 (line 2899)
  0x000078c2ed5f4a40: a47d df06 

  0x000078c2ed5f4a44: ;   {other}
  0x000078c2ed5f4a44: 0f1f 8400 | 340e 000a | 488b b424 | 8800 0000 

  0x000078c2ed5f4a54: ;   {metadata(method data for {method} {0x000078c2c9522038} 'forceFocus' '()Z' in 'org/eclipse/swt/widgets/Control')}
  0x000078c2ed5f4a54: 48ba 0821 | f4a0 c178 | 0000 8b76 | 0848 c1e6 | 0348 3bb2 | b803 0000 | 750d 4883 | 82c0 0300 
  0x000078c2ed5f4a74: 0001 e960 | 0000 0048 | 3bb2 c803 | 0000 750d | 4883 82d0 | 0300 0001 | e94a 0000 | 0048 83ba 
  0x000078c2ed5f4a94: b803 0000 | 0075 1748 | 89b2 b803 | 0000 48c7 | 82c0 0300 | 0001 0000 | 00e9 2900 | 0000 4883 
  0x000078c2ed5f4ab4: bac8 0300 | 0000 7517 | 4889 b2c8 | 0300 0048 | c782 d003 | 0000 0100 | 0000 e908 | 0000 0048 
  0x000078c2ed5f4ad4: 8382 a803 | 0000 0148 | 8bd0 488b | b424 8800 | 0000 0f1f | 8000 0000 | 0048 b8ff | ffff ffff 
  0x000078c2ed5f4af4: ;   {virtual_call}
  0x000078c2ed5f4af4: ffff ffe8 

  0x000078c2ed5f4af8: ; ImmutableOopMap {}
                      ;*invokevirtual forceFocus {reexecute=0 rethrow=0 return_oop=0}
                      ; - org.eclipse.swt.widgets.Control::forceFocus@73 (line 2899)
  0x000078c2ed5f4af8: ec83 df06 

  0x000078c2ed5f4afc: ;   {other}
  0x000078c2ed5f4afc: 0f1f 8400 | ec0e 000b | 83e0 0148 | 81c4 b000 

  0x000078c2ed5f4b0c: ;   {poll_return}
  0x000078c2ed5f4b0c: 0000 5d49 | 3ba7 4804 | 0000 0f87 | c501 0000 | c3b8 0000 | 0000 4881 | c4b0 0000 

  0x000078c2ed5f4b28: ;   {poll_return}
  0x000078c2ed5f4b28: 005d 493b | a748 0400 | 000f 87c0 | 0100 00c3 | b800 0000 | 0048 81c4 | b000 0000 

  0x000078c2ed5f4b44: ;   {poll_return}
  0x000078c2ed5f4b44: 5d49 3ba7 | 4804 0000 | 0f87 bb01 | 0000 c3b8 | 0000 0000 | 4881 c4b0 | 0000 005d 

  0x000078c2ed5f4b60: ;   {poll_return}
  0x000078c2ed5f4b60: 493b a748 | 0400 000f | 87b6 0100 

  0x000078c2ed5f4b6c: ;   {metadata({method} {0x000078c2c9522038} 'forceFocus' '()Z' in 'org/eclipse/swt/widgets/Control')}
  0x000078c2ed5f4b6c: 00c3 49ba | 3820 52c9 | c278 0000 | 4c89 5424 | 0848 c704 | 24ff ffff 

  0x000078c2ed5f4b84: ;   {runtime_call counter_overflow Runtime1 stub}
  0x000078c2ed5f4b84: ffe8 76bb 

  0x000078c2ed5f4b88: ; ImmutableOopMap {rsi=Oop [136]=Oop }
                      ;*synchronization entry
                      ; - org.eclipse.swt.widgets.Control::forceFocus@-1 (line 2892)
  0x000078c2ed5f4b88: b706 e9df 

  0x000078c2ed5f4b8c: ;   {runtime_call throw_null_pointer_exception Runtime1 stub}
  0x000078c2ed5f4b8c: f3ff ffe8 

  0x000078c2ed5f4b90: ; ImmutableOopMap {rsi=Oop [136]=Oop }
                      ;*getfield focusEvent {reexecute=1 rethrow=0 return_oop=0}
                      ; - (reexecute) org.eclipse.swt.widgets.Control::forceFocus@8 (line 2893)
  0x000078c2ed5f4b90: 6c6c b706 

  0x000078c2ed5f4b94: ;   {metadata({method} {0x000078c2c9523720} 'getShell' '()Lorg/eclipse/swt/widgets/Shell;' in 'org/eclipse/swt/widgets/Control')}
  0x000078c2ed5f4b94: 49ba 2037 | 52c9 c278 | 0000 4c89 | 5424 0848 | c704 24ff 

  0x000078c2ed5f4ba8: ;   {runtime_call counter_overflow Runtime1 stub}
  0x000078c2ed5f4ba8: ffff ffe8 

  0x000078c2ed5f4bac: ; ImmutableOopMap {rsi=Oop [136]=Oop }
                      ;*synchronization entry
                      ; - org.eclipse.swt.widgets.Control::getShell@-1 (line 3301)
                      ; - org.eclipse.swt.widgets.Control::forceFocus@19 (line 2894)
  0x000078c2ed5f4bac: 50bb b706 | e948 f5ff 

  0x000078c2ed5f4bb4: ;   {runtime_call throw_null_pointer_exception Runtime1 stub}
  0x000078c2ed5f4bb4: ffe8 466c 

  0x000078c2ed5f4bb8: ; ImmutableOopMap {rax=Oop [136]=Oop [144]=Oop }
                      ;*invokevirtual setSavedFocus {reexecute=0 rethrow=0 return_oop=0}
                      ; - org.eclipse.swt.widgets.Control::forceFocus@25 (line 2895)
                      ;   {metadata({method} {0x000078c2c9555818} 'setSavedFocus' '(Lorg/eclipse/swt/widgets/Control;)V' in 'org/eclipse/swt/widgets/Decorations')}
  0x000078c2ed5f4bb8: b706 49ba | 1858 55c9 | c278 0000 | 4c89 5424 | 0848 c704 | 24ff ffff 

  0x000078c2ed5f4bd0: ;   {runtime_call counter_overflow Runtime1 stub}
  0x000078c2ed5f4bd0: ffe8 2abb 

  0x000078c2ed5f4bd4: ; ImmutableOopMap {rax=Oop [136]=Oop [144]=Oop }
                      ;*synchronization entry
                      ; - org.eclipse.swt.widgets.Decorations::setSavedFocus@-1 (line 752)
                      ; - org.eclipse.swt.widgets.Control::forceFocus@25 (line 2895)
  0x000078c2ed5f4bd4: b706 e92d | f7ff ff8b | b84c 0100 | 0048 83ff | 000f 8461 | f7ff ff48 

  0x000078c2ed5f4bec: ;   {runtime_call g1_pre_barrier_slow}
  0x000078c2ed5f4bec: 893c 24e8 | 0cc1 b706 | e953 f7ff | ff48 83fe | 000f 8467 | f7ff ff48 

  0x000078c2ed5f4c04: ;   {runtime_call g1_post_barrier_slow}
  0x000078c2ed5f4c04: 8904 24e8 | f4c3 b706 | e959 f7ff 

  0x000078c2ed5f4c10: ;   {runtime_call throw_null_pointer_exception Runtime1 stub}
  0x000078c2ed5f4c10: ffe8 ea6b 

  0x000078c2ed5f4c14: ; ImmutableOopMap {rsi=Oop rdi=Oop [136]=Oop [144]=Oop }
                      ;*invokevirtual getActiveShell {reexecute=0 rethrow=0 return_oop=0}
                      ; - org.eclipse.swt.widgets.Control::forceFocus@48 (line 2897)
                      ;   {metadata({method} {0x000078c2c95fa668} 'getActiveShell' '()Lorg/eclipse/swt/widgets/Shell;' in 'org/eclipse/swt/widgets/Display')}
  0x000078c2ed5f4c14: b706 49ba | 68a6 5fc9 | c278 0000 | 4c89 5424 | 0848 c704 | 24ff ffff 

  0x000078c2ed5f4c2c: ;   {runtime_call counter_overflow Runtime1 stub}
  0x000078c2ed5f4c2c: ffe8 ceba 

  0x000078c2ed5f4c30: ; ImmutableOopMap {rsi=Oop rdi=Oop [136]=Oop [144]=Oop }
                      ;*synchronization entry
                      ; - org.eclipse.swt.widgets.Display::getActiveShell@-1 (line 1778)
                      ; - org.eclipse.swt.widgets.Control::forceFocus@48 (line 2897)
  0x000078c2ed5f4c30: b706 e946 

  0x000078c2ed5f4c34: ;   {metadata({method} {0x000078c2c9609960} 'isActivateShellOnForceFocus' '()Z' in 'org/eclipse/swt/widgets/Display')}
  0x000078c2ed5f4c34: f9ff ff49 | ba60 9960 | c9c2 7800 | 004c 8954 | 2408 48c7 | 0424 ffff 

  0x000078c2ed5f4c4c: ;   {runtime_call counter_overflow Runtime1 stub}
  0x000078c2ed5f4c4c: ffff e8ad 

  0x000078c2ed5f4c50: ; ImmutableOopMap {[136]=Oop [144]=Oop }
                      ;*synchronization entry
                      ; - org.eclipse.swt.widgets.Display::isActivateShellOnForceFocus@-1 (line 6306)
                      ; - org.eclipse.swt.widgets.Control::forceFocus@55 (line 2897)
  0x000078c2ed5f4c50: bab7 06e9 | d2f9 ffff 

  0x000078c2ed5f4c58: ;   {metadata({method} {0x000078c2c80294c8} 'getProperty' '(Ljava/lang/String;Ljava/lang/String;)Ljava/lang/String;' in 'java/lang/System')}
  0x000078c2ed5f4c58: 49ba c894 | 02c8 c278 | 0000 4c89 | 5424 0848 | c704 24ff 

  0x000078c2ed5f4c6c: ;   {runtime_call counter_overflow Runtime1 stub}
  0x000078c2ed5f4c6c: ffff ffe8 

  0x000078c2ed5f4c70: ; ImmutableOopMap {[136]=Oop [144]=Oop }
                      ;*synchronization entry
                      ; - java.lang.System::getProperty@-1
                      ; - org.eclipse.swt.widgets.Display::isActivateShellOnForceFocus@9 (line 6306)
                      ; - org.eclipse.swt.widgets.Control::forceFocus@55 (line 2897)
  0x000078c2ed5f4c70: 8cba b706 | e9ea f9ff 

  0x000078c2ed5f4c78: ;   {metadata({method} {0x000078c2c8028e40} 'getSecurityManager' '()Ljava/lang/SecurityManager;' in 'java/lang/System')}
  0x000078c2ed5f4c78: ff49 ba40 | 8e02 c8c2 | 7800 004c | 8954 2408 | 48c7 0424 | ffff ffff 

  0x000078c2ed5f4c90: ;   {runtime_call counter_overflow Runtime1 stub}
  0x000078c2ed5f4c90: e86b bab7 

  0x000078c2ed5f4c94: ; ImmutableOopMap {[136]=Oop [144]=Oop }
                      ;*synchronization entry
                      ; - java.lang.System::getSecurityManager@-1
                      ; - java.lang.System::getProperty@4
                      ; - org.eclipse.swt.widgets.Display::isActivateShellOnForceFocus@9 (line 6306)
                      ; - org.eclipse.swt.widgets.Control::forceFocus@55 (line 2897)
  0x000078c2ed5f4c94: 06e9 2bfa 

  0x000078c2ed5f4c98: ;   {metadata({method} {0x000078c2c80283c8} 'allowSecurityManager' '()Z' in 'java/lang/System')}
  0x000078c2ed5f4c98: ffff 49ba | c883 02c8 | c278 0000 | 4c89 5424 | 0848 c704 | 24ff ffff 

  0x000078c2ed5f4cb0: ;   {runtime_call counter_overflow Runtime1 stub}
  0x000078c2ed5f4cb0: ffe8 4aba 

  0x000078c2ed5f4cb4: ; ImmutableOopMap {[136]=Oop [144]=Oop }
                      ;*synchronization entry
                      ; - java.lang.System::allowSecurityManager@-1
                      ; - java.lang.System::getSecurityManager@0
                      ; - java.lang.System::getProperty@4
                      ; - org.eclipse.swt.widgets.Display::isActivateShellOnForceFocus@9 (line 6306)
                      ; - org.eclipse.swt.widgets.Control::forceFocus@55 (line 2897)
  0x000078c2ed5f4cb4: b706 e943 

  0x000078c2ed5f4cb8: ;   {runtime_call throw_null_pointer_exception Runtime1 stub}
  0x000078c2ed5f4cb8: faff ffe8 

  0x000078c2ed5f4cbc: ; ImmutableOopMap {rsi=Oop [136]=Oop [144]=Oop }
                      ;*invokevirtual getProperty {reexecute=0 rethrow=0 return_oop=0}
                      ; - java.lang.System::getProperty@22
                      ; - org.eclipse.swt.widgets.Display::isActivateShellOnForceFocus@9 (line 6306)
                      ; - org.eclipse.swt.widgets.Control::forceFocus@55 (line 2897)
  0x000078c2ed5f4cbc: 406b b706 

  0x000078c2ed5f4cc0: ;   {metadata({method} {0x000078c2c8055b58} 'getProperty' '(Ljava/lang/String;Ljava/lang/String;)Ljava/lang/String;' in 'java/util/Properties')}
  0x000078c2ed5f4cc0: 49ba 585b | 05c8 c278 | 0000 4c89 | 5424 0848 | c704 24ff 

  0x000078c2ed5f4cd4: ;   {runtime_call counter_overflow Runtime1 stub}
  0x000078c2ed5f4cd4: ffff ffe8 

  0x000078c2ed5f4cd8: ; ImmutableOopMap {rsi=Oop [136]=Oop [144]=Oop }
                      ;*synchronization entry
                      ; - java.util.Properties::getProperty@-1
                      ; - java.lang.System::getProperty@22
                      ; - org.eclipse.swt.widgets.Display::isActivateShellOnForceFocus@9 (line 6306)
                      ; - org.eclipse.swt.widgets.Control::forceFocus@55 (line 2897)
  0x000078c2ed5f4cd8: 24ba b706 | e911 fbff 

  0x000078c2ed5f4ce0: ;   {internal_word}
  0x000078c2ed5f4ce0: ff49 ba0f | 4b5f edc2 | 7800 004d | 8997 6004 

  0x000078c2ed5f4cf0: ;   {runtime_call SafepointBlob}
  0x000078c2ed5f4cf0: 0000 e909 

  0x000078c2ed5f4cf4: ;   {internal_word}
  0x000078c2ed5f4cf4: f3ab 0649 | ba2a 4b5f | edc2 7800 | 004d 8997 | 6004 0000 

  0x000078c2ed5f4d08: ;   {runtime_call SafepointBlob}
  0x000078c2ed5f4d08: e9f3 f2ab 

  0x000078c2ed5f4d0c: ;   {internal_word}
  0x000078c2ed5f4d0c: 0649 ba45 | 4b5f edc2 | 7800 004d | 8997 6004 

  0x000078c2ed5f4d1c: ;   {runtime_call SafepointBlob}
  0x000078c2ed5f4d1c: 0000 e9dd 

  0x000078c2ed5f4d20: ;   {internal_word}
  0x000078c2ed5f4d20: f2ab 0649 | ba60 4b5f | edc2 7800 | 004d 8997 | 6004 0000 

  0x000078c2ed5f4d34: ;   {runtime_call SafepointBlob}
  0x000078c2ed5f4d34: e9c7 f2ab | 0649 8b87 | f804 0000 | 49c7 87f8 | 0400 0000 | 0000 0049 | c787 0005 | 0000 0000 
  0x000078c2ed5f4d54: 0000 4881 | c4b0 0000 

  0x000078c2ed5f4d5c: ;   {runtime_call unwind_exception Runtime1 stub}
  0x000078c2ed5f4d5c: 005d e99d | 5bb7 06f4 | f4f4 f4f4 
[Stub Code]
  0x000078c2ed5f4d68: ;   {no_reloc}
  0x000078c2ed5f4d68: 0f1f 4400 

  0x000078c2ed5f4d6c: ;   {static_stub}
  0x000078c2ed5f4d6c: 0048 bb00 | 0000 0000 

  0x000078c2ed5f4d74: ;   {runtime_call nmethod}
  0x000078c2ed5f4d74: 0000 00e9 | fbff ffff 

  0x000078c2ed5f4d7c: ;   {static_stub}
  0x000078c2ed5f4d7c: 9048 bb00 | 0000 0000 

  0x000078c2ed5f4d84: ;   {runtime_call nmethod}
  0x000078c2ed5f4d84: 0000 00e9 | fbff ffff 

  0x000078c2ed5f4d8c: ;   {static_stub}
  0x000078c2ed5f4d8c: 9048 bb00 | 0000 0000 

  0x000078c2ed5f4d94: ;   {runtime_call nmethod}
  0x000078c2ed5f4d94: 0000 00e9 | fbff ffff 

  0x000078c2ed5f4d9c: ;   {static_stub}
  0x000078c2ed5f4d9c: 9048 bb00 | 0000 0000 

  0x000078c2ed5f4da4: ;   {runtime_call nmethod}
  0x000078c2ed5f4da4: 0000 00e9 | fbff ffff 

  0x000078c2ed5f4dac: ;   {static_stub}
  0x000078c2ed5f4dac: 9048 bb00 | 0000 0000 

  0x000078c2ed5f4db4: ;   {runtime_call nmethod}
  0x000078c2ed5f4db4: 0000 00e9 | fbff ffff 

  0x000078c2ed5f4dbc: ;   {static_stub}
  0x000078c2ed5f4dbc: 9048 bb00 | 0000 0000 

  0x000078c2ed5f4dc4: ;   {runtime_call nmethod}
  0x000078c2ed5f4dc4: 0000 00e9 | fbff ffff 

  0x000078c2ed5f4dcc: ;   {static_stub}
  0x000078c2ed5f4dcc: 9048 bb00 | 0000 0000 

  0x000078c2ed5f4dd4: ;   {runtime_call nmethod}
  0x000078c2ed5f4dd4: 0000 00e9 | fbff ffff 

  0x000078c2ed5f4ddc: ;   {static_stub}
  0x000078c2ed5f4ddc: 9048 bb50 | 8654 c9c2 

  0x000078c2ed5f4de4: ;   {runtime_call I2C/C2I adapters}
  0x000078c2ed5f4de4: 7800 00e9 | 71d8 ab06 

  0x000078c2ed5f4dec: ;   {static_stub}
  0x000078c2ed5f4dec: 9048 bb00 | 0000 0000 

  0x000078c2ed5f4df4: ;   {runtime_call nmethod}
  0x000078c2ed5f4df4: 0000 00e9 | fbff ffff 

  0x000078c2ed5f4dfc: ;   {static_stub}
  0x000078c2ed5f4dfc: 9048 bb00 | 0000 0000 

  0x000078c2ed5f4e04: ;   {runtime_call nmethod}
  0x000078c2ed5f4e04: 0000 00e9 | fbff ffff 

  0x000078c2ed5f4e0c: ;   {static_stub}
  0x000078c2ed5f4e0c: 48bb 0000 | 0000 0000 

  0x000078c2ed5f4e14: ;   {runtime_call nmethod}
  0x000078c2ed5f4e14: 0000 e9fb 

  0x000078c2ed5f4e18: ;   {static_stub}
  0x000078c2ed5f4e18: ffff ff48 | bb00 0000 | 0000 0000 

  0x000078c2ed5f4e24: ;   {runtime_call nmethod}
  0x000078c2ed5f4e24: 00e9 fbff 

  0x000078c2ed5f4e28: ;   {runtime_call handle_exception_from_callee Runtime1 stub}
  0x000078c2ed5f4e28: ffff e8d1 

  0x000078c2ed5f4e2c: ;   {external_word}
  0x000078c2ed5f4e2c: 87b7 0648 | bf83 1612 | 07c3 7800 | 0048 83e4 

  0x000078c2ed5f4e3c: ;   {runtime_call MacroAssembler::debug64(char*, long, long*)}
  0x000078c2ed5f4e3c: f0e8 bea9 

  0x000078c2ed5f4e40: ;   {section_word}
  0x000078c2ed5f4e40: 6019 f449 | ba43 4e5f | edc2 7800 

  0x000078c2ed5f4e4c: ;   {runtime_call DeoptimizationBlob}
  0x000078c2ed5f4e4c: 0041 52e9 | 4ce4 ab06 | f4f4 f4f4 
[/MachCode]


Compiled method (c1) 153569 14484       3       org.eclipse.swt.widgets.Composite::setFocus (52 bytes)
 total in heap  [0x000078c2edc9bc10,0x000078c2edc9c770] = 2912
 relocation     [0x000078c2edc9bd68,0x000078c2edc9be20] = 184
 main code      [0x000078c2edc9be20,0x000078c2edc9c4f0] = 1744
 stub code      [0x000078c2edc9c4f0,0x000078c2edc9c580] = 144
 oops           [0x000078c2edc9c580,0x000078c2edc9c588] = 8
 metadata       [0x000078c2edc9c588,0x000078c2edc9c5b8] = 48
 scopes data    [0x000078c2edc9c5b8,0x000078c2edc9c668] = 176
 scopes pcs     [0x000078c2edc9c668,0x000078c2edc9c748] = 224
 dependencies   [0x000078c2edc9c748,0x000078c2edc9c758] = 16
 nul chk table  [0x000078c2edc9c758,0x000078c2edc9c770] = 24

[Constant Pool (empty)]

[MachCode]
[Entry Point]
  # {method} {0x000078c2c950c780} 'setFocus' '()Z' in 'org/eclipse/swt/widgets/Composite'
  #           [sp+0x70]  (sp of caller)
  0x000078c2edc9be20: 448b 5608 | 49c1 e203 

  0x000078c2edc9be28: ;   {runtime_call ic_miss_stub}
  0x000078c2edc9be28: 4c3b d00f | 854f 1241 | 0666 6666 | 0f1f 8400 | 0000 0000 | 6666 6690 
[Verified Entry Point]
  0x000078c2edc9be40: 8984 2400 | c0fe ff55 | 4883 ec60 | 4181 7f20 | 3700 0000 

  0x000078c2edc9be54: ;   {runtime_call StubRoutines (final stubs)}
  0x000078c2edc9be54: 7405 e8c5 | 753f 0648 | 8974 2430 

  0x000078c2edc9be60: ;   {metadata(method data for {method} {0x000078c2c950c780} 'setFocus' '()Z' in 'org/eclipse/swt/widgets/Composite')}
  0x000078c2edc9be60: 48bf 281e | f4a0 c178 | 0000 8b9f | f400 0000 | 83c3 0289 | 9ff4 0000 | 0081 e3fe | 0700 0085 
  0x000078c2edc9be80: db0f 84a4 | 0500 0048 

  0x000078c2edc9be88: ;   {metadata(method data for {method} {0x000078c2c950c780} 'setFocus' '()Z' in 'org/eclipse/swt/widgets/Composite')}
  0x000078c2edc9be88: 8bfe 48bb | 281e f4a0 | c178 0000 | 8b7f 0848 | c1e7 0348 | 3bbb 4801 | 0000 750d | 4883 8350 
  0x000078c2edc9bea8: 0100 0001 | e960 0000 | 0048 3bbb | 5801 0000 | 750d 4883 | 8360 0100 | 0001 e94a | 0000 0048 
  0x000078c2edc9bec8: 83bb 4801 | 0000 0075 | 1748 89bb | 4801 0000 | 48c7 8350 | 0100 0001 | 0000 00e9 | 2900 0000 
  0x000078c2edc9bee8: 4883 bb58 | 0100 0000 | 7517 4889 | bb58 0100 | 0048 c783 | 6001 0000 | 0100 0000 | e908 0000 
  0x000078c2edc9bf08: 0048 8383 | 3801 0000 | 0148 8bfe 

  0x000078c2edc9bf14: ;   {optimized virtual_call}
  0x000078c2edc9bf14: 488b f7e8 

  0x000078c2edc9bf18: ; ImmutableOopMap {[48]=Oop }
                      ;*invokevirtual checkWidget {reexecute=0 rethrow=0 return_oop=0}
                      ; - org.eclipse.swt.widgets.Composite::setFocus@1 (line 1663)
  0x000078c2edc9bf18: 2421 c206 

  0x000078c2edc9bf1c: ;   {other}
  0x000078c2edc9bf1c: 0f1f 8400 | 0c03 0000 | 488b 7424 

  0x000078c2edc9bf28: ;   {metadata(method data for {method} {0x000078c2c950c780} 'setFocus' '()Z' in 'org/eclipse/swt/widgets/Composite')}
  0x000078c2edc9bf28: 3048 bf28 | 1ef4 a0c1 | 7800 008b | 7608 48c1 | e603 483b | b780 0100 | 0075 0d48 | 8387 8801 
  0x000078c2edc9bf48: 0000 01e9 | 6000 0000 | 483b b790 | 0100 0075 | 0d48 8387 | 9801 0000 | 01e9 4a00 | 0000 4883 
  0x000078c2edc9bf68: bf80 0100 | 0000 7517 | 4889 b780 | 0100 0048 | c787 8801 | 0000 0100 | 0000 e929 | 0000 0048 
  0x000078c2edc9bf88: 83bf 9001 | 0000 0075 | 1748 89b7 | 9001 0000 | 48c7 8798 | 0100 0001 | 0000 00e9 | 0800 0000 
  0x000078c2edc9bfa8: 4883 8770 | 0100 0001 | 488b 7424 

  0x000078c2edc9bfb4: ;   {optimized virtual_call}
  0x000078c2edc9bfb4: 3066 90e8 

  0x000078c2edc9bfb8: ; ImmutableOopMap {[48]=Oop }
                      ;*invokevirtual _getChildren {reexecute=0 rethrow=0 return_oop=0}
                      ; - org.eclipse.swt.widgets.Composite::setFocus@5 (line 1664)
  0x000078c2edc9bfb8: 846c d706 

  0x000078c2edc9bfbc: ;   {other}
  0x000078c2edc9bfbc: 0f1f 8400 | ac03 0001 | 4889 4424 | 488b 780c | 897c 2444 

  0x000078c2edc9bfd0: ;   {metadata(method data for {method} {0x000078c2c950c780} 'setFocus' '()Z' in 'org/eclipse/swt/widgets/Composite')}
  0x000078c2edc9bfd0: 48be 281e | f4a0 c178 | 0000 ff86 | a801 0000 | bb00 0000 | 0066 6690 | 3bdf be02 | 0000 007c 
  0x000078c2edc9bff0: 05be 0000 

  0x000078c2edc9bff4: ;   {metadata(method data for {method} {0x000078c2c950c780} 'setFocus' '()Z' in 'org/eclipse/swt/widgets/Composite')}
  0x000078c2edc9bff4: 0000 48ba | 281e f4a0 | c178 0000 | 8b8a f800 | 0000 03ce | 898a f800 | 0000 85f6 | 7505 b902 
  0x000078c2edc9c014: 0000 0081 | e1fe 3f00 | 0085 c90f | 842c 0400 | 004d 8b97 

  0x000078c2edc9c028: ; ImmutableOopMap {rax=Oop [48]=Oop [72]=Oop }
                      ;*if_icmplt {reexecute=1 rethrow=0 return_oop=0}
                      ; - (reexecute) org.eclipse.swt.widgets.Composite::setFocus@44 (line 1664)
  0x000078c2edc9c028: 5004 0000 

  0x000078c2edc9c02c: ;   {poll}
  0x000078c2edc9c02c: 4185 023b 

  0x000078c2edc9c030: ;   {metadata(method data for {method} {0x000078c2c950c780} 'setFocus' '()Z' in 'org/eclipse/swt/widgets/Composite')}
  0x000078c2edc9c030: df48 be28 | 1ef4 a0c1 | 7800 0048 | c7c2 8002 | 0000 7d07 | 48c7 c270 | 0200 0048 | 8b0c 1648 
  0x000078c2edc9c050: 8d49 0148 | 890c 160f | 8dd1 0100 | 0048 63f3 | 8b54 b010 

  0x000078c2edc9c064: ; implicit exception: dispatches to 0x000078c2edc9c472
  0x000078c2edc9c064: 483b 0248 

  0x000078c2edc9c068: ;   {metadata(method data for {method} {0x000078c2c950c780} 'setFocus' '()Z' in 'org/eclipse/swt/widgets/Composite')}
  0x000078c2edc9c068: 8bf2 48b9 | 281e f4a0 | c178 0000 | 8b76 0848 | c1e6 0348 | 3bb1 d001 | 0000 750d | 4883 81d8 
  0x000078c2edc9c088: 0100 0001 | e960 0000 | 0048 3bb1 | e001 0000 | 750d 4883 | 81e8 0100 | 0001 e94a | 0000 0048 
  0x000078c2edc9c0a8: 83b9 d001 | 0000 0075 | 1748 89b1 | d001 0000 | 48c7 81d8 | 0100 0001 | 0000 00e9 | 2900 0000 
  0x000078c2edc9c0c8: 4883 b9e0 | 0100 0000 | 7517 4889 | b1e0 0100 | 0048 c781 | e801 0000 | 0100 0000 | e908 0000 
  0x000078c2edc9c0e8: 0048 8381 | c001 0000 | 0148 8bf2 | 895c 2440 | 4889 5424 | 3848 b8ff | ffff ffff 

  0x000078c2edc9c104: ;   {virtual_call}
  0x000078c2edc9c104: ffff ffe8 

  0x000078c2edc9c108: ; ImmutableOopMap {[48]=Oop [56]=Oop [72]=Oop }
                      ;*invokevirtual getVisible {reexecute=0 rethrow=0 return_oop=0}
                      ; - org.eclipse.swt.widgets.Composite::setFocus@24 (line 1665)
  0x000078c2edc9c108: 2424 7106 

  0x000078c2edc9c10c: ;   {other}
  0x000078c2edc9c10c: 0f1f 8400 | fc04 0003 

  0x000078c2edc9c114: ;   {metadata(method data for {method} {0x000078c2c950c780} 'setFocus' '()Z' in 'org/eclipse/swt/widgets/Composite')}
  0x000078c2edc9c114: 85c0 48be | 281e f4a0 | c178 0000 | 48c7 c7f8 | 0100 0074 | 0748 c7c7 | 0802 0000 | 488b 1c3e 
  0x000078c2edc9c134: 488d 5b01 | 4889 1c3e | 0f84 d800 | 0000 488b | 5424 3848 

  0x000078c2edc9c148: ;   {metadata(method data for {method} {0x000078c2c950c780} 'setFocus' '()Z' in 'org/eclipse/swt/widgets/Composite')}
  0x000078c2edc9c148: 8bf2 48bf | 281e f4a0 | c178 0000 | 8b76 0848 | c1e6 0348 | 3bb7 2802 | 0000 750d | 4883 8730 
  0x000078c2edc9c168: 0200 0001 | e960 0000 | 0048 3bb7 | 3802 0000 | 750d 4883 | 8740 0200 | 0001 e94a | 0000 0048 
  0x000078c2edc9c188: 83bf 2802 | 0000 0075 | 1748 89b7 | 2802 0000 | 48c7 8730 | 0200 0001 | 0000 00e9 | 2900 0000 
  0x000078c2edc9c1a8: 4883 bf38 | 0200 0000 | 7517 4889 | b738 0200 | 0048 c787 | 4002 0000 | 0100 0000 | e908 0000 
  0x000078c2edc9c1c8: 0048 8387 | 1802 0000 | 0148 8bf2 | 9048 b8ff | ffff ffff 

  0x000078c2edc9c1dc: ;   {virtual_call}
  0x000078c2edc9c1dc: ffff ffe8 

  0x000078c2edc9c1e0: ; ImmutableOopMap {[48]=Oop [72]=Oop }
                      ;*invokevirtual setFocus {reexecute=0 rethrow=0 return_oop=0}
                      ; - org.eclipse.swt.widgets.Composite::setFocus@31 (line 1665)
  0x000078c2edc9c1e0: 2c0d 7506 

  0x000078c2edc9c1e4: ;   {other}
  0x000078c2edc9c1e4: 0f1f 8400 | d405 0004 

  0x000078c2edc9c1ec: ;   {metadata(method data for {method} {0x000078c2c950c780} 'setFocus' '()Z' in 'org/eclipse/swt/widgets/Composite')}
  0x000078c2edc9c1ec: 85c0 48be | 281e f4a0 | c178 0000 | 48c7 c760 | 0200 0075 | 0748 c7c7 | 5002 0000 | 488b 1c3e 
  0x000078c2edc9c20c: 488d 5b01 | 4889 1c3e | 0f85 f901 | 0000 8b5c | 2440 ffc3 | 8b7c 2444 | 488b 4424 | 48e9 bafd 
  0x000078c2edc9c22c: ffff 488b | 7424 3048 

  0x000078c2edc9c234: ;   {metadata(method data for {method} {0x000078c2c950c780} 'setFocus' '()Z' in 'org/eclipse/swt/widgets/Composite')}
  0x000078c2edc9c234: 8bfe 48bb | 281e f4a0 | c178 0000 | 4883 8390 | 0200 0001 

  0x000078c2edc9c248: ;   {metadata(method data for {method} {0x000078c2c952bcb8} 'setFocus' '()Z' in 'org/eclipse/swt/widgets/Control')}
  0x000078c2edc9c248: 48bf 201c | f4a0 c178 | 0000 8b9f | f400 0000 | 83c3 0289 | 9ff4 0000 | 0081 e3fe | ff1f 0085 
  0x000078c2edc9c268: db0f 8408 | 0200 0048 

  0x000078c2edc9c270: ;   {metadata(method data for {method} {0x000078c2c952bcb8} 'setFocus' '()Z' in 'org/eclipse/swt/widgets/Control')}
  0x000078c2edc9c270: 8bfe 48bb | 201c f4a0 | c178 0000 | 8b7f 0848 | c1e7 0348 | 3bbb 4801 | 0000 750d | 4883 8350 
  0x000078c2edc9c290: 0100 0001 | e960 0000 | 0048 3bbb | 5801 0000 | 750d 4883 | 8360 0100 | 0001 e94a | 0000 0048 
  0x000078c2edc9c2b0: 83bb 4801 | 0000 0075 | 1748 89bb | 4801 0000 | 48c7 8350 | 0100 0001 | 0000 00e9 | 2900 0000 
  0x000078c2edc9c2d0: 4883 bb58 | 0100 0000 | 7517 4889 | bb58 0100 | 0048 c783 | 6001 0000 | 0100 0000 | e908 0000 
  0x000078c2edc9c2f0: 0048 8383 | 3801 0000 | 0148 8bfe 

  0x000078c2edc9c2fc: ;   {optimized virtual_call}
  0x000078c2edc9c2fc: 488b f7e8 

  0x000078c2edc9c300: ; ImmutableOopMap {[48]=Oop }
                      ;*invokevirtual checkWidget {reexecute=0 rethrow=0 return_oop=0}
                      ; - org.eclipse.swt.widgets.Control::setFocus@1 (line 5477)
                      ; - org.eclipse.swt.widgets.Composite::setFocus@48 (line 1667)
  0x000078c2edc9c300: 3c1d c206 

  0x000078c2edc9c304: ;   {other}
  0x000078c2edc9c304: 0f1f 8400 | f406 0005 | 488b 7424 | 308b 7e0c | 81e7 0000 | 0800 85ff 

  0x000078c2edc9c31c: ;   {metadata(method data for {method} {0x000078c2c952bcb8} 'setFocus' '()Z' in 'org/eclipse/swt/widgets/Control')}
  0x000078c2edc9c31c: 48bf 201c | f4a0 c178 | 0000 48c7 | c370 0100 | 0074 0748 | c7c3 8001 | 0000 488b | 041f 488d 
  0x000078c2edc9c33c: 4001 4889 | 041f 0f84 | 0a00 0000 | be00 0000 | 00e9 a800 | 0000 488b 

  0x000078c2edc9c354: ;   {metadata(method data for {method} {0x000078c2c952bcb8} 'setFocus' '()Z' in 'org/eclipse/swt/widgets/Control')}
  0x000078c2edc9c354: fe48 bb20 | 1cf4 a0c1 | 7800 008b | 7f08 48c1 | e703 483b | bba0 0100 | 0075 0d48 | 8383 a801 
  0x000078c2edc9c374: 0000 01e9 | 6000 0000 | 483b bbb0 | 0100 0075 | 0d48 8383 | b801 0000 | 01e9 4a00 | 0000 4883 
  0x000078c2edc9c394: bba0 0100 | 0000 7517 | 4889 bba0 | 0100 0048 | c783 a801 | 0000 0100 | 0000 e929 | 0000 0048 
  0x000078c2edc9c3b4: 83bb b001 | 0000 0075 | 1748 89bb | b001 0000 | 48c7 83b8 | 0100 0001 | 0000 00e9 | 0800 0000 
  0x000078c2edc9c3d4: 4883 8390 | 0100 0001 | 9048 b8ff | ffff ffff 

  0x000078c2edc9c3e4: ;   {virtual_call}
  0x000078c2edc9c3e4: ffff ffe8 

  0x000078c2edc9c3e8: ; ImmutableOopMap {}
                      ;*invokevirtual forceFocus {reexecute=0 rethrow=0 return_oop=0}
                      ; - org.eclipse.swt.widgets.Control::setFocus@18 (line 5479)
                      ; - org.eclipse.swt.widgets.Composite::setFocus@48 (line 1667)
  0x000078c2edc9c3e8: d40a 7506 

  0x000078c2edc9c3ec: ;   {other}
  0x000078c2edc9c3ec: 0f1f 8400 | dc07 0006 | 83e0 0148 | 8bf0 83e6 | 0148 8bc6 | 4883 c460 

  0x000078c2edc9c404: ;   {poll_return}
  0x000078c2edc9c404: 5d49 3ba7 | 4804 0000 | 0f87 8600 | 0000 c3b8 | 0100 0000 | 4883 c460 

  0x000078c2edc9c41c: ;   {poll_return}
  0x000078c2edc9c41c: 5d49 3ba7 | 4804 0000 | 0f87 8400 

  0x000078c2edc9c428: ;   {metadata({method} {0x000078c2c950c780} 'setFocus' '()Z' in 'org/eclipse/swt/widgets/Composite')}
  0x000078c2edc9c428: 0000 c349 | ba80 c750 | c9c2 7800 | 004c 8954 | 2408 48c7 | 0424 ffff 

  0x000078c2edc9c440: ;   {runtime_call counter_overflow Runtime1 stub}
  0x000078c2edc9c440: ffff e8b9 

  0x000078c2edc9c444: ; ImmutableOopMap {rsi=Oop [48]=Oop }
                      ;*synchronization entry
                      ; - org.eclipse.swt.widgets.Composite::setFocus@-1 (line 1663)
  0x000078c2edc9c444: 424d 06e9 | 3bfa ffff 

  0x000078c2edc9c44c: ;   {runtime_call throw_null_pointer_exception Runtime1 stub}
  0x000078c2edc9c44c: e8af f34c 

  0x000078c2edc9c450: ; ImmutableOopMap {rax=Oop [48]=Oop [72]=Oop }
                      ;*arraylength {reexecute=0 rethrow=0 return_oop=0}
                      ; - org.eclipse.swt.widgets.Composite::setFocus@11 (line 1664)
                      ;   {metadata({method} {0x000078c2c950c780} 'setFocus' '()Z' in 'org/eclipse/swt/widgets/Composite')}
  0x000078c2edc9c450: 0649 ba80 | c750 c9c2 | 7800 004c | 8954 2408 | 48c7 0424 | 2c00 0000 

  0x000078c2edc9c468: ;   {runtime_call counter_overflow Runtime1 stub}
  0x000078c2edc9c468: e893 424d 

  0x000078c2edc9c46c: ; ImmutableOopMap {rax=Oop [48]=Oop [72]=Oop }
                      ;*if_icmplt {reexecute=1 rethrow=0 return_oop=0}
                      ; - (reexecute) org.eclipse.swt.widgets.Composite::setFocus@44 (line 1664)
  0x000078c2edc9c46c: 06e9 b3fb 

  0x000078c2edc9c470: ;   {runtime_call throw_null_pointer_exception Runtime1 stub}
  0x000078c2edc9c470: ffff e889 

  0x000078c2edc9c474: ; ImmutableOopMap {rax=Oop rdx=Oop [48]=Oop [72]=Oop }
                      ;*invokevirtual getVisible {reexecute=0 rethrow=0 return_oop=0}
                      ; - org.eclipse.swt.widgets.Composite::setFocus@24 (line 1665)
                      ;   {metadata({method} {0x000078c2c952bcb8} 'setFocus' '()Z' in 'org/eclipse/swt/widgets/Control')}
  0x000078c2edc9c474: f34c 0649 | bab8 bc52 | c9c2 7800 | 004c 8954 | 2408 48c7 | 0424 ffff 

  0x000078c2edc9c48c: ;   {runtime_call counter_overflow Runtime1 stub}
  0x000078c2edc9c48c: ffff e86d 

  0x000078c2edc9c490: ; ImmutableOopMap {rsi=Oop [48]=Oop }
                      ;*synchronization entry
                      ; - org.eclipse.swt.widgets.Control::setFocus@-1 (line 5477)
                      ; - org.eclipse.swt.widgets.Composite::setFocus@48 (line 1667)
  0x000078c2edc9c490: 424d 06e9 | d7fd ffff 

  0x000078c2edc9c498: ;   {internal_word}
  0x000078c2edc9c498: 49ba 05c4 | c9ed c278 | 0000 4d89 | 9760 0400 

  0x000078c2edc9c4a8: ;   {runtime_call SafepointBlob}
  0x000078c2edc9c4a8: 00e9 527b 

  0x000078c2edc9c4ac: ;   {internal_word}
  0x000078c2edc9c4ac: 4106 49ba | 1dc4 c9ed | c278 0000 | 4d89 9760 

  0x000078c2edc9c4bc: ;   {runtime_call SafepointBlob}
  0x000078c2edc9c4bc: 0400 00e9 | 3c7b 4106 | 498b 87f8 | 0400 0049 | c787 f804 | 0000 0000 | 0000 49c7 | 8700 0500 
  0x000078c2edc9c4dc: 0000 0000 | 0048 83c4 

  0x000078c2edc9c4e4: ;   {runtime_call unwind_exception Runtime1 stub}
  0x000078c2edc9c4e4: 605d e915 | e44c 06f4 | f4f4 f4f4 
[Stub Code]
  0x000078c2edc9c4f0: ;   {no_reloc}
  0x000078c2edc9c4f0: 0f1f 4400 

  0x000078c2edc9c4f4: ;   {static_stub}
  0x000078c2edc9c4f4: 0048 bb00 | 0000 0000 

  0x000078c2edc9c4fc: ;   {runtime_call nmethod}
  0x000078c2edc9c4fc: 0000 00e9 | fbff ffff 

  0x000078c2edc9c504: ;   {static_stub}
  0x000078c2edc9c504: 9048 bb00 | 0000 0000 

  0x000078c2edc9c50c: ;   {runtime_call nmethod}
  0x000078c2edc9c50c: 0000 00e9 | fbff ffff 

  0x000078c2edc9c514: ;   {static_stub}
  0x000078c2edc9c514: 9048 bb00 | 0000 0000 

  0x000078c2edc9c51c: ;   {runtime_call nmethod}
  0x000078c2edc9c51c: 0000 00e9 | fbff ffff 

  0x000078c2edc9c524: ;   {static_stub}
  0x000078c2edc9c524: 9048 bb00 | 0000 0000 

  0x000078c2edc9c52c: ;   {runtime_call nmethod}
  0x000078c2edc9c52c: 0000 00e9 | fbff ffff 

  0x000078c2edc9c534: ;   {static_stub}
  0x000078c2edc9c534: 9048 bb00 | 0000 0000 

  0x000078c2edc9c53c: ;   {runtime_call nmethod}
  0x000078c2edc9c53c: 0000 00e9 | fbff ffff 

  0x000078c2edc9c544: ;   {static_stub}
  0x000078c2edc9c544: 9048 bb00 | 0000 0000 

  0x000078c2edc9c54c: ;   {runtime_call nmethod}
  0x000078c2edc9c54c: 0000 00e9 | fbff ffff 
[Exception Handler]
  0x000078c2edc9c554: ;   {runtime_call handle_exception_from_callee Runtime1 stub}
  0x000078c2edc9c554: e8a7 104d 

  0x000078c2edc9c558: ;   {external_word}
  0x000078c2edc9c558: 0648 bf83 | 1612 07c3 | 7800 0048 

  0x000078c2edc9c564: ;   {runtime_call MacroAssembler::debug64(char*, long, long*)}
  0x000078c2edc9c564: 83e4 f0e8 | 9432 f618 

  0x000078c2edc9c56c: ;   {section_word}
  0x000078c2edc9c56c: f449 ba6d | c5c9 edc2 | 7800 0041 

  0x000078c2edc9c578: ;   {runtime_call DeoptimizationBlob}
  0x000078c2edc9c578: 52e9 226d | 4106 f4f4 
[/MachCode]


Compiled method (c2) 153572 12450       4       org.eclipse.swt.widgets.Display::readAndDispatch (88 bytes)
 total in heap  [0x000078c2f4ecb490,0x000078c2f4ed00b0] = 19488
 relocation     [0x000078c2f4ecb5e8,0x000078c2f4ecb920] = 824
 main code      [0x000078c2f4ecb920,0x000078c2f4ece450] = 11056
 stub code      [0x000078c2f4ece450,0x000078c2f4ece5e0] = 400
 oops           [0x000078c2f4ece5e0,0x000078c2f4ece5f8] = 24
 metadata       [0x000078c2f4ece5f8,0x000078c2f4ece790] = 408
 scopes data    [0x000078c2f4ece790,0x000078c2f4ecf4f8] = 3432
 scopes pcs     [0x000078c2f4ecf4f8,0x000078c2f4ecfc48] = 1872
 dependencies   [0x000078c2f4ecfc48,0x000078c2f4ecfce0] = 152
 handler table  [0x000078c2f4ecfce0,0x000078c2f4ecffe0] = 768
 nul chk table  [0x000078c2f4ecffe0,0x000078c2f4ed00b0] = 208

[Constant Pool (empty)]

[MachCode]
[Entry Point]
  # {method} {0x000078c2c9602af0} 'readAndDispatch' '()Z' in 'org/eclipse/swt/widgets/Display'
  #           [sp+0x60]  (sp of caller)
  0x000078c2f4ecb920: 448b 5608 | 49c1 e203 

  0x000078c2f4ecb928: ;   {runtime_call ic_miss_stub}
  0x000078c2f4ecb928: 493b c20f | 854f 171e | ff66 6690 | 0f1f 8400 | 0000 0000 | 6666 6690 
[Verified Entry Point]
  0x000078c2f4ecb940: 8984 2400 | c0fe ff55 | 4883 ec50 | 4181 7f20 | 3700 0000 | 0f85 e82a | 0000 4889 | 7424 1044 
  0x000078c2f4ecb960: 8b96 0c03 | 0000 4585 | d20f 845e | 1900 004d | 8bda 4d8b | 8780 0300 | 004d 8b00 | 4d3b d80f 
  0x000078c2f4ecb980: 8567 1900 | 0044 0fb6 | 5643 4585 | d20f 857d | 1900 008b | 9e50 0200 | 0085 db0f | 8fd4 0c00 
  0x000078c2f4ecb9a0: 0049 ba00 | 0000 04c3 | 7800 004c | 8954 2418 | 4c8b 5424 | 1045 8baa | 1002 0000 | 4585 ed0f 
  0x000078c2f4ecb9c0: 8585 0f00 | 004c 8b54 | 2410 450f | b692 5c02 | 0000 4585 | d20f 858c | 1000 0041 | bd01 0000 
  0x000078c2f4ecb9e0: 0033 db4c | 8b54 2410 | 458b 9204 | 0400 0045 | 85d2 0f85 | 2913 0000 | 4489 6c24 | 2c89 1c24 
  0x000078c2f4ecba00: ;   {static_call}
  0x000078c2f4ecba00: c5f8 77e8 

  0x000078c2f4ecba04: ; ImmutableOopMap {[16]=Oop }
                      ;*invokestatic gtk_events_pending {reexecute=0 rethrow=0 return_oop=0}
                      ; - org.eclipse.swt.widgets.Display::readAndDispatch@48 (line 4542)
  0x000078c2f4ecba04: 3051 9dff 

  0x000078c2f4ecba08: ;   {other}
  0x000078c2f4ecba08: 0f1f 8400 | 7805 0000 | 8be8 0b2c | 2433 f690 

  0x000078c2f4ecba18: ;   {static_call}
  0x000078c2f4ecba18: c5f8 77e8 

  0x000078c2f4ecba1c: ; ImmutableOopMap {[16]=Oop }
                      ;*invokestatic gtk_main_iteration_do {reexecute=0 rethrow=0 return_oop=0}
                      ; - org.eclipse.swt.widgets.Display::readAndDispatch@54 (line 4543)
  0x000078c2f4ecba1c: 9844 d7ff 

  0x000078c2f4ecba20: ;   {other}
  0x000078c2f4ecba20: 0f1f 8400 | 9005 0001 | 85ed 0f85 | 7805 0000 | 4c8b 5424 | 1045 0fb6 | 5a43 4585 | db0f 8525 
  0x000078c2f4ecba40: 1900 0045 | 8b92 0003 | 0000 4489 | 5424 2841 | 8b5a 1085 | db0f 84d5 | 1800 004c | 8914 244c 
  0x000078c2f4ecba60: 8bc3 4c8d | 730c 458b | 2e4d 8bcd | 498b e944 | 8b55 0c45 | 85d2 0f84 | f804 0000 | 4d8b da41 
  0x000078c2f4ecba80: 807f 4000 | 0f85 7410 | 0000 4d33 | c041 8bc2 | f044 0fb1 | 450c 410f | 94c0 450f | b6c0 4585 
  0x000078c2f4ecbaa0: c00f 84ad | 1a00 0049 | 3be9 0f84 | 0e01 0000 | 8b4d 1085 | c90f 84fa | 0000 0044 | 3be9 0f84 
  0x000078c2f4ecbac0: fa00 0000 | 488b e941 | 807f 4000 | 0f85 aa15 | 0000 4c8b | c541 8bc5 | f045 0fb1 | 060f 94c3 
  0x000078c2f4ecbae0: 0fb6 db85 | db74 2c4c | 8bc5 4d8b | ce4d 33c1 | 49c1 e814 | 4d85 c074 | 1a49 c1e9 | 0948 bf00 
  0x000078c2f4ecbb00: 0000 04c3 | 7800 0049 | 03f9 803f | 020f 85d3 | 1500 0085 | db0f 84a3 | 0000 0045 

  0x000078c2f4ecbb1c: ;   {no_reloc}
  0x000078c2f4ecbb1c: 85ed 0f84 | 4c1e 0000 | 498b dd49 | 8d6d 1041 | 807f 4000 | 0f85 7215 | 0000 4489 | 6d00 4c8b 
  0x000078c2f4ecbb3c: c34c 8bcd | 4d33 c149 | c1e8 144d | 85c0 7472 | 49c1 e909 | 48bf 0000 | 0004 c378 | 0000 4903 
  0x000078c2f4ecbb5c: f980 3f02 | 745c 4d8b | 4748 4d8b | 4f58 f083 | 4424 c000 | 803f 0074 | 4944 8827 | 4d85 c075 
  0x000078c2f4ecbb7c: 294d 8beb | 458b f249 | 8bf7 c5f8 | 7749 ba00 | 237c 06c3 | 7800 0041 

  0x000078c2f4ecbb94: ;   {other}
  0x000078c2f4ecbb94: ffd2 0f1f | 8400 0000 | 0000 458b | d64d 8bdd | eb18 4b89 | 7c01 f849 | 83c0 f84d | 8947 48eb 
  0x000078c2f4ecbbb4: 094c 3bcd | 0f85 09ff | ffff 458b 

  0x000078c2f4ecbbc0: ;   {metadata('org/eclipse/swt/widgets/RunnableLock')}
  0x000078c2f4ecbbc0: 4208 4181 | f8f8 de0a | 200f 8545 | 2000 004d | 8beb 488d | 5c24 4049 | 8b45 00a8 | 020f 8524 
  0x000078c2f4ecbbe0: 0000 0048 | 83c8 0148 | 8903 f049 | 0fb1 5d00 | 0f84 3700 | 0000 482b | c448 2507 | f0ff ff48 
  0x000078c2f4ecbc00: 8903 e924 | 0000 004c | 8bd0 4833 | c0f0 4d0f | b17a 3e48 | c703 0300 | 0000 7411 | 4c3b f875 
  0x000078c2f4ecbc20: 1549 ff82 | 8600 0000 | 4833 c075 | 0949 ff87 | 4805 0000 | 33c0 0f85 | 4417 0000 | 4180 7f40 
  0x000078c2f4ecbc40: 000f 85da | 0e00 0045 | 8b5d 1044 | 8b44 2428 | 4589 5814 | 4c8b 1424 | 4d8b c34d | 33c2 49c1 
  0x000078c2f4ecbc60: e814 4d85 | c074 1f45 | 85db 741a | 49c1 ea09 | 48bf 0000 | 0004 c378 | 0000 4903 | fa80 3f02 
  0x000078c2f4ecbc80: 0f85 3e0f | 0000 448b | 5424 2841 | 8b6a 0c44 | 8b95 c402 | 0000 458b | 4210 418b | 480c 85c9 
  0x000078c2f4ecbca0: 0f86 c300 | 0000 448d | 59ff 443b | d90f 836a | 1700 0045 | 8b50 1041 | 83fa 320f | 84f0 1200 
  0x000078c2f4ecbcc0: ;   {no_reloc}
  0x000078c2f4ecbcc0: 0044 8d59 | fd41 83fb | 010f 8e79 | 1700 004c | 8bcd 498b | f8bb 0100 | 0000 8bd1 | 2bd3 83c2 
  0x000078c2f4ecbce0: fd45 33d2 | 443b db41 | 0f4c d281 | faa0 0f00 | 00be a00f | 0000 0f47 | d603 d30f | 1f44 0000 
  0x000078c2f4ecbd00: 418b 7498 | 1083 fe32 | 0f84 a312 | 0000 458b | 5498 1441 | 83fa 320f | 8494 1200 | 0041 8b74 
  0x000078c2f4ecbd20: 9818 83fe | 320f 8486 | 1200 0045 | 8b54 981c | 4183 fa32 | 0f84 7712 | 0000 83c3 | 043b da7c 
  0x000078c2f4ecbd40: bf49 8bb7 

  0x000078c2f4ecbd44: ; ImmutableOopMap {r8=NarrowOop r9=Oop rdi=Oop rbp=NarrowOop r13=Oop [0]=Oop [40]=NarrowOop }
                      ;*if_icmplt {reexecute=1 rethrow=0 return_oop=0}
                      ; - (reexecute) org.eclipse.swt.widgets.EventTable::hooks@42 (line 75)
                      ; - org.eclipse.swt.widgets.Display::sendJDKInternalEvent@12 (line 5863)
                      ; - org.eclipse.swt.widgets.Display::sendPreEvent@28 (line 5904)
                      ; - org.eclipse.swt.widgets.Synchronizer::runAsyncMessages@33 (line 130)
                      ; - org.eclipse.swt.widgets.Display::runAsyncMessages@5 (line 5084)
                      ; - org.eclipse.swt.widgets.Display::readAndDispatch@78 (line 4549)
  0x000078c2f4ecbd44: 5004 0000 

  0x000078c2f4ecbd48: ;   {poll}
  0x000078c2f4ecbd48: 8506 413b | db7c 8b3b | d97d 1690 | 458b 5c98 | 1041 83fb | 320f 844e | 1200 00ff | c33b d97c 
  0x000078c2f4ecbd68: eb45 8b5d | 0c45 85db | 0f84 0218 | 0000 4c89 | 6c24 0849 | 8bf3 c5f8 | 7748 b8c0 | e2c9 02c3 
  0x000078c2f4ecbd88: ;   {virtual_call}
  0x000078c2f4ecbd88: 7800 00e8 

  0x000078c2f4ecbd8c: ; ImmutableOopMap {rbp=NarrowOop [0]=Oop [8]=Oop [40]=NarrowOop }
                      ;*invokeinterface run {reexecute=0 rethrow=0 return_oop=0}
                      ; - org.eclipse.swt.widgets.RunnableLock::run@11 (line 40)
                      ; - org.eclipse.swt.widgets.Synchronizer::runAsyncMessages@41 (line 132)
                      ; - org.eclipse.swt.widgets.Display::runAsyncMessages@5 (line 5084)
                      ; - org.eclipse.swt.widgets.Display::readAndDispatch@78 (line 4549)
  0x000078c2f4ecbd8c: f8fa 2aff 

  0x000078c2f4ecbd90: ;   {other}
  0x000078c2f4ecbd90: 0f1f 8400 | 0009 0003 | 4180 7f40 | 000f 85b6 | 0d00 0048 | 8b6c 2408 | 4489 650c | 448b 7424 
  0x000078c2f4ecbdb0: 2845 8b56 | 0c45 0fb6 | 5a43 4585 | db0f 8535 | 1700 0045 | 8b4e 0c45 | 8b99 c402 | 0000 418b 
  0x000078c2f4ecbdd0: 7b10 8b5f | 0c85 db0f | 86d2 0000 | 0044 8d5b | ff44 3bdb | 0f83 6816 | 0000 448b | 5710 4183 
  0x000078c2f4ecbdf0: fa33 0f84 | d811 0000 | 448d 53fd | 4183 fa01 | 0f8e 6e16 | 0000 488b | d749 8bf1 | 41bb 0100 
  0x000078c2f4ecbe10: 0000 448b | c345 2bc3 | 4183 c0fd | 33c9 453b | d344 0f4c | c141 81f8 | a00f 0000 | b9a0 0f00 
  0x000078c2f4ecbe30: 0044 0f47 | c145 03c3 | 0f1f 8400 | 0000 0000 | 428b 4c9f | 1083 f933 | 0f84 8211 | 0000 428b 
  0x000078c2f4ecbe50: 4c9f 1483 | f933 0f84 | 7411 0000 | 428b 4c9f | 1883 f933 | 0f84 6611 | 0000 428b | 4c9f 1c83 
  0x000078c2f4ecbe70: f933 0f84 | 5811 0000 | 4183 c304 | 453b d87c | bf49 8b87 

  0x000078c2f4ecbe84: ; ImmutableOopMap {r9=NarrowOop rdi=NarrowOop rdx=Oop rsi=Oop rbp=Oop r14=NarrowOop [0]=Oop }
                      ;*if_icmplt {reexecute=1 rethrow=0 return_oop=0}
                      ; - (reexecute) org.eclipse.swt.widgets.EventTable::hooks@42 (line 75)
                      ; - org.eclipse.swt.widgets.Display::sendJDKInternalEvent@12 (line 5863)
                      ; - org.eclipse.swt.widgets.Display::sendPostEvent@28 (line 5912)
                      ; - org.eclipse.swt.widgets.Synchronizer::runAsyncMessages@160 (line 138)
                      ; - org.eclipse.swt.widgets.Display::runAsyncMessages@5 (line 5084)
                      ; - org.eclipse.swt.widgets.Display::readAndDispatch@78 (line 4549)
  0x000078c2f4ecbe84: 5004 0000 

  0x000078c2f4ecbe88: ;   {poll}
  0x000078c2f4ecbe88: 8500 453b | da0f 8c7f | ffff ff44 | 3bdb 7d17 | 468b 449f | 1041 83f8 | 330f 8429 | 1100 0041 
  0x000078c2f4ecbea8: ffc3 443b | db7c e941 | 807f 4000 | 0f85 d70c | 0000 4589 | 6614 488b | f566 6690 

  0x000078c2f4ecbec4: ;   {optimized virtual_call}
  0x000078c2f4ecbec4: c5f8 77e8 

  0x000078c2f4ecbec8: ; ImmutableOopMap {rbp=Oop [0]=Oop }
                      ;*invokevirtual notifyAll {reexecute=0 rethrow=0 return_oop=0}
                      ; - org.eclipse.swt.widgets.Synchronizer::runAsyncMessages@169 (line 141)
                      ; - org.eclipse.swt.widgets.Display::runAsyncMessages@5 (line 5084)
                      ; - org.eclipse.swt.widgets.Display::readAndDispatch@78 (line 4549)
  0x000078c2f4ecbec8: 6c0a 95ff 

  0x000078c2f4ecbecc: ;   {other}
  0x000078c2f4ecbecc: 0f1f 8400 | 3c0a 0005 | 488d 4424 | 4048 8338 | 000f 847b | 0000 004c | 8b55 0041 | f6c2 020f 
  0x000078c2f4ecbeec: 8462 0000 | 0049 83ba | 8600 0000 | 0074 0949 | ff8a 8600 | 0000 eb4b | 498b 8296 | 0000 0049 
  0x000078c2f4ecbf0c: 0b82 8e00 | 0000 750a | 49c7 423e | 0000 0000 | eb3e 4983 | ba9e 0000 | 0000 7422 | 4833 c049 
  0x000078c2f4ecbf2c: c742 3e00 | 0000 00f0 | 8304 2400 | 4983 ba9e | 0000 0000 | 750d f04d | 0fb1 7a3e | 7505 83c8 
  0x000078c2f4ecbf4c: 01eb 0da8 | 00eb 094c | 8b10 f04c | 0fb1 5500 | 750a 49ff | 8f48 0500 | 0045 33d2 | 0f85 8714 
  0x000078c2f4ecbf6c: 0000 8b44 | 242c eb5d | 448b 5d10 | 4585 db74 | 1e49 8bcb | 483b e90f | 8492 1700 | 004d 8b9f 
  0x000078c2f4ecbf8c: ; ImmutableOopMap {r8=Oop r14=Derived_oop_r8 r9=Oop rcx=Oop rbx=NarrowOop r13=NarrowOop [0]=Oop [40]=NarrowOop }
                      ;*goto {reexecute=1 rethrow=0 return_oop=0}
                      ; - (reexecute) java.util.concurrent.ConcurrentLinkedQueue::poll@81
                      ; - org.eclipse.swt.widgets.Synchronizer::removeFirst@4 (line 115)
                      ; - org.eclipse.swt.widgets.Synchronizer::runAsyncMessages@3 (line 125)
                      ; - org.eclipse.swt.widgets.Display::runAsyncMessages@5 (line 5084)
                      ; - org.eclipse.swt.widgets.Display::readAndDispatch@78 (line 4549)
  0x000078c2f4ecbf8c: 5004 0000 

  0x000078c2f4ecbf90: ;   {poll}
  0x000078c2f4ecbf90: 4185 0348 | 8be9 e9d4 | faff ff4c | 3bcd 0f85 | dd05 0000 | 33c0 eb29 | 33db 4c8b | 7424 1045 
  0x000078c2f4ecbfb0: 8b9e 6c02 | 0000 4585 | db75 2c41 | 807f 4000 | 0f85 6b0a | 0000 4589 | a66c 0200 | 008b 4424 
  0x000078c2f4ecbfd0: 2cc5 f877 | 4883 c450 

  0x000078c2f4ecbfd8: ;   {poll_return}
  0x000078c2f4ecbfd8: 5d49 3ba7 | 4804 0000 | 0f87 4624 | 0000 c345 | 8b4b 0c45 | 85c9 0f86 | c614 0000 | 4d8b c349 
  0x000078c2f4ecbff8: 8d73 108b | 0685 c074 | ba45 8d51 | ff45 3bca | 0f82 be15 | 0000 4585 | d20f 8cb5 | 1500 004d 
  0x000078c2f4ecc018: 63e9 4183 | f901 7430 | 4489 5424 | 0489 0424 | 498d 7b14 | 498d 55ff | c5f8 7749 | ba20 2509 
  0x000078c2f4ecc038: f4c2 7800 | 0041 ffd2 

  0x000078c2f4ecc040: ;   {other}
  0x000078c2f4ecc040: 0f1f 8400 | 0000 0000 | 8b04 2444 | 8b54 2404 | 418b ae6c | 0200 0044 | 8b5d 0c45 | 3bd3 0f83 
  0x000078c2f4ecc060: 3c15 0000 | 4180 7f40 | 000f 855e | 0e00 0046 | 8964 ad0c | 448b 5868 | c4c1 796e | cb41 8b6b 
  0x000078c2f4ecc080: 1883 e501 | 85ed 0f85 | d016 0000 | 8b68 6c85 | ed0f 8507 | 1700 0044 | 8b50 64c4 | c179 6eea 
  0x000078c2f4ecc0a0: ; implicit exception: dispatches to 0x000078c2f4ecdd60
  0x000078c2f4ecc0a0: 458b 9ac8 | 0200 00c4 | c179 6ee3 | 4585 db0f | 8417 1700 | 0044 8b58 | 0c41 83fb | 320f 8431 
  0x000078c2f4ecc0c0: 1700 0041 | 83fb 330f | 8457 1700 | 0041 83fb | 340f 847d | 1700 0041 | 83fb 350f | 84a3 1700 
  0x000078c2f4ecc0e0: 0041 8baa | c402 0000 

  0x000078c2f4ecc0e8: ; implicit exception: dispatches to 0x000078c2f4ecdddc
  0x000078c2f4ecc0e8: 8b5d 108b | 4b0c 498b | fa48 8bd0 | c4c1 797e | ca49 8bf2 | 85c9 0f86 | 1108 0000 | 448d 41ff 
  0x000078c2f4ecc108: 443b c10f | 8325 1500 | 0044 8b53 | 1041 83fa | 320f 846d | 1000 0044 | 8d51 fd41 | 83fa 010f 
  0x000078c2f4ecc128: 8e47 1500 | 00c5 f96e | d14c 8bc3 | c4c1 f96e | d841 b801 

  0x000078c2f4ecc13c: ;   {no_reloc}
  0x000078c2f4ecc13c: 0000 00c5 | f97e d141 | 2bc8 83c1 | fd45 33c9 | 453b d041 | 0f4c c981 | f9a0 0f00 | 0041 b9a0 
  0x000078c2f4ecc15c: 0f00 0041 | 0f47 c941 | 03c8 6666 | 0f1f 8400 | 0000 0000 | 468b 4c83 | 1041 83f9 | 320f 840d 
  0x000078c2f4ecc17c: 1000 0046 | 8b4c 8314 | 4183 f932 | 0f84 fe0f | 0000 468b | 4c83 1841 | 83f9 320f | 84ef 0f00 
  0x000078c2f4ecc19c: 0046 8b4c | 831c 4183 | f932 0f84 | e00f 0000 | 4183 c004 | 443b c17c | bb4d 8b8f 

  0x000078c2f4ecc1b8: ; ImmutableOopMap {rbx=NarrowOop rdi=Oop rdx=Oop rsi=Oop rax=NarrowOop r14=Oop xmm1=NarrowOop xmm3=Oop xmm4=NarrowOop xmm5=NarrowOop }
                      ;*if_icmplt {reexecute=1 rethrow=0 return_oop=0}
                      ; - (reexecute) org.eclipse.swt.widgets.EventTable::hooks@42 (line 75)
                      ; - org.eclipse.swt.widgets.Display::sendJDKInternalEvent@12 (line 5863)
                      ; - org.eclipse.swt.widgets.Display::sendPreEvent@28 (line 5904)
                      ; - org.eclipse.swt.widgets.Display::filterEvent@14 (line 1980)
                      ; - org.eclipse.swt.widgets.Widget::sendEvent@7 (line 1655)
                      ; - org.eclipse.swt.widgets.Display::runDeferredEvents@92 (line 5109)
                      ; - org.eclipse.swt.widgets.Display::readAndDispatch@63 (line 4546)
  0x000078c2f4ecc1b8: 5004 0000 

  0x000078c2f4ecc1bc: ;   {poll}
  0x000078c2f4ecc1bc: 4185 0145 | 3bc2 0f8c | 77ff ffff | c5f9 7ed1 | 443b c10f | 8c68 0300 | 004c 8974 | 2410 8944 
  0x000078c2f4ecc1dc: 2430 c5fa | 114c 2434 | c5fa 116c | 2438 4489 | 5c24 2848 | 897c 2420 | 4889 5424 | 0848 8934 
  0x000078c2f4ecc1fc: 24c4 c179 | 7ee2 498b | f248 8b54 | 2408 6690 

  0x000078c2f4ecc20c: ;   {optimized virtual_call}
  0x000078c2f4ecc20c: c5f8 77e8 

  0x000078c2f4ecc210: ; ImmutableOopMap {[0]=Oop [8]=Oop [16]=Oop [32]=Oop [48]=NarrowOop [52]=NarrowOop [56]=NarrowOop }
                      ;*invokevirtual sendEvent {reexecute=0 rethrow=0 return_oop=0}
                      ; - org.eclipse.swt.widgets.Display::filterEvent@22 (line 1982)
                      ; - org.eclipse.swt.widgets.Widget::sendEvent@7 (line 1655)
                      ; - org.eclipse.swt.widgets.Display::runDeferredEvents@92 (line 5109)
                      ; - org.eclipse.swt.widgets.Display::readAndDispatch@63 (line 4546)
  0x000078c2f4ecc210: 4c65 dfff 

  0x000078c2f4ecc214: ;   {other}
  0x000078c2f4ecc214: 0f1f 8400 | 840d 0008 | 448b 4424 | 3841 8ba8 | c402 0000 

  0x000078c2f4ecc228: ; implicit exception: dispatches to 0x000078c2f4ecde48
  0x000078c2f4ecc228: 8b7d 1044 | 8b57 0c4d | 8b9f 5004 | 0000 418d | 52fd 418d | 42ff 488b 

  0x000078c2f4ecc240: ; ImmutableOopMap {r8=NarrowOop rdi=NarrowOop rsi=Oop [0]=Oop [8]=Oop [16]=Oop [32]=Oop [48]=NarrowOop [52]=NarrowOop [56]=NarrowOop }
                      ;*if_icmplt {reexecute=1 rethrow=0 return_oop=0}
                      ; - (reexecute) org.eclipse.swt.widgets.EventTable::hooks@42 (line 75)
                      ; - org.eclipse.swt.widgets.Display::sendJDKInternalEvent@12 (line 5863)
                      ; - org.eclipse.swt.widgets.Display::sendPostEvent@28 (line 5912)
                      ; - org.eclipse.swt.widgets.Display::filterEvent@38 (line 1984)
                      ; - org.eclipse.swt.widgets.Widget::sendEvent@7 (line 1655)
                      ; - org.eclipse.swt.widgets.Display::runDeferredEvents@92 (line 5109)
                      ; - org.eclipse.swt.widgets.Display::readAndDispatch@63 (line 4546)
                      ;   {poll}
  0x000078c2f4ecc240: f741 8503 | 4585 d20f | 86c9 0000 | 0041 3bc2 | 0f83 2914 | 0000 448b | 5f10 4183 | fb33 0f84 
  0x000078c2f4ecc260: 5c0f 0000 | 83fa 010f | 8e37 1400 | 0041 bb01 | 0000 0041 | 8bda 412b | db83 c3fd | 4533 c941 
  0x000078c2f4ecc280: 3bd3 410f | 4cd9 81fb | a00f 0000 | 41b9 a00f | 0000 410f | 47d9 4103 | db0f 1f80 | 0000 0000 
  0x000078c2f4ecc2a0: 468b 4c9f | 1041 83f9 | 330f 8411 | 0f00 0046 | 8b4c 9f14 | 4183 f933 | 0f84 020f | 0000 468b 
  0x000078c2f4ecc2c0: 4c9f 1841 | 83f9 330f | 84f3 0e00 | 0046 8b4c | 9f1c 4183 | f933 0f84 | e40e 0000 | 4183 c304 
  0x000078c2f4ecc2e0: 443b db7c | bb4d 8b8f 

  0x000078c2f4ecc2e8: ; ImmutableOopMap {r8=NarrowOop rdi=NarrowOop rsi=Oop [0]=Oop [8]=Oop [16]=Oop [32]=Oop [48]=NarrowOop [52]=NarrowOop }
                      ;*if_icmplt {reexecute=1 rethrow=0 return_oop=0}
                      ; - (reexecute) org.eclipse.swt.widgets.EventTable::hooks@42 (line 75)
                      ; - org.eclipse.swt.widgets.Display::sendJDKInternalEvent@12 (line 5863)
                      ; - org.eclipse.swt.widgets.Display::sendPostEvent@28 (line 5912)
                      ; - org.eclipse.swt.widgets.Display::filterEvent@38 (line 1984)
                      ; - org.eclipse.swt.widgets.Widget::sendEvent@7 (line 1655)
                      ; - org.eclipse.swt.widgets.Display::runDeferredEvents@92 (line 5109)
                      ; - org.eclipse.swt.widgets.Display::readAndDispatch@63 (line 4546)
  0x000078c2f4ecc2e8: 5004 0000 

  0x000078c2f4ecc2ec: ;   {poll}
  0x000078c2f4ecc2ec: 4185 0144 | 3bda 0f8c | 7bff ffff | 453b da7d | 1966 6690 | 428b 4c9f | 1083 f933 | 0f84 b20e 
  0x000078c2f4ecc30c: 0000 41ff | c345 3bda | 7cea 448b | 4c24 3445 | 8b59 2045 | 85db 0f84 | e701 0000 | 448b 4c24 
  0x000078c2f4ecc32c: 3041 8b49 | 0c83 f932 | 0f84 7a15 | 0000 83f9 | 330f 8499 | 1500 0083 | f934 0f84 | b815 0000 
  0x000078c2f4ecc34c: 83f9 350f | 84d7 1500 | 0045 85d2 | 0f86 de05 | 0000 413b | c20f 8348 | 1300 008b | 5f10 83fb 
  0x000078c2f4ecc36c: 320f 846d | 0e00 0083 | fa01 0f8e | 6413 0000 | 41bd 0100 | 0000 418b | ea41 2bed | 83c5 fd45 
  0x000078c2f4ecc38c: 33f6 413b | d541 0f4c | ee81 fda0 | 0f00 00b8 | a00f 0000 | 0f47 e841 | 03ed 6666 | 0f1f 8400 
  0x000078c2f4ecc3ac: 0000 0000 | 428b 44af | 1083 f832 | 0f84 220e | 0000 428b | 44af 1483 | f832 0f84 | 140e 0000 
  0x000078c2f4ecc3cc: 428b 44af | 1883 f832 | 0f84 060e | 0000 428b | 44af 1c83 | f832 0f84 | f80d 0000 

  0x000078c2f4ecc3e8: ;   {no_reloc}
  0x000078c2f4ecc3e8: 4183 c504 | 443b ed7c | bf49 8b87 

  0x000078c2f4ecc3f4: ; ImmutableOopMap {r11=NarrowOop r8=NarrowOop r9=NarrowOop rdi=NarrowOop rsi=Oop [8]=Oop [16]=Oop [32]=Oop }
                      ;*if_icmplt {reexecute=1 rethrow=0 return_oop=0}
                      ; - (reexecute) org.eclipse.swt.widgets.EventTable::hooks@42 (line 75)
                      ; - org.eclipse.swt.widgets.Display::sendJDKInternalEvent@12 (line 5863)
                      ; - org.eclipse.swt.widgets.Display::sendPreEvent@28 (line 5904)
                      ; - org.eclipse.swt.widgets.Display::sendEvent@7 (line 5892)
                      ; - org.eclipse.swt.widgets.Widget::sendEvent@26 (line 1656)
                      ; - org.eclipse.swt.widgets.Display::runDeferredEvents@92 (line 5109)
                      ; - org.eclipse.swt.widgets.Display::readAndDispatch@63 (line 4546)
  0x000078c2f4ecc3f4: 5004 0000 

  0x000078c2f4ecc3f8: ;   {poll}
  0x000078c2f4ecc3f8: 8500 443b | ea0f 8c7f | ffff ff45 | 3bea 0f8c | 0d01 0000 | 4489 4424 | 1889 4c24 | 1c49 8bf3 
  0x000078c2f4ecc418: 488b 5424 | 0866 6690 

  0x000078c2f4ecc420: ;   {optimized virtual_call}
  0x000078c2f4ecc420: c5f8 77e8 

  0x000078c2f4ecc424: ; ImmutableOopMap {[16]=Oop [24]=NarrowOop [32]=Oop }
                      ;*invokevirtual sendEvent {reexecute=0 rethrow=0 return_oop=0}
                      ; - org.eclipse.swt.widgets.Display::sendEvent@12 (line 5894)
                      ; - org.eclipse.swt.widgets.Widget::sendEvent@26 (line 1656)
                      ; - org.eclipse.swt.widgets.Display::runDeferredEvents@92 (line 5109)
                      ; - org.eclipse.swt.widgets.Display::readAndDispatch@63 (line 4546)
  0x000078c2f4ecc424: 3863 dfff 

  0x000078c2f4ecc428: ;   {other}
  0x000078c2f4ecc428: 0f1f 8400 | 980f 000c | 8b5c 2418 | 8bab c402 | 0000 448b | 4d10 418b | 490c 85c9 | 0f86 c500 
  0x000078c2f4ecc448: 0000 448d | 51ff 443b | d10f 8394 | 1200 0045 | 8b59 1041 | 83fb 330f | 84a7 0d00 | 0044 8d51 
  0x000078c2f4ecc468: fd41 83fa | 010f 8e9d | 1200 0049 | 8bd1 41bb | 0100 0000 | 8bf1 412b | f383 c6fd | 33ff 453b 
  0x000078c2f4ecc488: d30f 4cf7 | 81fe a00f | 0000 bfa0 | 0f00 000f | 47f7 4103 | f366 6690 | 478b 4499 | 1041 83f8 
  0x000078c2f4ecc4a8: 330f 845d | 0d00 0043 | 8b7c 9914 | 83ff 330f | 844f 0d00 | 0043 8b7c | 9918 83ff | 330f 8441 
  0x000078c2f4ecc4c8: 0d00 0043 | 8b7c 991c | 83ff 330f | 8433 0d00 | 0041 83c3 | 0444 3bde | 7cbe 4d8b | 8750 0400 
  0x000078c2f4ecc4e8: ; ImmutableOopMap {r9=NarrowOop rbx=NarrowOop rdx=Oop [16]=Oop [32]=Oop }
                      ;*if_icmplt {reexecute=1 rethrow=0 return_oop=0}
                      ; - (reexecute) org.eclipse.swt.widgets.EventTable::hooks@42 (line 75)
                      ; - org.eclipse.swt.widgets.Display::sendJDKInternalEvent@12 (line 5863)
                      ; - org.eclipse.swt.widgets.Display::sendPostEvent@28 (line 5912)
                      ; - org.eclipse.swt.widgets.Display::sendEvent@30 (line 5896)
                      ; - org.eclipse.swt.widgets.Widget::sendEvent@26 (line 1656)
                      ; - org.eclipse.swt.widgets.Display::runDeferredEvents@92 (line 5109)
                      ; - org.eclipse.swt.widgets.Display::readAndDispatch@63 (line 4546)
                      ;   {poll}
  0x000078c2f4ecc4e8: 0041 8500 | 453b da7c | 8b44 3bd9 | 7d19 6690 | 478b 5499 | 1041 83fa | 330f 8405 | 0d00 0041 
  0x000078c2f4ecc508: ffc3 443b | d97c e9bb | 0100 0000 | e991 faff | ff42 8b5c | af10 83fb | 320f 84b9 | 0c00 0041 
  0x000078c2f4ecc528: ffc5 453b | ea7c ea44 | 8944 2418 | 894c 241c | e9d8 feff | ff46 8b54 | 8310 4183 | fa32 0f84 
  0x000078c2f4ecc548: 400c 0000 | 41ff c044 | 3bc1 7ce9 | 4c89 7424 | 1089 4424 | 30c5 fa11 | 4c24 34c5 | fa11 6c24 
  0x000078c2f4ecc568: 3844 895c | 2428 4889 | 7c24 2048 | 8954 2408 | 4889 3424 | e97c fcff | ff41 807f | 4000 0f85 
  0x000078c2f4ecc588: 7509 0000 | 4c8b d541 | 8bc5 f045 | 0fb1 160f | 94c3 0fb6 | db85 db74 | 2c4c 8bd5 | 4d8b de4d 
  0x000078c2f4ecc5a8: 33d3 49c1 | ea14 4d85 | d274 1a49 | c1eb 0948 | bf00 0000 | 04c3 7800 | 0049 03fb | 803f 020f 
  0x000078c2f4ecc5c8: 8593 0900 | 0085 db0f | 84cf f9ff | ff45 85ed | 0f84 5e11 | 0000 498b | dd49 8d6d | 1041 807f 
  0x000078c2f4ecc5e8: ;   {no_reloc}
  0x000078c2f4ecc5e8: 4000 0f85 | 3d09 0000 | 4489 6d00 | 4c8b d34c | 8bdd 4d33 | d349 c1ea | 144d 85d2 | 0f84 9af9 
  0x000078c2f4ecc608: ffff 49c1 | eb09 4c8b | 4424 184d | 03c3 4180 | 3802 0f84 | 84f9 ffff | 4d8b 5748 | 4d8b 5f58 
  0x000078c2f4ecc628: f083 4424 | c000 4180 | 3800 0f84 | 6cf9 ffff | 4588 204d | 85d2 7523 | 498b f849 | 8bf7 c5f8 
  0x000078c2f4ecc648: 7749 ba00 | 237c 06c3 | 7800 0041 

  0x000078c2f4ecc654: ;   {other}
  0x000078c2f4ecc654: ffd2 0f1f | 8400 0000 | 0000 e941 | f9ff ff4f | 8944 13f8 | 4983 c2f8 | 4d89 5748 | e92f f9ff 
  0x000078c2f4ecc674: ff49 8baf | b801 0000 | 448b ae14 | 0400 004c | 8bd5 4981 | c210 1000 | 004d 3b97 | c801 0000 
  0x000078c2f4ecc694: 0f83 c40b | 0000 4d89 | 97b8 0100 | 0048 8bfd | 4883 c710 | 48c7 4500 | 0100 0000 | 410f 0d8a 
  0x000078c2f4ecc6b4: 0001 0000 

  0x000078c2f4ecc6b8: ;   {metadata('org/eclipse/swt/widgets/Widget'[])}
  0x000078c2f4ecc6b8: c745 0819 | af06 2041 | 0f0d 8a40 | 0100 00c7 | 450c 0004 | 0000 410f | 0d8a 8001 | 0000 b900 
  0x000078c2f4ecc6d8: 0200 00c5 | fdef c0e9 | 0d00 0000 | c5fe 7f07 | c5fe 7f47 | 2048 83c7 | 4048 83e9 | 087d ed48 
  0x000078c2f4ecc6f8: 83c1 047c | 0cc5 fe7f | 0748 83c7 | 2048 83e9 | 0448 83c1 | 047e 1048 | ffc9 c5f9 | d607 4883 
  0x000078c2f4ecc718: c708 48ff | c97d f341 | 807f 4000 | 0f85 c608 | 0000 4c8b | dd4c 8b54 | 2410 4589 | 9a14 0400 
  0x000078c2f4ecc738: 004c 8bdd | 4d33 da49 | c1eb 144d | 85db 741a | 49c1 ea09 | 48bf 0000 | 0004 c378 | 0000 4903 
  0x000078c2f4ecc758: fa80 3f02 | 0f85 c908 | 0000 4c8b | 5424 1045 | 89a2 5002 | 0000 418b | aac4 0200 | 0085 ed0f 
  0x000078c2f4ecc778: 8426 1300 | 0044 892c | 2489 5c24 | 0c48 8bf5 | ba2d 0000 | 0049 8bea 

  0x000078c2f4ecc790: ;   {optimized virtual_call}
  0x000078c2f4ecc790: c5f8 77e8 

  0x000078c2f4ecc794: ; ImmutableOopMap {rbp=Oop [0]=NarrowOop [16]=Oop }
                      ;*invokevirtual hooks {reexecute=0 rethrow=0 return_oop=0}
                      ; - org.eclipse.swt.widgets.Display::runSkin@45 (line 5182)
                      ; - org.eclipse.swt.widgets.Display::readAndDispatch@5 (line 4533)
  0x000078c2f4ecc794: 2882 9fff 

  0x000078c2f4ecc798: ;   {other}
  0x000078c2f4ecc798: 0f1f 8400 | 0813 000e | 85c0 0f84 | 1013 0000 | 448b 1c24 

  0x000078c2f4ecc7ac: ; implicit exception: dispatches to 0x000078c2f4ecd954
  0x000078c2f4ecc7ac: 458b 530c | 4585 d20f | 869b 1100 | 004d 63d2 | 4c63 4424 | 0c49 ffc8 | 4d3b c20f | 8387 1100 
  0x000078c2f4ecc7cc: 004d 8bcb | 4533 d249 | b800 0000 | 04c3 7800 | 004c 8944 | 2418 478b | 4493 1041 | 8b68 1840 
  0x000078c2f4ecc7ec: f6c5 010f | 850d 0100 | 0041 807f | 4000 0f85 | 7e06 0000 | 4789 6493 | 1049 8b9f | b801 0000 
  0x000078c2f4ecc80c: 488b cb48 | 81c1 8800 | 0000 81e5 | ffff fffe | 4189 6818 | 493b 8fc8 | 0100 000f | 8324 0900 
  0x000078c2f4ecc82c: 0049 898f | b801 0000 | 0f0d 8900 | 0100 0048 | c703 0100 | 0000 488b | fb48 83c7 

  0x000078c2f4ecc848: ;   {metadata('org/eclipse/swt/widgets/Event')}
  0x000078c2f4ecc848: 10c7 4308 | 35b5 0620 | 4489 630c | b90a 0000 | 00c5 fdef | c0e9 0d00 | 0000 c5fe | 7f07 c5fe 
  0x000078c2f4ecc868: 7f47 2048 | 83c7 4048 | 83e9 087d | ed48 83c1 | 047c 0cc5 | fe7f 0748 | 83c7 2048 | 83e9 0448 
  0x000078c2f4ecc888: 83c1 047e | 1048 ffc9 | c5f9 d607 | 4883 c708 | 48ff c97d | f34c 8963 | 684c 8963 | 704c 8963 
  0x000078c2f4ecc8a8: 784c 89a3 | 8000 0000 | 4489 1c24 | 4c89 4c24 | 2044 8954 | 2404 4489 | 4424 0848 | c743 6000 
  0x000078c2f4ecc8c8: 0001 0044 | 8b54 2408 | 4489 5368 | 488b cb48 | 8b74 2410 | ba2d 0000 | 0066 6690 

  0x000078c2f4ecc8e4: ;   {optimized virtual_call}
  0x000078c2f4ecc8e4: c5f8 77e8 

  0x000078c2f4ecc8e8: ; ImmutableOopMap {[0]=NarrowOop [16]=Oop [32]=Oop }
                      ;*invokevirtual sendEvent {reexecute=0 rethrow=0 return_oop=0}
                      ; - org.eclipse.swt.widgets.Display::runSkin@112 (line 5190)
                      ; - org.eclipse.swt.widgets.Display::readAndDispatch@5 (line 4533)
  0x000078c2f4ecc8e8: f494 ccf8 

  0x000078c2f4ecc8ec: ;   {other}
  0x000078c2f4ecc8ec: 0f1f 8400 | 5c14 000f | 448b 1c24 | 4c8b 4c24 | 2044 8b54 | 2404 41ff | c244 3b54 | 240c 0f8c 
  0x000078c2f4ecc90c: d2fe ffff | e99b f0ff | ff89 4424 | 3044 8954 | 2434 c5fa | 116c 2438 | 4489 5c24 | 2848 897c 
  0x000078c2f4ecc92c: 2420 4889 | 5424 0848 | 8934 24e9 | c1f8 ffff | 4489 4424 | 1889 4c24 | 1ce9 cbfa | ffff 4180 
  0x000078c2f4ecc94c: 7f40 000f | 85d3 0800 | 004c 8b54 | 2410 4589 | a210 0200 | 0041 8b8a | 1c03 0000 | 4589 a21c 
  0x000078c2f4ecc96c: 0300 0045 | 85ed 0f8e | 9c00 0000 

  0x000078c2f4ecc978: ; implicit exception: dispatches to 0x000078c2f4ecdad0
  0x000078c2f4ecc978: 448b 510c | 4585 d20f | 864b 1100 | 004d 63d2 | 4d63 dd49 | ffcb 4d3b | da0f 8339 | 1100 004c 
  0x000078c2f4ecc998: 8bd1 4533 | dbeb 1890 | 4c8b 1424 | 4c89 5424 | 1844 8b6c | 2408 8b4c | 240c 4c8b | 5424 2046 
  0x000078c2f4ecc9b8: 8b44 9910 

  0x000078c2f4ecc9bc: ; implicit exception: dispatches to 0x000078c2f4ecdda4
  0x000078c2f4ecc9bc: 418b 6818 | 83e5 0185 | ed0f 850c | 1000 0044 | 895c 2428 | 4c89 5424 | 2089 4c24 | 0c44 896c 
  0x000078c2f4ecc9dc: 2408 4c8b | 5424 184c | 8914 2449 

  0x000078c2f4ecc9e8: ;   {no_reloc}
  0x000078c2f4ecc9e8: 8bf0 33d2 

  0x000078c2f4ecc9ec: ;   {optimized virtual_call}
  0x000078c2f4ecc9ec: c5f8 77e8 

  0x000078c2f4ecc9f0: ; ImmutableOopMap {[12]=NarrowOop [16]=Oop [32]=Oop }
                      ;*invokevirtual setLayoutDeferred {reexecute=0 rethrow=0 return_oop=0}
                      ; - org.eclipse.swt.widgets.Display::runDeferredLayouts@48 (line 5133)
                      ; - org.eclipse.swt.widgets.Display::readAndDispatch@10 (line 4534)
  0x000078c2f4ecc9f0: 0c24 d1f8 

  0x000078c2f4ecc9f4: ;   {other}
  0x000078c2f4ecc9f4: 0f1f 8400 | 6415 0010 | 448b 5c24 | 2841 ffc3 | 443b 5c24 | 087c 954c | 8b14 244c | 8954 2418 
  0x000078c2f4ecca14: 488b 7424 | 1066 6690 

  0x000078c2f4ecca1c: ;   {optimized virtual_call}
  0x000078c2f4ecca1c: c5f8 77e8 

  0x000078c2f4ecca20: ; ImmutableOopMap {[16]=Oop }
                      ;*invokevirtual update {reexecute=0 rethrow=0 return_oop=0}
                      ; - org.eclipse.swt.widgets.Display::runDeferredLayouts@60 (line 5135)
                      ; - org.eclipse.swt.widgets.Display::readAndDispatch@10 (line 4534)
  0x000078c2f4ecca20: 771a 0000 

  0x000078c2f4ecca24: ;   {other}
  0x000078c2f4ecca24: 0f1f 8400 | 9415 0011 | e994 efff | ff45 8b96 | 6c02 0000 | 4585 d20f | 8485 f5ff | ff4d 8b5f 
  0x000078c2f4ecca44: 2849 8bfa | 4d85 db0f | 84f7 0800 | 004d 8b57 | 384b 897c | 1af8 4983 | c3f8 4d89 | 5f28 e95f 
  0x000078c2f4ecca64: f5ff ff4c | 8b54 2410 | 4588 a25c | 0200 0048 | 8b74 2410 

  0x000078c2f4ecca78: ;   {optimized virtual_call}
  0x000078c2f4ecca78: c5f8 77e8 

  0x000078c2f4ecca7c: ; ImmutableOopMap {[16]=Oop }
                      ;*invokevirtual saveResources {reexecute=0 rethrow=0 return_oop=0}
                      ; - org.eclipse.swt.widgets.Display::runSettings@15 (line 5161)
                      ; - org.eclipse.swt.widgets.Display::readAndDispatch@18 (line 4536)
  0x000078c2f4ecca7c: 0009 1eff 

  0x000078c2f4ecca80: ;   {other}
  0x000078c2f4ecca80: 0f1f 8400 | f015 0012 | 488b 7424 | 1066 6690 

  0x000078c2f4ecca90: ;   {optimized virtual_call}
  0x000078c2f4ecca90: c5f8 77e8 

  0x000078c2f4ecca94: ; ImmutableOopMap {[16]=Oop }
                      ;*invokevirtual initializeSystemColors {reexecute=0 rethrow=0 return_oop=0}
                      ; - org.eclipse.swt.widgets.Display::runSettings@19 (line 5162)
                      ; - org.eclipse.swt.widgets.Display::readAndDispatch@18 (line 4536)
  0x000078c2f4ecca94: e808 1eff 

  0x000078c2f4ecca98: ;   {other}
  0x000078c2f4ecca98: 0f1f 8400 | 0816 0013 | ba27 0000 | 0033 c948 | 8b74 2410 

  0x000078c2f4eccaac: ;   {optimized virtual_call}
  0x000078c2f4eccaac: c5f8 77e8 

  0x000078c2f4eccab0: ; ImmutableOopMap {[16]=Oop }
                      ;*invokevirtual sendEvent {reexecute=0 rethrow=0 return_oop=0}
                      ; - org.eclipse.swt.widgets.Display::runSettings@26 (line 5163)
                      ; - org.eclipse.swt.widgets.Display::readAndDispatch@18 (line 4536)
  0x000078c2f4eccab0: cc08 1eff 

  0x000078c2f4eccab4: ;   {other}
  0x000078c2f4eccab4: 0f1f 8400 | 2416 0014 | 488b 7424 | 1066 6690 

  0x000078c2f4eccac4: ;   {optimized virtual_call}
  0x000078c2f4eccac4: c5f8 77e8 

  0x000078c2f4eccac8: ; ImmutableOopMap {[16]=Oop }
                      ;*invokevirtual getShells {reexecute=0 rethrow=0 return_oop=1}
                      ; - org.eclipse.swt.widgets.Display::runSettings@30 (line 5164)
                      ; - org.eclipse.swt.widgets.Display::readAndDispatch@18 (line 4536)
  0x000078c2f4eccac8: b408 1eff 

  0x000078c2f4eccacc: ;   {other}
  0x000078c2f4eccacc: 0f1f 8400 | 3c16 0015 | 4c8b c044 | 8b48 0c45 | 85c9 0f86 | f705 0000 | 458d 59ff | 453b d90f 
  0x000078c2f4eccaec: 83e5 1000 | 00b9 0100 | 0000 4533 | d2e9 4301 | 0000 4d8b | 4728 4d85 | c00f 849f | 0800 0049 
  0x000078c2f4eccb0c: 8b4f 384e | 895c 01f8 | 4983 c0f8 | 4d89 4728 | e969 efff | ff44 8b54 | 2428 458b | 5214 4585 
  0x000078c2f4eccb2c: d20f 8414 | f1ff ff4d | 8b5f 2849 | 8bfa 4d85 | db0f 8495 | 0900 004d | 8b57 384b | 897c 1af8 
  0x000078c2f4eccb4c: 4983 c3f8 | 4d89 5f28 | e9ee f0ff | ff48 8b6c | 2408 448b | 550c 4585 | d20f 843d | f2ff ff4d 
  0x000078c2f4eccb6c: 8b5f 2849 | 8bfa 4d85 | db0f 8499 | 0900 004d | 8b57 384b | 897c 1af8 | 4983 c3f8 | 4d89 5f28 
  0x000078c2f4eccb8c: e917 f2ff | ff45 8b56 | 1445 85d2 | 0f84 1cf3 | ffff 4d8b | 5f28 498b | fa4d 85db | 0f84 8609 
  0x000078c2f4eccbac: 0000 4d8b | 5738 4b89 | 7c1a f849 | 83c3 f84d | 895f 28e9 | f6f2 ffff | 4d8b 5748 

  0x000078c2f4eccbc8: ;   {no_reloc}
  0x000078c2f4eccbc8: 4d8b 5f58 | f083 4424 | c000 803f | 000f 84ab | f0ff ff44 | 8827 4d85 | d275 2049 | 8bf7 c5f8 
  0x000078c2f4eccbe8: 7749 ba00 | 237c 06c3 | 7800 0041 

  0x000078c2f4eccbf4: ;   {other}
  0x000078c2f4eccbf4: ffd2 0f1f | 8400 0000 | 0000 e983 | f0ff ff4b | 897c 13f8 | 4983 c2f8 | 4d89 5748 | e971 f0ff 
  0x000078c2f4eccc14: ff66 6666 | 0f1f 8400 | 0000 0000 | 4c8b 1c24 | 4c89 5c24 | 104c 8b5c | 2408 4c89 | 5c24 188b 
  0x000078c2f4eccc34: 4c24 204c | 8b44 2428 | 448b 4c24 | 2443 8b6c | 9010 85ed | 0f84 c60e | 0000 4489 | 5424 3044 
  0x000078c2f4eccc54: 894c 2424 | 4c89 4424 | 2889 4c24 | 204c 8b54 | 2418 4c89 | 5424 084c | 8b54 2410 | 4c89 1424 
  0x000078c2f4eccc74: 4c8b d54c | 8954 2410 | 498b f290 

  0x000078c2f4eccc80: ;   {optimized virtual_call}
  0x000078c2f4eccc80: c5f8 77e8 

  0x000078c2f4eccc84: ; ImmutableOopMap {rbp=NarrowOop [0]=Oop [16]=Oop [40]=Oop }
                      ;*invokevirtual isDisposed {reexecute=0 rethrow=0 return_oop=0}
                      ; - org.eclipse.swt.widgets.Display::runSettings@44 (line 5167)
                      ; - org.eclipse.swt.widgets.Display::readAndDispatch@18 (line 4536)
  0x000078c2f4eccc84: f806 1eff 

  0x000078c2f4eccc88: ;   {other}
  0x000078c2f4eccc88: 0f1f 8400 | f817 0016 | 85c0 7435 | 448b 5424 | 3041 ffc2 | 443b 5424 | 240f 8c79 | ffff ff4c 
  0x000078c2f4eccca8: 8b14 244c | 8954 2410 | 4c8b 5424 | 084c 8954 | 2418 448b | 6c24 20bb | 0100 0000 | e91a edff 
  0x000078c2f4ecccc8: ff48 8b74 | 2410 6690 

  0x000078c2f4ecccd0: ;   {optimized virtual_call}
  0x000078c2f4ecccd0: c5f8 77e8 

  0x000078c2f4ecccd4: ; ImmutableOopMap {rbp=NarrowOop [0]=Oop [16]=Oop [40]=Oop }
                      ;*invokevirtual fixStyle {reexecute=0 rethrow=0 return_oop=0}
                      ; - org.eclipse.swt.widgets.Display::runSettings@51 (line 5168)
                      ; - org.eclipse.swt.widgets.Display::readAndDispatch@18 (line 4536)
  0x000078c2f4ecccd4: a806 1eff 

  0x000078c2f4ecccd8: ;   {other}
  0x000078c2f4ecccd8: 0f1f 8400 | 4818 0017 | 488b 7424 | 108b 5424 | 2066 6690 

  0x000078c2f4ecccec: ;   {optimized virtual_call}
  0x000078c2f4ecccec: c5f8 77e8 

  0x000078c2f4ecccf0: ; ImmutableOopMap {rbp=NarrowOop [0]=Oop [16]=Oop [40]=Oop }
                      ;*invokevirtual redraw {reexecute=0 rethrow=0 return_oop=0}
                      ; - org.eclipse.swt.widgets.Display::runSettings@56 (line 5169)
                      ; - org.eclipse.swt.widgets.Display::readAndDispatch@18 (line 4536)
  0x000078c2f4ecccf0: 8c06 1eff 

  0x000078c2f4ecccf4: ;   {other}
  0x000078c2f4ecccf4: 0f1f 8400 | 6418 0018 | 488b 7424 | 108b 5424 | 208b ca48 | 8b2c 2490 

  0x000078c2f4eccd0c: ;   {optimized virtual_call}
  0x000078c2f4eccd0c: c5f8 77e8 

  0x000078c2f4eccd10: ; ImmutableOopMap {rbp=Oop [0]=Oop [40]=Oop }
                      ;*invokevirtual layout {reexecute=0 rethrow=0 return_oop=0}
                      ; - org.eclipse.swt.widgets.Display::runSettings@62 (line 5170)
                      ; - org.eclipse.swt.widgets.Display::readAndDispatch@18 (line 4536)
  0x000078c2f4eccd10: 6c06 1eff 

  0x000078c2f4eccd14: ;   {other}
  0x000078c2f4eccd14: 0f1f 8400 | 8418 0019 | e973 ffff | ff33 edeb | 1966 6666 | 0f1f 8400 | 0000 0000 | bd01 0000 
  0x000078c2f4eccd34: 0044 8b6c | 2420 8b5c | 2408 418b | 520c 85d2 | 0f86 e20d | 0000 498b | ca49 8d72 | 1044 8b06 
  0x000078c2f4eccd54: 4585 c00f | 84fc 0000 | 0044 8d4a | ff41 3bd1 | 0f82 060e | 0000 4585 | c90f 8cfd | 0d00 004c 
  0x000078c2f4eccd74: 63f2 83fa | 0174 3a44 | 894c 2408 | 4489 4424 | 0489 1c24 | 498d 7a14 | 498d 56ff | c5f8 7749 
  0x000078c2f4eccd94: ba20 2509 | f4c2 7800 | 0041 ffd2 

  0x000078c2f4eccda0: ;   {other}
  0x000078c2f4eccda0: 0f1f 8400 | 0000 0000 | 8b1c 2444 | 8b44 2404 | 448b 4c24 | 084c 8b54 | 2410 418b | aa04 0400 
  0x000078c2f4eccdc0: 0044 8b55 | 0c45 3bca | 0f83 7e0d | 0000 4180 | 7f40 000f | 85bf 0400 | 0044 896c | 2420 4489 
  0x000078c2f4eccde0: 4424 0c89 | 5c24 0846 | 8964 b50c | 488b 7424 | 1066 6690 

  0x000078c2f4eccdf4: ;   {optimized virtual_call}
  0x000078c2f4eccdf4: c5f8 77e8 

  0x000078c2f4eccdf8: ; ImmutableOopMap {[12]=NarrowOop [16]=Oop }
                      ;*invokevirtual runDeferredEvents {reexecute=0 rethrow=0 return_oop=0}
                      ; - org.eclipse.swt.widgets.Display::runPopups@59 (line 5150)
                      ; - org.eclipse.swt.widgets.Display::readAndDispatch@25 (line 4537)
  0x000078c2f4eccdf8: 8405 1eff 

  0x000078c2f4eccdfc: ;   {other}
  0x000078c2f4eccdfc: 0f1f 8400 | 6c19 001a | 448b 5c24 | 0c4d 8bd3 | 498b ea49 | 8bf2 6690 

  0x000078c2f4ecce14: ;   {optimized virtual_call}
  0x000078c2f4ecce14: c5f8 77e8 

  0x000078c2f4ecce18: ; ImmutableOopMap {rbp=Oop [12]=NarrowOop [16]=Oop }
                      ;*invokevirtual isDisposed {reexecute=0 rethrow=0 return_oop=0}
                      ; - org.eclipse.swt.widgets.Display::runPopups@64 (line 5151)
                      ; - org.eclipse.swt.widgets.Display::readAndDispatch@25 (line 4537)
  0x000078c2f4ecce18: 6405 1eff 

  0x000078c2f4ecce1c: ;   {other}
  0x000078c2f4ecce1c: 0f1f 8400 | 8c19 001b | 85c0 0f84 | 8500 0000 | 4d8b 8f50 | 0400 004c | 8b54 2410 | 458b 9204 
  0x000078c2f4ecce3c: ; ImmutableOopMap {r10=NarrowOop [16]=Oop }
                      ;*ifnonnull {reexecute=1 rethrow=0 return_oop=0}
                      ; - (reexecute) org.eclipse.swt.widgets.Display::runPopups@81 (line 5144)
                      ; - org.eclipse.swt.widgets.Display::readAndDispatch@25 (line 4537)
                      ;   {poll}
  0x000078c2f4ecce3c: 0400 0041 | 8501 4585 | d20f 85e5 | feff ffbd | 0100 0000 | 448b 6c24 | 208b 5c24 | 0841 807f 
  0x000078c2f4ecce5c: 4000 0f85 | 1b06 0000 | 4c8b 5424 | 1045 89a2 | 0404 0000 | 0beb 4489 | 6c24 2c8b | dde9 7feb 
  0x000078c2f4ecce7c: ffff 438b | 5c93 1085 | db0f 8475 | f9ff ff49 | 8b4f 2848 | 8bfb 4885 | c90f 845d | 0700 0049 
  0x000078c2f4ecce9c: 8b5f 3848 | 897c 0bf8 | 4883 c1f8 | 4989 4f28 | e94f f9ff | ff48 8bf5 | 8b54 2420 

  0x000078c2f4ecceb8: ;   {optimized virtual_call}
  0x000078c2f4ecceb8: c5f8 77e8 

  0x000078c2f4eccebc: ; ImmutableOopMap {[16]=Oop }
                      ;*invokevirtual _setVisible {reexecute=0 rethrow=0 return_oop=0}
                      ; - org.eclipse.swt.widgets.Display::runPopups@72 (line 5151)
                      ; - org.eclipse.swt.widgets.Display::readAndDispatch@25 (line 4537)
  0x000078c2f4eccebc: c004 1eff 

  0x000078c2f4eccec0: ;   {other}
  0x000078c2f4eccec0: 0f1f 8400 | 301a 001d | e95f ffff | ff46 8b5c | ad0c 4585 | db0f 8494 | f1ff ff4d | 8b57 2849 
  0x000078c2f4eccee0: 8bfb 4d85 | d20f 848d | 0800 004d | 8b5f 384b | 897c 13f8 | 4983 c2f8 | 4d89 5728 | e96e f1ff 
  0x000078c2f4eccf00: ff45 85ed | 0f84 82f6 | ffff 4d8b | 5728 4d85 | d20f 847d | 0a00 004d | 8b5f 384f | 894c 13f8 
  0x000078c2f4eccf20: 4983 c2f8 | 4d89 5728 | e95f f6ff | ff44 8b5d | 0045 85db | 0f84 b6f6 | ffff 4d8b | 5728 498b 
  0x000078c2f4eccf40: fb4d 85d2 | 0f84 6d0a | 0000 4d8b | 5f38 4b89 | 7c13 f849 | 83c2 f84d | 8957 28e9 | 90f6 ffff 
  0x000078c2f4eccf60: 4d8b 5748 | 4d8b 5f58 | f083 4424 | c000 803f | 000f 8456 | f6ff ff44 | 8827 4d85 | d275 2049 
  0x000078c2f4eccf80: 8bf7 c5f8 | 7749 ba00 | 237c 06c3 | 7800 0041 

  0x000078c2f4eccf90: ;   {other}
  0x000078c2f4eccf90: ffd2 0f1f | 8400 0000 | 0000 e92e | f6ff ff4b | 897c 13f8 | 4983 c2f8 | 4d89 5748 | e91c f6ff 
  0x000078c2f4eccfb0: ffbe 45ff | ffff 4c89 | 6c24 104c | 896c 2418 

  0x000078c2f4eccfc0: ;   {runtime_call UncommonTrapBlob}
  0x000078c2f4eccfc0: c5f8 77e8 

  0x000078c2f4eccfc4: ; ImmutableOopMap {rbp=NarrowOop [16]=Oop [24]=Oop [40]=NarrowOop }
                      ;*ifne {reexecute=1 rethrow=0 return_oop=0}
                      ; - (reexecute) org.eclipse.swt.widgets.Display::sendJDKInternalEvent@15 (line 5863)
                      ; - org.eclipse.swt.widgets.Display::sendPreEvent@28 (line 5904)
                      ; - org.eclipse.swt.widgets.Synchronizer::runAsyncMessages@33 (line 130)
                      ; - org.eclipse.swt.widgets.Display::runAsyncMessages@5 (line 5084)
                      ; - org.eclipse.swt.widgets.Display::readAndDispatch@78 (line 4549)
  0x000078c2f4eccfc4: 385f 1eff 

  0x000078c2f4eccfc8: ;   {other}
  0x000078c2f4eccfc8: 0f1f 8400 | 381b 001e | be45 ffff | ff44 8934 | 2444 894c | 2404 6690 

  0x000078c2f4eccfe0: ;   {runtime_call UncommonTrapBlob}
  0x000078c2f4eccfe0: c5f8 77e8 

  0x000078c2f4eccfe4: ; ImmutableOopMap {rbp=Oop [0]=NarrowOop [4]=NarrowOop }
                      ;*ifne {reexecute=1 rethrow=0 return_oop=0}
                      ; - (reexecute) org.eclipse.swt.widgets.Display::sendJDKInternalEvent@15 (line 5863)
                      ; - org.eclipse.swt.widgets.Display::sendPostEvent@28 (line 5912)
                      ; - org.eclipse.swt.widgets.Synchronizer::runAsyncMessages@160 (line 138)
                      ; - org.eclipse.swt.widgets.Display::runAsyncMessages@5 (line 5084)
                      ; - org.eclipse.swt.widgets.Display::readAndDispatch@78 (line 4549)
  0x000078c2f4eccfe4: 185f 1eff 

  0x000078c2f4eccfe8: ;   {other}
  0x000078c2f4eccfe8: 0f1f 8400 | 581b 001f | 4c8b 5424 | 1045 8b92 | 1404 0000 | 4585 d20f | 8425 f7ff | ff4d 8b5f 
  0x000078c2f4ecd008: 2849 8bfa | 4d85 db0f | 84ef 0900 | 004d 8b57 | 384b 897c | 1af8 4983 | c3f8 4d89 | 5f28 e9ff 
  0x000078c2f4ecd028: f6ff ff4d | 8b57 584d | 8b5f 48f0 | 8344 24c0 | 0080 3f00 | 0f84 20f7 | ffff 4488 | 274d 85db 
  0x000078c2f4ecd048: 7520 498b | f7c5 f877 | 49ba 0023 | 7c06 c378 | 0000 41ff 

  0x000078c2f4ecd05c: ;   {other}
  0x000078c2f4ecd05c: d20f 1f84 | 0000 0000 | 00e9 f8f6 | ffff 4b89 | 7c1a f849 | 83c3 f84d | 895f 48e9 | e6f6 ffff 
  0x000078c2f4ecd07c: 4585 ed0f | 844d eaff | ff4d 8b47 | 284d 85c0 | 0f84 9209 | 0000 498b | 4f38 4e89 | 4c01 f849 
  0x000078c2f4ecd09c: 83c0 f84d | 8947 28e9 | 2aea ffff | 448b 4d00 | 4585 c90f | 8481 eaff | ff4d 8b47 | 2849 8bf9 
  0x000078c2f4ecd0bc: 4d85 c00f | 84a0 0900 | 004d 8b4f | 384b 897c | 01f8 4983 | c0f8 4d89 | 4728 e95b | eaff ff41 
  0x000078c2f4ecd0dc: bd01 0000 | 00e9 d9fb | ffff 4d8b | 4748 4d8b | 4f58 f083 | 4424 c000 | 803f 000f | 8416 eaff 
  0x000078c2f4ecd0fc: ff44 8827 | 4d85 c075 | 3a4c 895c | 2410 4489 | 5424 0845 | 8bf5 498b | f7c5 f877 | 49ba 0023 
  0x000078c2f4ecd11c: 7c06 c378 | 0000 41ff 

  0x000078c2f4ecd124: ;   {other}
  0x000078c2f4ecd124: d20f 1f84 | 0000 0000 | 0045 8bee | 448b 5424 | 084c 8b5c | 2410 e9d4 | e9ff ff4b | 897c 01f8 
  0x000078c2f4ecd144: 4983 c0f8 | 4d89 4748 | e9c2 e9ff | ff44 8954 | 2404 4c89 | 4c24 2044 | 891c 2449 | 8be8 4489 
  0x000078c2f4ecd164: ;   {metadata('org/eclipse/swt/widgets/Event')}
  0x000078c2f4ecd164: 4424 0848 | bea8 a935 | 0001 0000 | 0066 6690 

  0x000078c2f4ecd174: ;   {runtime_call _new_instance_Java}
  0x000078c2f4ecd174: c5f8 77e8 

  0x000078c2f4ecd178: ; ImmutableOopMap {rbp=Oop [0]=NarrowOop [8]=NarrowOop [16]=Oop [32]=Oop }
                      ;*new {reexecute=0 rethrow=0 return_oop=1}
                      ; - org.eclipse.swt.widgets.Display::runSkin@91 (line 5188)
                      ; - org.eclipse.swt.widgets.Display::readAndDispatch@5 (line 4533)
  0x000078c2f4ecd178: 0496 2aff 

  0x000078c2f4ecd17c: ;   {other}
  0x000078c2f4ecd17c: 0f1f 8400 | ec1c 0020 | 488b d8e9 | 37f7 ffff | be45 ffff | ff49 8bee | 4489 5c24 | 04c5 fa11 
  0x000078c2f4ecd19c: 4c24 08c5 | fa11 6c24 | 1489 4424 | 18c5 fa11 | 6c24 1c90 

  0x000078c2f4ecd1b0: ;   {runtime_call UncommonTrapBlob}
  0x000078c2f4ecd1b0: c5f8 77e8 

  0x000078c2f4ecd1b4: ; ImmutableOopMap {rbp=Oop [8]=NarrowOop [20]=NarrowOop [24]=NarrowOop [28]=NarrowOop }
                      ;*ifne {reexecute=1 rethrow=0 return_oop=0}
                      ; - (reexecute) org.eclipse.swt.widgets.Display::sendJDKInternalEvent@15 (line 5863)
                      ; - org.eclipse.swt.widgets.Display::sendPreEvent@28 (line 5904)
                      ; - org.eclipse.swt.widgets.Display::filterEvent@14 (line 1980)
                      ; - org.eclipse.swt.widgets.Widget::sendEvent@7 (line 1655)
                      ; - org.eclipse.swt.widgets.Display::runDeferredEvents@92 (line 5109)
                      ; - org.eclipse.swt.widgets.Display::readAndDispatch@63 (line 4546)
  0x000078c2f4ecd1b4: 485d 1eff 

  0x000078c2f4ecd1b8: ;   {other}
  0x000078c2f4ecd1b8: 0f1f 8400 | 281d 0021 | be45 ffff | ff48 8b6c | 2410 4489 | 4424 1090 

  0x000078c2f4ecd1d0: ;   {runtime_call UncommonTrapBlob}
  0x000078c2f4ecd1d0: c5f8 77e8 

  0x000078c2f4ecd1d4: ; ImmutableOopMap {rbp=Oop [16]=NarrowOop [48]=NarrowOop [52]=NarrowOop }
                      ;*ifne {reexecute=1 rethrow=0 return_oop=0}
                      ; - (reexecute) org.eclipse.swt.widgets.Display::sendJDKInternalEvent@15 (line 5863)
                      ; - org.eclipse.swt.widgets.Display::sendPostEvent@28 (line 5912)
                      ; - org.eclipse.swt.widgets.Display::filterEvent@38 (line 1984)
                      ; - org.eclipse.swt.widgets.Widget::sendEvent@7 (line 1655)
                      ; - org.eclipse.swt.widgets.Display::runDeferredEvents@92 (line 5109)
                      ; - org.eclipse.swt.widgets.Display::readAndDispatch@63 (line 4546)
  0x000078c2f4ecd1d4: 285d 1eff 

  0x000078c2f4ecd1d8: ;   {other}
  0x000078c2f4ecd1d8: 0f1f 8400 | 481d 0022 | be45 ffff | ff48 8b6c | 2410 4489 | 1c24 894c | 2408 4489 | 4c24 1044 
  0x000078c2f4ecd1f8: 8944 2414 

  0x000078c2f4ecd1fc: ;   {runtime_call UncommonTrapBlob}
  0x000078c2f4ecd1fc: c5f8 77e8 

  0x000078c2f4ecd200: ; ImmutableOopMap {rbp=Oop [0]=NarrowOop [16]=NarrowOop [20]=NarrowOop }
                      ;*ifne {reexecute=1 rethrow=0 return_oop=0}
                      ; - (reexecute) org.eclipse.swt.widgets.Display::sendJDKInternalEvent@15 (line 5863)
                      ; - org.eclipse.swt.widgets.Display::sendPreEvent@28 (line 5904)
                      ; - org.eclipse.swt.widgets.Display::sendEvent@7 (line 5892)
                      ; - org.eclipse.swt.widgets.Widget::sendEvent@26 (line 1656)
                      ; - org.eclipse.swt.widgets.Display::runDeferredEvents@92 (line 5109)
                      ; - org.eclipse.swt.widgets.Display::readAndDispatch@63 (line 4546)
  0x000078c2f4ecd200: fc5c 1eff 

  0x000078c2f4ecd204: ;   {other}
  0x000078c2f4ecd204: 0f1f 8400 | 741d 0023 | be45 ffff | ff89 5c24 | 0466 6690 

  0x000078c2f4ecd218: ;   {runtime_call UncommonTrapBlob}
  0x000078c2f4ecd218: c5f8 77e8 

  0x000078c2f4ecd21c: ; ImmutableOopMap {[4]=NarrowOop [16]=Oop }
                      ;*ifne {reexecute=1 rethrow=0 return_oop=0}
                      ; - (reexecute) org.eclipse.swt.widgets.Display::sendJDKInternalEvent@15 (line 5863)
                      ; - org.eclipse.swt.widgets.Display::sendPostEvent@28 (line 5912)
                      ; - org.eclipse.swt.widgets.Display::sendEvent@30 (line 5896)
                      ; - org.eclipse.swt.widgets.Widget::sendEvent@26 (line 1656)
                      ; - org.eclipse.swt.widgets.Display::runDeferredEvents@92 (line 5109)
                      ; - org.eclipse.swt.widgets.Display::readAndDispatch@63 (line 4546)
  0x000078c2f4ecd21c: e05c 1eff 

  0x000078c2f4ecd220: ;   {other}
  0x000078c2f4ecd220: 0f1f 8400 | 901d 0024 | 458b 9a1c | 0300 0045 | 85db 0f84 | 1df7 ffff | 4d8b 5728 | 498b fb4d 
  0x000078c2f4ecd240: 85d2 0f84 | ac08 0000 | 4d8b 5f38 | 4b89 7c13 | f849 83c2 | f84d 8957 | 28e9 f7f6 | ffff 4489 
  0x000078c2f4ecd260: 6c24 0489 | 1c24 488b 

  0x000078c2f4ecd268: ;   {metadata('org/eclipse/swt/widgets/Widget'[])}
  0x000078c2f4ecd268: ee48 bec8 | 7835 0001 | 0000 00ba | 0004 0000 

  0x000078c2f4ecd278: ;   {runtime_call _new_array_Java}
  0x000078c2f4ecd278: c5f8 77e8 

  0x000078c2f4ecd27c: ; ImmutableOopMap {rbp=Oop [4]=NarrowOop [16]=Oop }
                      ;*anewarray {reexecute=0 rethrow=0 return_oop=1}
                      ; - org.eclipse.swt.widgets.Display::runSkin@21 (line 5180)
                      ; - org.eclipse.swt.widgets.Display::readAndDispatch@5 (line 4533)
  0x000078c2f4ecd27c: 8065 2aff 

  0x000078c2f4ecd280: ;   {other}
  0x000078c2f4ecd280: 0f1f 8400 | f01d 0025 | 8b1c 2448 | 8be8 448b | 6c24 04e9 | 87f4 ffff | 468b 5cb5 | 0c45 85db 
  0x000078c2f4ecd2a0: 7421 4d8b | 5728 498b | fb4d 85d2 | 0f84 ea08 | 0000 4d8b | 5f38 4b89 | 7c13 f849 | 83c2 f84d 
  0x000078c2f4ecd2c0: 8957 2844 | 896c 2420 | e911 fbff | ffbe 45ff | ffff 488b | 6c24 1044 | 8954 2408 

  0x000078c2f4ecd2dc: ;   {runtime_call UncommonTrapBlob}
  0x000078c2f4ecd2dc: c5f8 77e8 

  0x000078c2f4ecd2e0: ; ImmutableOopMap {rbp=Oop [8]=NarrowOop }
                      ;*ifnonnull {reexecute=1 rethrow=0 return_oop=0}
                      ; - (reexecute) org.eclipse.swt.widgets.Display::checkDevice@4 (line 1003)
                      ; - org.eclipse.swt.widgets.Display::readAndDispatch@1 (line 4532)
  0x000078c2f4ecd2e0: 1c5c 1eff 

  0x000078c2f4ecd2e4: ;   {other}
  0x000078c2f4ecd2e4: 0f1f 8400 | 541e 0026 | be45 ffff | ff48 8b6c | 2410 4489 | 5424 084c | 8944 2410 

  0x000078c2f4ecd300: ;   {runtime_call UncommonTrapBlob}
  0x000078c2f4ecd300: c5f8 77e8 

  0x000078c2f4ecd304: ; ImmutableOopMap {rbp=Oop [8]=NarrowOop [16]=Oop }
                      ;*if_acmpeq {reexecute=1 rethrow=0 return_oop=0}
                      ; - (reexecute) org.eclipse.swt.widgets.Display::checkDevice@20 (line 1004)
                      ; - org.eclipse.swt.widgets.Display::readAndDispatch@1 (line 4532)
  0x000078c2f4ecd304: f85b 1eff 

  0x000078c2f4ecd308: ;   {other}
  0x000078c2f4ecd308: 0f1f 8400 | 781e 0027 | be45 ffff | ff48 8b6c | 2410 4489 | 5424 0890 

  0x000078c2f4ecd320: ;   {runtime_call UncommonTrapBlob}
  0x000078c2f4ecd320: c5f8 77e8 

  0x000078c2f4ecd324: ; ImmutableOopMap {rbp=Oop }
                      ;*ifeq {reexecute=1 rethrow=0 return_oop=0}
                      ; - (reexecute) org.eclipse.swt.widgets.Display::checkDevice@33 (line 1005)
                      ; - org.eclipse.swt.widgets.Display::readAndDispatch@1 (line 4532)
  0x000078c2f4ecd324: d85b 1eff 

  0x000078c2f4ecd328: ;   {other}
  0x000078c2f4ecd328: 0f1f 8400 | 981e 0028 | bef6 ffff | ff41 8bea 

  0x000078c2f4ecd338: ;   {runtime_call UncommonTrapBlob}
  0x000078c2f4ecd338: c5f8 77e8 

  0x000078c2f4ecd33c: ; ImmutableOopMap {rbp=NarrowOop }
                      ;*invokevirtual poll {reexecute=0 rethrow=0 return_oop=0}
                      ; - org.eclipse.swt.widgets.Synchronizer::removeFirst@4 (line 115)
                      ; - org.eclipse.swt.widgets.Synchronizer::runAsyncMessages@3 (line 125)
                      ; - org.eclipse.swt.widgets.Display::runAsyncMessages@5 (line 5084)
                      ; - org.eclipse.swt.widgets.Display::readAndDispatch@78 (line 4549)
  0x000078c2f4ecd33c: c05b 1eff 

  0x000078c2f4ecd340: ;   {other}
  0x000078c2f4ecd340: 0f1f 8400 | b01e 0029 | 498b f7c5 | f877 49ba | e022 7c06 | c378 0000 

  0x000078c2f4ecd358: ;   {other}
  0x000078c2f4ecd358: 41ff d20f | 1f84 0000 | 0000 00e9 | 5eec ffff | be45 ffff | ff41 8beb 

  0x000078c2f4ecd370: ;   {runtime_call UncommonTrapBlob}
  0x000078c2f4ecd370: c5f8 77e8 

  0x000078c2f4ecd374: ; ImmutableOopMap {}
                      ;*ifne {reexecute=1 rethrow=0 return_oop=0}
                      ; - (reexecute) org.eclipse.swt.widgets.Display::readAndDispatch@73 (line 4549)
  0x000078c2f4ecd374: 885b 1eff 

  0x000078c2f4ecd378: ;   {other}
  0x000078c2f4ecd378: 0f1f 8400 | e81e 002a | 4c89 6c24 | 0849 8bf5 | 488d 5424 | 4066 6690 

  0x000078c2f4ecd390: ;   {runtime_call _complete_monitor_locking_Java}
  0x000078c2f4ecd390: c5f8 77e8 

  0x000078c2f4ecd394: ; ImmutableOopMap {[0]=Oop [8]=Oop [40]=NarrowOop }
                      ;*monitorenter {reexecute=0 rethrow=0 return_oop=0}
                      ; - org.eclipse.swt.widgets.Synchronizer::runAsyncMessages@19 (line 128)
                      ; - org.eclipse.swt.widgets.Display::runAsyncMessages@5 (line 5084)
                      ; - org.eclipse.swt.widgets.Display::readAndDispatch@78 (line 4549)
  0x000078c2f4ecd394: 68a8 2aff 

  0x000078c2f4ecd398: ;   {other}
  0x000078c2f4ecd398: 0f1f 8400 | 081f 002b | 4c8b 6c24 | 08e9 92e8 | ffff 4c89 | 5c24 2044 | 8954 240c | 4c89 4c24 
  0x000078c2f4ecd3b8: 1044 896c | 2408 498b | fb49 8bf7 | c5f8 7749 | bae0 227c | 06c3 7800 | 0041 ffd2 

  0x000078c2f4ecd3d4: ;   {other}
  0x000078c2f4ecd3d4: 0f1f 8400 | 0000 0000 | 448b 6c24 | 084c 8b4c | 2410 448b | 5424 0c4c | 8b5c 2420 | e995 e6ff 
  0x000078c2f4ecd3f4: ff48 8bfd | 488d 7424 | 4049 8bd7 | c5f8 7749 | ba00 9cdc | 06c3 7800 | 0041 ffd2 

  0x000078c2f4ecd410: ;   {other}
  0x000078c2f4ecd410: 0f1f 8400 | 0000 0000 | e951 ebff | ffbe 76ff | ffff 4c89 | 6c24 104c | 896c 2418 | 4489 4424 
  0x000078c2f4ecd430: 2089 4c24 | 2466 6690 

  0x000078c2f4ecd438: ;   {runtime_call UncommonTrapBlob}
  0x000078c2f4ecd438: c5f8 77e8 

  0x000078c2f4ecd43c: ; ImmutableOopMap {rbp=NarrowOop [16]=Oop [24]=Oop [32]=NarrowOop [40]=NarrowOop }
                      ;*if_icmplt {reexecute=1 rethrow=0 return_oop=0}
                      ; - (reexecute) org.eclipse.swt.widgets.EventTable::hooks@42 (line 75)
                      ; - org.eclipse.swt.widgets.Display::sendJDKInternalEvent@12 (line 5863)
                      ; - org.eclipse.swt.widgets.Display::sendPreEvent@28 (line 5904)
                      ; - org.eclipse.swt.widgets.Synchronizer::runAsyncMessages@33 (line 130)
                      ; - org.eclipse.swt.widgets.Display::runAsyncMessages@5 (line 5084)
                      ; - org.eclipse.swt.widgets.Display::readAndDispatch@78 (line 4549)
  0x000078c2f4ecd43c: c05a 1eff 

  0x000078c2f4ecd440: ;   {other}
  0x000078c2f4ecd440: 0f1f 8400 | b01f 002c | bb01 0000 | 00e9 fde8 | ffff be76 | ffff ff44 | 894c 2404 | 897c 241c 
  0x000078c2f4ecd460: 895c 2420 

  0x000078c2f4ecd464: ;   {runtime_call UncommonTrapBlob}
  0x000078c2f4ecd464: c5f8 77e8 

  0x000078c2f4ecd468: ; ImmutableOopMap {rbp=Oop [4]=NarrowOop [28]=NarrowOop [40]=NarrowOop }
                      ;*if_icmplt {reexecute=1 rethrow=0 return_oop=0}
                      ; - (reexecute) org.eclipse.swt.widgets.EventTable::hooks@42 (line 75)
                      ; - org.eclipse.swt.widgets.Display::sendJDKInternalEvent@12 (line 5863)
                      ; - org.eclipse.swt.widgets.Display::sendPostEvent@28 (line 5912)
                      ; - org.eclipse.swt.widgets.Synchronizer::runAsyncMessages@160 (line 138)
                      ; - org.eclipse.swt.widgets.Display::runAsyncMessages@5 (line 5084)
                      ; - org.eclipse.swt.widgets.Display::readAndDispatch@78 (line 4549)
  0x000078c2f4ecd468: 945a 1eff 

  0x000078c2f4ecd46c: ;   {other}
  0x000078c2f4ecd46c: 0f1f 8400 | dc1f 002d | 41bb 0100 | 0000 e914 | eaff ff4c | 8b54 2410 | 458b 9204 | 0400 0045 
  0x000078c2f4ecd48c: 85d2 0f84 | d0f9 ffff | 4d8b 5f28 | 498b fa4d | 85db 0f84 | 5007 0000 | 4d8b 5738 | 4b89 7c1a 
  0x000078c2f4ecd4ac: f849 83c3 | f84d 895f | 28e9 aaf9 | ffff bee4 | ffff ff89 | 1c24 4489 | 5c24 0490 

  0x000078c2f4ecd4c8: ;   {runtime_call UncommonTrapBlob}
  0x000078c2f4ecd4c8: c5f8 77e8 

  0x000078c2f4ecd4cc: ; ImmutableOopMap {[4]=NarrowOop [16]=Oop }
                      ;*aaload {reexecute=0 rethrow=0 return_oop=0}
                      ; - org.eclipse.swt.widgets.Display::runDeferredEvents@10 (line 5097)
                      ; - org.eclipse.swt.widgets.Display::readAndDispatch@63 (line 4546)
  0x000078c2f4ecd4cc: 305a 1eff 

  0x000078c2f4ecd4d0: ;   {other}
  0x000078c2f4ecd4d0: 0f1f 8400 | 4020 002e | 498b f7c5 | f877 49ba | e022 7c06 | c378 0000 

  0x000078c2f4ecd4e8: ;   {other}
  0x000078c2f4ecd4e8: 41ff d20f | 1f84 0000 | 0000 00e9 | 4fe7 ffff | be45 ffff | ff44 895c | 2404 6690 

  0x000078c2f4ecd504: ;   {runtime_call UncommonTrapBlob}
  0x000078c2f4ecd504: c5f8 77e8 

  0x000078c2f4ecd508: ; ImmutableOopMap {rbp=Oop [40]=NarrowOop }
                      ;*ifne {reexecute=1 rethrow=0 return_oop=0}
                      ; - (reexecute) org.eclipse.swt.widgets.Synchronizer::runAsyncMessages@152 (line 137)
                      ; - org.eclipse.swt.widgets.Display::runAsyncMessages@5 (line 5084)
                      ; - org.eclipse.swt.widgets.Display::readAndDispatch@78 (line 4549)
  0x000078c2f4ecd508: f459 1eff 

  0x000078c2f4ecd50c: ;   {other}
  0x000078c2f4ecd50c: 0f1f 8400 | 7c20 002f | 498b f7c5 | f877 49ba | e022 7c06 | c378 0000 

  0x000078c2f4ecd524: ;   {other}
  0x000078c2f4ecd524: 41ff d20f | 1f84 0000 | 0000 00e9 | 74e8 ffff | 498b f7c5 | f877 49ba | e022 7c06 | c378 0000 
  0x000078c2f4ecd544: ;   {other}
  0x000078c2f4ecd544: 41ff d20f | 1f84 0000 | 0000 00e9 | 66e9 ffff | be45 ffff | ff89 5c24 | 0444 896c | 2408 4489 
  0x000078c2f4ecd564: 4424 0c90 

  0x000078c2f4ecd568: ;   {runtime_call UncommonTrapBlob}
  0x000078c2f4ecd568: c5f8 77e8 

  0x000078c2f4ecd56c: ; ImmutableOopMap {rbp=Oop [4]=NarrowOop [8]=NarrowOop [40]=NarrowOop }
                      ;*ifeq {reexecute=1 rethrow=0 return_oop=0}
                      ; - (reexecute) java.util.concurrent.ConcurrentLinkedQueue::poll@24
                      ; - org.eclipse.swt.widgets.Synchronizer::removeFirst@4 (line 115)
                      ; - org.eclipse.swt.widgets.Synchronizer::runAsyncMessages@3 (line 125)
                      ; - org.eclipse.swt.widgets.Display::runAsyncMessages@5 (line 5084)
                      ; - org.eclipse.swt.widgets.Display::readAndDispatch@78 (line 4549)
  0x000078c2f4ecd56c: 9059 1eff 

  0x000078c2f4ecd570: ;   {other}
  0x000078c2f4ecd570: 0f1f 8400 | e020 0030 | be45 ffff | ff8b 6c24 | 284c 896c | 2408 4c89 | 6c24 1044 | 895c 2420 
  0x000078c2f4ecd590: ;   {runtime_call UncommonTrapBlob}
  0x000078c2f4ecd590: c5f8 77e8 

  0x000078c2f4ecd594: ; ImmutableOopMap {rbp=NarrowOop [8]=Oop [16]=Oop [32]=NarrowOop }
                      ;*ifnull {reexecute=1 rethrow=0 return_oop=0}
                      ; - (reexecute) org.eclipse.swt.widgets.RunnableLock::run@4 (line 38)
                      ; - org.eclipse.swt.widgets.Synchronizer::runAsyncMessages@41 (line 132)
                      ; - org.eclipse.swt.widgets.Display::runAsyncMessages@5 (line 5084)
                      ; - org.eclipse.swt.widgets.Display::readAndDispatch@78 (line 4549)
  0x000078c2f4ecd594: 6859 1eff 

  0x000078c2f4ecd598: ;   {other}
  0x000078c2f4ecd598: 0f1f 8400 | 0821 0031 | bee4 ffff | ff48 ff74 | 2410 488f | 0424 895c | 2408 8944 | 240c 4489 
  0x000078c2f4ecd5b8: 5424 1090 

  0x000078c2f4ecd5bc: ;   {runtime_call UncommonTrapBlob}
  0x000078c2f4ecd5bc: c5f8 77e8 

  0x000078c2f4ecd5c0: ; ImmutableOopMap {rbp=NarrowOop [0]=Oop [12]=NarrowOop }
                      ;*aastore {reexecute=1 rethrow=0 return_oop=0}
                      ; - (reexecute) org.eclipse.swt.widgets.Display::runDeferredEvents@48 (line 5101)
                      ; - org.eclipse.swt.widgets.Display::readAndDispatch@63 (line 4546)
  0x000078c2f4ecd5c0: 3c59 1eff 

  0x000078c2f4ecd5c4: ;   {other}
  0x000078c2f4ecd5c4: 0f1f 8400 | 3421 0032 | becc ffff | ff48 8b6c | 2410 891c | 2444 895c | 2408 8944 | 240c 4489 
  0x000078c2f4ecd5e4: 5424 1490 

  0x000078c2f4ecd5e8: ;   {runtime_call UncommonTrapBlob}
  0x000078c2f4ecd5e8: c5f8 77e8 

  0x000078c2f4ecd5ec: ; ImmutableOopMap {rbp=Oop [8]=NarrowOop [12]=NarrowOop }
                      ;*invokestatic arraycopy {reexecute=0 rethrow=0 return_oop=0}
                      ; - org.eclipse.swt.widgets.Display::runDeferredEvents@39 (line 5100)
                      ; - org.eclipse.swt.widgets.Display::readAndDispatch@63 (line 4546)
  0x000078c2f4ecd5ec: 1059 1eff 

  0x000078c2f4ecd5f0: ;   {other}
  0x000078c2f4ecd5f0: 0f1f 8400 | 6021 0033 | 4489 4424 | 0444 8914 | 244d 8bf1 | 458b eb49 | 8bf7 c5f8 | 7749 bae0 
  0x000078c2f4ecd610: 227c 06c3 | 7800 0041 

  0x000078c2f4ecd618: ;   {other}
  0x000078c2f4ecd618: ffd2 0f1f | 8400 0000 | 0000 458b | dd4d 8bce | 448b 1424 | 448b 4424 | 04e9 caf1 | ffff be76 
  0x000078c2f4ecd638: ffff ff48 | 8b6c 2410 | 4489 5c24 | 0489 5c24 | 0c89 4c24 | 1044 8954 | 2414 c5fa | 116c 2420 
  0x000078c2f4ecd658: 8944 2424 | c5fa 116c | 2428 6690 

  0x000078c2f4ecd664: ;   {runtime_call UncommonTrapBlob}
  0x000078c2f4ecd664: c5f8 77e8 

  0x000078c2f4ecd668: ; ImmutableOopMap {rbp=Oop [12]=NarrowOop [20]=NarrowOop [32]=NarrowOop [36]=NarrowOop [40]=NarrowOop }
                      ;*if_icmplt {reexecute=1 rethrow=0 return_oop=0}
                      ; - (reexecute) org.eclipse.swt.widgets.EventTable::hooks@42 (line 75)
                      ; - org.eclipse.swt.widgets.Display::sendJDKInternalEvent@12 (line 5863)
                      ; - org.eclipse.swt.widgets.Display::sendPreEvent@28 (line 5904)
                      ; - org.eclipse.swt.widgets.Display::filterEvent@14 (line 1980)
                      ; - org.eclipse.swt.widgets.Widget::sendEvent@7 (line 1655)
                      ; - org.eclipse.swt.widgets.Display::runDeferredEvents@92 (line 5109)
                      ; - org.eclipse.swt.widgets.Display::readAndDispatch@63 (line 4546)
  0x000078c2f4ecd668: 9458 1eff 

  0x000078c2f4ecd66c: ;   {other}
  0x000078c2f4ecd66c: 0f1f 8400 | dc21 0034 | 41b8 0100 | 0000 e94d | ebff ffbe | 76ff ffff | 488b 6c24 | 1089 7c24 
  0x000078c2f4ecd68c: 0844 8954 | 240c 6690 

  0x000078c2f4ecd694: ;   {runtime_call UncommonTrapBlob}
  0x000078c2f4ecd694: c5f8 77e8 

  0x000078c2f4ecd698: ; ImmutableOopMap {rbp=Oop [8]=NarrowOop [48]=NarrowOop [52]=NarrowOop [56]=NarrowOop }
                      ;*if_icmplt {reexecute=1 rethrow=0 return_oop=0}
                      ; - (reexecute) org.eclipse.swt.widgets.EventTable::hooks@42 (line 75)
                      ; - org.eclipse.swt.widgets.Display::sendJDKInternalEvent@12 (line 5863)
                      ; - org.eclipse.swt.widgets.Display::sendPostEvent@28 (line 5912)
                      ; - org.eclipse.swt.widgets.Display::filterEvent@38 (line 1984)
                      ; - org.eclipse.swt.widgets.Widget::sendEvent@7 (line 1655)
                      ; - org.eclipse.swt.widgets.Display::runDeferredEvents@92 (line 5109)
                      ; - org.eclipse.swt.widgets.Display::readAndDispatch@63 (line 4546)
  0x000078c2f4ecd698: 6458 1eff 

  0x000078c2f4ecd69c: ;   {other}
  0x000078c2f4ecd69c: 0f1f 8400 | 0c22 0035 | 41bb 0100 | 0000 e949 | ecff ffbe | 76ff ffff | 488b 6c24 | 1044 891c 
  0x000078c2f4ecd6bc: 2489 4c24 | 0889 7c24 | 1044 8954 | 2414 4489 | 4424 2090 

  0x000078c2f4ecd6d0: ;   {runtime_call UncommonTrapBlob}
  0x000078c2f4ecd6d0: c5f8 77e8 

  0x000078c2f4ecd6d4: ; ImmutableOopMap {rbp=Oop [0]=NarrowOop [16]=NarrowOop [32]=NarrowOop [48]=NarrowOop }
                      ;*if_icmplt {reexecute=1 rethrow=0 return_oop=0}
                      ; - (reexecute) org.eclipse.swt.widgets.EventTable::hooks@42 (line 75)
                      ; - org.eclipse.swt.widgets.Display::sendJDKInternalEvent@12 (line 5863)
                      ; - org.eclipse.swt.widgets.Display::sendPreEvent@28 (line 5904)
                      ; - org.eclipse.swt.widgets.Display::sendEvent@7 (line 5892)
                      ; - org.eclipse.swt.widgets.Widget::sendEvent@26 (line 1656)
                      ; - org.eclipse.swt.widgets.Display::runDeferredEvents@92 (line 5109)
                      ; - org.eclipse.swt.widgets.Display::readAndDispatch@63 (line 4546)
  0x000078c2f4ecd6d4: 2858 1eff 

  0x000078c2f4ecd6d8: ;   {other}
  0x000078c2f4ecd6d8: 0f1f 8400 | 4822 0036 | 41bd 0100 | 0000 e918 | edff ffbe | 76ff ffff | 488b 6c24 | 1044 894c 
  0x000078c2f4ecd6f8: 2408 894c | 240c 6690 

  0x000078c2f4ecd700: ;   {runtime_call UncommonTrapBlob}
  0x000078c2f4ecd700: c5f8 77e8 

  0x000078c2f4ecd704: ; ImmutableOopMap {rbp=Oop [8]=NarrowOop [24]=NarrowOop }
                      ;*if_icmplt {reexecute=1 rethrow=0 return_oop=0}
                      ; - (reexecute) org.eclipse.swt.widgets.EventTable::hooks@42 (line 75)
                      ; - org.eclipse.swt.widgets.Display::sendJDKInternalEvent@12 (line 5863)
                      ; - org.eclipse.swt.widgets.Display::sendPostEvent@28 (line 5912)
                      ; - org.eclipse.swt.widgets.Display::sendEvent@30 (line 5896)
                      ; - org.eclipse.swt.widgets.Widget::sendEvent@26 (line 1656)
                      ; - org.eclipse.swt.widgets.Display::runDeferredEvents@92 (line 5109)
                      ; - org.eclipse.swt.widgets.Display::readAndDispatch@63 (line 4546)
  0x000078c2f4ecd704: f857 1eff 

  0x000078c2f4ecd708: ;   {other}
  0x000078c2f4ecd708: 0f1f 8400 | 7822 0037 | 41bb 0100 | 0000 e9d6 | edff ffbe | 45ff ffff | 895c 2404 | 4489 5c24 
  0x000078c2f4ecd728: 0c66 6690 

  0x000078c2f4ecd72c: ;   {runtime_call UncommonTrapBlob}
  0x000078c2f4ecd72c: c5f8 77e8 

  0x000078c2f4ecd730: ; ImmutableOopMap {rbp=Oop [4]=NarrowOop [12]=NarrowOop [40]=NarrowOop }
                      ;*if_acmpne {reexecute=1 rethrow=0 return_oop=0}
                      ; - (reexecute) java.util.concurrent.ConcurrentLinkedQueue::poll@73
                      ; - org.eclipse.swt.widgets.Synchronizer::removeFirst@4 (line 115)
                      ; - org.eclipse.swt.widgets.Synchronizer::runAsyncMessages@3 (line 125)
                      ; - org.eclipse.swt.widgets.Display::runAsyncMessages@5 (line 5084)
                      ; - org.eclipse.swt.widgets.Display::readAndDispatch@78 (line 4549)
  0x000078c2f4ecd730: cc57 1eff 

  0x000078c2f4ecd734: ;   {other}
  0x000078c2f4ecd734: 0f1f 8400 | a422 0038 | be5c ffff | ff8b 6c24 | 2844 892c | 2466 6690 

  0x000078c2f4ecd74c: ;   {runtime_call UncommonTrapBlob}
  0x000078c2f4ecd74c: c5f8 77e8 

  0x000078c2f4ecd750: ; ImmutableOopMap {rbp=NarrowOop [0]=NarrowOop }
                      ;*ifnonnull {reexecute=1 rethrow=0 return_oop=0}
                      ; - (reexecute) java.util.Objects::requireNonNull@1
                      ; - java.lang.invoke.VarHandleReferences$FieldInstanceReadWrite::setRelease@16
                      ; - java.lang.invoke.VarHandleGuards::guard_LL_V@45
                      ; - java.util.concurrent.ConcurrentLinkedQueue::updateHead@22
                      ; - java.util.concurrent.ConcurrentLinkedQueue::poll@66
                      ; - org.eclipse.swt.widgets.Synchronizer::removeFirst@4 (line 115)
                      ; - org.eclipse.swt.widgets.Synchronizer::runAsyncMessages@3 (line 125)
                      ; - org.eclipse.swt.widgets.Display::runAsyncMessages@5 (line 5084)
                      ; - org.eclipse.swt.widgets.Display::readAndDispatch@78 (line 4549)
  0x000078c2f4ecd750: ac57 1eff 

  0x000078c2f4ecd754: ;   {other}
  0x000078c2f4ecd754: 0f1f 8400 | c422 0039 | be45 ffff | ff89 5c24 | 0866 6690 

  0x000078c2f4ecd768: ;   {runtime_call UncommonTrapBlob}
  0x000078c2f4ecd768: c5f8 77e8 

  0x000078c2f4ecd76c: ; ImmutableOopMap {[16]=Oop }
                      ;*ifne {reexecute=1 rethrow=0 return_oop=0}
                      ; - (reexecute) org.eclipse.swt.widgets.Display::runDeferredEvents@65 (line 5105)
                      ; - org.eclipse.swt.widgets.Display::readAndDispatch@63 (line 4546)
  0x000078c2f4ecd76c: 9057 1eff 

  0x000078c2f4ecd770: ;   {other}
  0x000078c2f4ecd770: 0f1f 8400 | e022 003a | 8904 2449 | 8bf7 c5f8 | 7749 bae0 | 227c 06c3 | 7800 0041 

  0x000078c2f4ecd78c: ;   {other}
  0x000078c2f4ecd78c: ffd2 0f1f | 8400 0000 | 0000 8b04 | 24e9 d1e8 | ffff be45 | ffff ff48 | ff74 2410 | 488f 0424 
  0x000078c2f4ecd7ac: 895c 2408 | 8944 240c | 4489 5c24 | 1066 6690 

  0x000078c2f4ecd7bc: ;   {runtime_call UncommonTrapBlob}
  0x000078c2f4ecd7bc: c5f8 77e8 

  0x000078c2f4ecd7c0: ; ImmutableOopMap {rbp=NarrowOop [0]=Oop [12]=NarrowOop [16]=NarrowOop }
                      ;*ifnull {reexecute=1 rethrow=0 return_oop=0}
                      ; - (reexecute) org.eclipse.swt.widgets.Display::runDeferredEvents@76 (line 5107)
                      ; - org.eclipse.swt.widgets.Display::readAndDispatch@63 (line 4546)
  0x000078c2f4ecd7c0: 3c57 1eff 

  0x000078c2f4ecd7c4: ;   {other}
  0x000078c2f4ecd7c4: 0f1f 8400 | 3423 003b | be45 ffff | ffc5 fa11 | 0c24 8944 | 2404 4489 | 5424 0844 | 895c 240c 
  0x000078c2f4ecd7e4: ;   {runtime_call UncommonTrapBlob}
  0x000078c2f4ecd7e4: c5f8 77e8 

  0x000078c2f4ecd7e8: ; ImmutableOopMap {[0]=NarrowOop [4]=NarrowOop [8]=NarrowOop [12]=NarrowOop [16]=Oop }
                      ;*ifnull {reexecute=1 rethrow=0 return_oop=0}
                      ; - (reexecute) org.eclipse.swt.widgets.Display::filterEvent@4 (line 1978)
                      ; - org.eclipse.swt.widgets.Widget::sendEvent@7 (line 1655)
                      ; - org.eclipse.swt.widgets.Display::runDeferredEvents@92 (line 5109)
                      ; - org.eclipse.swt.widgets.Display::readAndDispatch@63 (line 4546)
  0x000078c2f4ecd7e8: 1457 1eff 

  0x000078c2f4ecd7ec: ;   {other}
  0x000078c2f4ecd7ec: 0f1f 8400 | 5c23 003c | be45 ffff | ff48 8b6c | 2410 4489 | 5c24 04c5 | fa11 4c24 | 0844 8954 
  0x000078c2f4ecd80c: 2414 8944 | 2418 6690 

  0x000078c2f4ecd814: ;   {runtime_call UncommonTrapBlob}
  0x000078c2f4ecd814: c5f8 77e8 

  0x000078c2f4ecd818: ; ImmutableOopMap {rbp=Oop [8]=NarrowOop [20]=NarrowOop [24]=NarrowOop }
                      ;*if_icmpeq {reexecute=1 rethrow=0 return_oop=0}
                      ; - (reexecute) org.eclipse.swt.widgets.Display::sendPreEvent@3 (line 5901)
                      ; - org.eclipse.swt.widgets.Display::filterEvent@14 (line 1980)
                      ; - org.eclipse.swt.widgets.Widget::sendEvent@7 (line 1655)
                      ; - org.eclipse.swt.widgets.Display::runDeferredEvents@92 (line 5109)
                      ; - org.eclipse.swt.widgets.Display::readAndDispatch@63 (line 4546)
  0x000078c2f4ecd818: e456 1eff 

  0x000078c2f4ecd81c: ;   {other}
  0x000078c2f4ecd81c: 0f1f 8400 | 8c23 003d | be45 ffff | ff48 8b6c | 2410 4489 | 5c24 04c5 | fa11 4c24 | 0844 8954 
  0x000078c2f4ecd83c: 2414 8944 | 2418 6690 

  0x000078c2f4ecd844: ;   {runtime_call UncommonTrapBlob}
  0x000078c2f4ecd844: c5f8 77e8 

  0x000078c2f4ecd848: ; ImmutableOopMap {rbp=Oop [8]=NarrowOop [20]=NarrowOop [24]=NarrowOop }
                      ;*if_icmpeq {reexecute=1 rethrow=0 return_oop=0}
                      ; - (reexecute) org.eclipse.swt.widgets.Display::sendPreEvent@9 (line 5901)
                      ; - org.eclipse.swt.widgets.Display::filterEvent@14 (line 1980)
                      ; - org.eclipse.swt.widgets.Widget::sendEvent@7 (line 1655)
                      ; - org.eclipse.swt.widgets.Display::runDeferredEvents@92 (line 5109)
                      ; - org.eclipse.swt.widgets.Display::readAndDispatch@63 (line 4546)
  0x000078c2f4ecd848: b456 1eff 

  0x000078c2f4ecd84c: ;   {other}
  0x000078c2f4ecd84c: 0f1f 8400 | bc23 003e | be45 ffff | ff48 8b6c | 2410 4489 | 5c24 04c5 | fa11 4c24 | 0844 8954 
  0x000078c2f4ecd86c: 2414 8944 | 2418 6690 

  0x000078c2f4ecd874: ;   {runtime_call UncommonTrapBlob}
  0x000078c2f4ecd874: c5f8 77e8 

  0x000078c2f4ecd878: ; ImmutableOopMap {rbp=Oop [8]=NarrowOop [20]=NarrowOop [24]=NarrowOop }
                      ;*if_icmpeq {reexecute=1 rethrow=0 return_oop=0}
                      ; - (reexecute) org.eclipse.swt.widgets.Display::sendPreEvent@15 (line 5902)
                      ; - org.eclipse.swt.widgets.Display::filterEvent@14 (line 1980)
                      ; - org.eclipse.swt.widgets.Widget::sendEvent@7 (line 1655)
                      ; - org.eclipse.swt.widgets.Display::runDeferredEvents@92 (line 5109)
                      ; - org.eclipse.swt.widgets.Display::readAndDispatch@63 (line 4546)
  0x000078c2f4ecd878: 8456 1eff 

  0x000078c2f4ecd87c: ;   {other}
  0x000078c2f4ecd87c: 0f1f 8400 | ec23 003f | be45 ffff | ff48 8b6c | 2410 4489 | 5c24 04c5 | fa11 4c24 | 0844 8954 
  0x000078c2f4ecd89c: 2414 8944 | 2418 6690 

  0x000078c2f4ecd8a4: ;   {runtime_call UncommonTrapBlob}
  0x000078c2f4ecd8a4: c5f8 77e8 

  0x000078c2f4ecd8a8: ; ImmutableOopMap {rbp=Oop [8]=NarrowOop [20]=NarrowOop [24]=NarrowOop }
                      ;*if_icmpeq {reexecute=1 rethrow=0 return_oop=0}
                      ; - (reexecute) org.eclipse.swt.widgets.Display::sendPreEvent@21 (line 5903)
                      ; - org.eclipse.swt.widgets.Display::filterEvent@14 (line 1980)
                      ; - org.eclipse.swt.widgets.Widget::sendEvent@7 (line 1655)
                      ; - org.eclipse.swt.widgets.Display::runDeferredEvents@92 (line 5109)
                      ; - org.eclipse.swt.widgets.Display::readAndDispatch@63 (line 4546)
  0x000078c2f4ecd8a8: 5456 1eff 

  0x000078c2f4ecd8ac: ;   {other}
  0x000078c2f4ecd8ac: 0f1f 8400 | 1c24 0040 | be45 ffff | ff48 8b6c | 2410 4489 | 1c24 894c | 2408 4489 | 4424 0c90 
  0x000078c2f4ecd8cc: ;   {runtime_call UncommonTrapBlob}
  0x000078c2f4ecd8cc: c5f8 77e8 

  0x000078c2f4ecd8d0: ; ImmutableOopMap {rbp=Oop [0]=NarrowOop [12]=NarrowOop [48]=NarrowOop }
                      ;*if_icmpeq {reexecute=1 rethrow=0 return_oop=0}
                      ; - (reexecute) org.eclipse.swt.widgets.Display::sendPreEvent@3 (line 5901)
                      ; - org.eclipse.swt.widgets.Display::sendEvent@7 (line 5892)
                      ; - org.eclipse.swt.widgets.Widget::sendEvent@26 (line 1656)
                      ; - org.eclipse.swt.widgets.Display::runDeferredEvents@92 (line 5109)
                      ; - org.eclipse.swt.widgets.Display::readAndDispatch@63 (line 4546)
  0x000078c2f4ecd8d0: 2c56 1eff 

  0x000078c2f4ecd8d4: ;   {other}
  0x000078c2f4ecd8d4: 0f1f 8400 | 4424 0041 | be45 ffff | ff48 8b6c | 2410 4489 | 1c24 894c | 2408 4489 | 4424 0c90 
  0x000078c2f4ecd8f4: ;   {runtime_call UncommonTrapBlob}
  0x000078c2f4ecd8f4: c5f8 77e8 

  0x000078c2f4ecd8f8: ; ImmutableOopMap {rbp=Oop [0]=NarrowOop [12]=NarrowOop [48]=NarrowOop }
                      ;*if_icmpeq {reexecute=1 rethrow=0 return_oop=0}
                      ; - (reexecute) org.eclipse.swt.widgets.Display::sendPreEvent@9 (line 5901)
                      ; - org.eclipse.swt.widgets.Display::sendEvent@7 (line 5892)
                      ; - org.eclipse.swt.widgets.Widget::sendEvent@26 (line 1656)
                      ; - org.eclipse.swt.widgets.Display::runDeferredEvents@92 (line 5109)
                      ; - org.eclipse.swt.widgets.Display::readAndDispatch@63 (line 4546)
  0x000078c2f4ecd8f8: 0456 1eff 

  0x000078c2f4ecd8fc: ;   {other}
  0x000078c2f4ecd8fc: 0f1f 8400 | 6c24 0042 | be45 ffff | ff48 8b6c | 2410 4489 | 1c24 894c | 2408 4489 | 4424 0c90 
  0x000078c2f4ecd91c: ;   {runtime_call UncommonTrapBlob}
  0x000078c2f4ecd91c: c5f8 77e8 

  0x000078c2f4ecd920: ; ImmutableOopMap {rbp=Oop [0]=NarrowOop [12]=NarrowOop [48]=NarrowOop }
                      ;*if_icmpeq {reexecute=1 rethrow=0 return_oop=0}
                      ; - (reexecute) org.eclipse.swt.widgets.Display::sendPreEvent@15 (line 5902)
                      ; - org.eclipse.swt.widgets.Display::sendEvent@7 (line 5892)
                      ; - org.eclipse.swt.widgets.Widget::sendEvent@26 (line 1656)
                      ; - org.eclipse.swt.widgets.Display::runDeferredEvents@92 (line 5109)
                      ; - org.eclipse.swt.widgets.Display::readAndDispatch@63 (line 4546)
  0x000078c2f4ecd920: dc55 1eff 

  0x000078c2f4ecd924: ;   {other}
  0x000078c2f4ecd924: 0f1f 8400 | 9424 0043 | be45 ffff | ff48 8b6c | 2410 4489 | 1c24 894c | 2408 4489 | 4424 0c90 
  0x000078c2f4ecd944: ;   {runtime_call UncommonTrapBlob}
  0x000078c2f4ecd944: c5f8 77e8 

  0x000078c2f4ecd948: ; ImmutableOopMap {rbp=Oop [0]=NarrowOop [12]=NarrowOop [48]=NarrowOop }
                      ;*if_icmpeq {reexecute=1 rethrow=0 return_oop=0}
                      ; - (reexecute) org.eclipse.swt.widgets.Display::sendPreEvent@21 (line 5903)
                      ; - org.eclipse.swt.widgets.Display::sendEvent@7 (line 5892)
                      ; - org.eclipse.swt.widgets.Widget::sendEvent@26 (line 1656)
                      ; - org.eclipse.swt.widgets.Display::runDeferredEvents@92 (line 5109)
                      ; - org.eclipse.swt.widgets.Display::readAndDispatch@63 (line 4546)
  0x000078c2f4ecd948: b455 1eff 

  0x000078c2f4ecd94c: ;   {other}
  0x000078c2f4ecd94c: 0f1f 8400 | bc24 0044 | be76 ffff | ff44 895c | 2408 6690 

  0x000078c2f4ecd960: ;   {runtime_call UncommonTrapBlob}
  0x000078c2f4ecd960: c5f8 77e8 

  0x000078c2f4ecd964: ; ImmutableOopMap {rbp=Oop [8]=NarrowOop }
                      ;*if_icmplt {reexecute=1 rethrow=0 return_oop=0}
                      ; - (reexecute) org.eclipse.swt.widgets.Display::runSkin@120 (line 5183)
                      ; - org.eclipse.swt.widgets.Display::readAndDispatch@5 (line 4533)
  0x000078c2f4ecd964: 9855 1eff 

  0x000078c2f4ecd968: ;   {other}
  0x000078c2f4ecd968: 0f1f 8400 | d824 0045 | be5c ffff | ff8b 6c24 | 2844 8914 | 2444 896c | 2404 6690 

  0x000078c2f4ecd984: ;   {runtime_call UncommonTrapBlob}
  0x000078c2f4ecd984: c5f8 77e8 

  0x000078c2f4ecd988: ; ImmutableOopMap {rbp=NarrowOop [0]=NarrowOop [4]=NarrowOop }
                      ;*ifnonnull {reexecute=1 rethrow=0 return_oop=0}
                      ; - (reexecute) java.util.Objects::requireNonNull@1
                      ; - java.lang.invoke.VarHandleReferences$FieldInstanceReadWrite::setRelease@16
                      ; - java.lang.invoke.VarHandleGuards::guard_LL_V@45
                      ; - java.util.concurrent.ConcurrentLinkedQueue::updateHead@22
                      ; - java.util.concurrent.ConcurrentLinkedQueue::poll@48
                      ; - org.eclipse.swt.widgets.Synchronizer::removeFirst@4 (line 115)
                      ; - org.eclipse.swt.widgets.Synchronizer::runAsyncMessages@3 (line 125)
                      ; - org.eclipse.swt.widgets.Display::runAsyncMessages@5 (line 5084)
                      ; - org.eclipse.swt.widgets.Display::readAndDispatch@78 (line 4549)
  0x000078c2f4ecd988: 7455 1eff 

  0x000078c2f4ecd98c: ;   {other}
  0x000078c2f4ecd98c: 0f1f 8400 | fc24 0046 | 498b f949 | 8bf7 c5f8 | 7749 bae0 | 227c 06c3 | 7800 0041 

  0x000078c2f4ecd9a8: ;   {other}
  0x000078c2f4ecd9a8: ffd2 0f1f | 8400 0000 | 0000 e9d5 | ebff ff49 | 8bf7 c5f8 | 7749 bae0 | 227c 06c3 | 7800 0041 
  0x000078c2f4ecd9c8: ;   {other}
  0x000078c2f4ecd9c8: ffd2 0f1f | 8400 0000 | 0000 e919 | ecff ffbe | 45ff ffff | 4c8b 5424 | 104c 8954 | 2408 4489 
  0x000078c2f4ecd9e8: 6c24 1089 | 4c24 1444 | 895c 2418 

  0x000078c2f4ecd9f4: ;   {runtime_call UncommonTrapBlob}
  0x000078c2f4ecd9f4: c5f8 77e8 

  0x000078c2f4ecd9f8: ; ImmutableOopMap {[8]=Oop [20]=NarrowOop }
                      ;*ifne {reexecute=1 rethrow=0 return_oop=0}
                      ; - (reexecute) org.eclipse.swt.widgets.Display::runDeferredLayouts@42 (line 5133)
                      ; - org.eclipse.swt.widgets.Display::readAndDispatch@10 (line 4534)
  0x000078c2f4ecd9f8: 0455 1eff 

  0x000078c2f4ecd9fc: ;   {other}
  0x000078c2f4ecd9fc: 0f1f 8400 | 6c25 0047 | 498b f7c5 | f877 49ba | e022 7c06 | c378 0000 

  0x000078c2f4ecda14: ;   {other}
  0x000078c2f4ecda14: 41ff d20f | 1f84 0000 | 0000 00e9 | 06ed ffff | 4c89 5c24 | 1044 8954 | 240c 4489 | 6c24 0849 
  0x000078c2f4ecda34: 8bf9 498b | f7c5 f877 | 49ba e022 | 7c06 c378 | 0000 41ff 

  0x000078c2f4ecda48: ;   {other}
  0x000078c2f4ecda48: d20f 1f84 | 0000 0000 | 0044 8b6c | 2408 448b | 5424 0c4c | 8b5c 2410 | e96d e0ff | ff4c 895c 
  0x000078c2f4ecda68: 2410 4489 | 5424 0c44 | 896c 2408 | 498b f7c5 | f877 49ba | e022 7c06 | c378 0000 

  0x000078c2f4ecda84: ;   {other}
  0x000078c2f4ecda84: 41ff d20f | 1f84 0000 | 0000 0044 | 8b6c 2408 | 448b 5424 | 0c4c 8b5c | 2410 e993 | e0ff ffbe 
  0x000078c2f4ecdaa4: 45ff ffff 

  0x000078c2f4ecdaa8: ;   {runtime_call UncommonTrapBlob}
  0x000078c2f4ecdaa8: c5f8 77e8 

  0x000078c2f4ecdaac: ; ImmutableOopMap {rbp=NarrowOop [16]=Oop }
                      ;*ifnull {reexecute=1 rethrow=0 return_oop=0}
                      ; - (reexecute) org.eclipse.swt.widgets.Display::runSkin@36 (line 5182)
                      ; - org.eclipse.swt.widgets.Display::readAndDispatch@5 (line 4533)
  0x000078c2f4ecdaac: 5054 1eff 

  0x000078c2f4ecdab0: ;   {other}
  0x000078c2f4ecdab0: 0f1f 8400 | 2026 0048 | be45 ffff | ff89 0424 

  0x000078c2f4ecdac0: ;   {runtime_call UncommonTrapBlob}
  0x000078c2f4ecdac0: c5f8 77e8 

  0x000078c2f4ecdac4: ; ImmutableOopMap {rbp=Oop }
                      ;*ifeq {reexecute=1 rethrow=0 return_oop=0}
                      ; - (reexecute) org.eclipse.swt.widgets.Display::runSkin@48 (line 5182)
                      ; - org.eclipse.swt.widgets.Display::readAndDispatch@5 (line 4533)
  0x000078c2f4ecdac4: 3854 1eff 

  0x000078c2f4ecdac8: ;   {other}
  0x000078c2f4ecdac8: 0f1f 8400 | 3826 0049 | be76 ffff | ff48 8b6c | 2410 4489 | 6c24 0c89 | 4c24 1090 

  0x000078c2f4ecdae4: ;   {runtime_call UncommonTrapBlob}
  0x000078c2f4ecdae4: c5f8 77e8 

  0x000078c2f4ecdae8: ; ImmutableOopMap {rbp=Oop [16]=NarrowOop }
                      ;*if_icmplt {reexecute=1 rethrow=0 return_oop=0}
                      ; - (reexecute) org.eclipse.swt.widgets.Display::runDeferredLayouts@56 (line 5131)
                      ; - org.eclipse.swt.widgets.Display::readAndDispatch@10 (line 4534)
  0x000078c2f4ecdae8: 1454 1eff 

  0x000078c2f4ecdaec: ;   {other}
  0x000078c2f4ecdaec: 0f1f 8400 | 5c26 004a | 498b f7c5 | f877 49ba | e022 7c06 | c378 0000 

  0x000078c2f4ecdb04: ;   {other}
  0x000078c2f4ecdb04: 41ff d20f | 1f84 0000 | 0000 00e9 | 41ee ffff | bef6 ffff | ff66 6690 

  0x000078c2f4ecdb1c: ;   {runtime_call UncommonTrapBlob}
  0x000078c2f4ecdb1c: c5f8 77e8 

  0x000078c2f4ecdb20: ; ImmutableOopMap {}
                      ;*invokevirtual isDisposed {reexecute=0 rethrow=0 return_oop=0}
                      ; - org.eclipse.swt.widgets.Display::runSettings@44 (line 5167)
                      ; - org.eclipse.swt.widgets.Display::readAndDispatch@18 (line 4536)
  0x000078c2f4ecdb20: dc53 1eff 

  0x000078c2f4ecdb24: ;   {other}
  0x000078c2f4ecdb24: 0f1f 8400 | 9426 004b | bee4 ffff | ff89 5c24 | 0844 8954 | 240c 6690 

  0x000078c2f4ecdb3c: ;   {runtime_call UncommonTrapBlob}
  0x000078c2f4ecdb3c: c5f8 77e8 

  0x000078c2f4ecdb40: ; ImmutableOopMap {[12]=NarrowOop [16]=Oop }
                      ;*aaload {reexecute=0 rethrow=0 return_oop=0}
                      ; - org.eclipse.swt.widgets.Display::runPopups@19 (line 5145)
                      ; - org.eclipse.swt.widgets.Display::readAndDispatch@25 (line 4537)
  0x000078c2f4ecdb40: bc53 1eff 

  0x000078c2f4ecdb44: ;   {other}
  0x000078c2f4ecdb44: 0f1f 8400 | b426 004c | bee4 ffff | ff89 5c24 | 0844 8944 | 240c 4489 | 4c24 1890 

  0x000078c2f4ecdb60: ;   {runtime_call UncommonTrapBlob}
  0x000078c2f4ecdb60: c5f8 77e8 

  0x000078c2f4ecdb64: ; ImmutableOopMap {rbp=NarrowOop [12]=NarrowOop [16]=Oop }
                      ;*aastore {reexecute=1 rethrow=0 return_oop=0}
                      ; - (reexecute) org.eclipse.swt.widgets.Display::runPopups@57 (line 5149)
                      ; - org.eclipse.swt.widgets.Display::readAndDispatch@25 (line 4537)
  0x000078c2f4ecdb64: 9853 1eff 

  0x000078c2f4ecdb68: ;   {other}
  0x000078c2f4ecdb68: 0f1f 8400 | d826 004d | becc ffff | ff48 8b6c | 2410 891c | 2444 8954 | 2410 4489 | 4424 1444 
  0x000078c2f4ecdb88: 894c 241c 

  0x000078c2f4ecdb8c: ;   {runtime_call UncommonTrapBlob}
  0x000078c2f4ecdb8c: c5f8 77e8 

  0x000078c2f4ecdb90: ; ImmutableOopMap {rbp=Oop [16]=NarrowOop [20]=NarrowOop }
                      ;*invokestatic arraycopy {reexecute=0 rethrow=0 return_oop=0}
                      ; - org.eclipse.swt.widgets.Display::runPopups@48 (line 5148)
                      ; - org.eclipse.swt.widgets.Display::readAndDispatch@25 (line 4537)
  0x000078c2f4ecdb90: 6c53 1eff 

  0x000078c2f4ecdb94: ;   {other}
  0x000078c2f4ecdb94: 0f1f 8400 | 0427 004e | 4489 4424 | 0889 5c24 | 0444 892c | 2449 8bf7 | c5f8 7749 | bae0 227c 
  0x000078c2f4ecdbb4: 06c3 7800 | 0041 ffd2 

  0x000078c2f4ecdbbc: ;   {other}
  0x000078c2f4ecdbbc: 0f1f 8400 | 0000 0000 | 448b 2c24 | 8b5c 2404 | 448b 4424 | 08e9 edf6 | ffff be76 | ffff ff48 
  0x000078c2f4ecdbdc: 8904 2444 | 894c 2408 

  0x000078c2f4ecdbe4: ;   {runtime_call UncommonTrapBlob}
  0x000078c2f4ecdbe4: c5f8 77e8 

  0x000078c2f4ecdbe8: ; ImmutableOopMap {[0]=Oop [16]=Oop }
                      ;*if_icmplt {reexecute=1 rethrow=0 return_oop=0}
                      ; - (reexecute) org.eclipse.swt.widgets.Display::runSettings@71 (line 5165)
                      ; - org.eclipse.swt.widgets.Display::readAndDispatch@18 (line 4536)
  0x000078c2f4ecdbe8: 1453 1eff 

  0x000078c2f4ecdbec: ;   {other}
  0x000078c2f4ecdbec: 0f1f 8400 | 5c27 004f | 498b f7c5 | f877 49ba | e022 7c06 | c378 0000 

  0x000078c2f4ecdc04: ;   {other}
  0x000078c2f4ecdc04: 41ff d20f | 1f84 0000 | 0000 00e9 | 50f2 ffff | bede ffff | ff8b 6c24 | 2844 8914 | 2466 6690 
  0x000078c2f4ecdc24: ;   {runtime_call UncommonTrapBlob}
  0x000078c2f4ecdc24: c5f8 77e8 

  0x000078c2f4ecdc28: ; ImmutableOopMap {rbp=NarrowOop [0]=NarrowOop }
                      ;*checkcast {reexecute=0 rethrow=0 return_oop=0}
                      ; - org.eclipse.swt.widgets.Synchronizer::removeFirst@7 (line 115)
                      ; - org.eclipse.swt.widgets.Synchronizer::runAsyncMessages@3 (line 125)
                      ; - org.eclipse.swt.widgets.Display::runAsyncMessages@5 (line 5084)
                      ; - org.eclipse.swt.widgets.Display::readAndDispatch@78 (line 4549)
  0x000078c2f4ecdc28: d452 1eff 

  0x000078c2f4ecdc2c: ;   {other}
  0x000078c2f4ecdc2c: 0f1f 8400 | 9c27 0050 | bef6 ffff | ff8b 6c24 | 2866 6690 

  0x000078c2f4ecdc40: ;   {runtime_call UncommonTrapBlob}
  0x000078c2f4ecdc40: c5f8 77e8 

  0x000078c2f4ecdc44: ; ImmutableOopMap {rbp=NarrowOop }
                      ;*getfield item {reexecute=1 rethrow=0 return_oop=0}
                      ; - (reexecute) java.util.concurrent.ConcurrentLinkedQueue::poll@8
                      ; - org.eclipse.swt.widgets.Synchronizer::removeFirst@4 (line 115)
                      ; - org.eclipse.swt.widgets.Synchronizer::runAsyncMessages@3 (line 125)
                      ; - org.eclipse.swt.widgets.Display::runAsyncMessages@5 (line 5084)
                      ; - org.eclipse.swt.widgets.Display::readAndDispatch@78 (line 4549)
  0x000078c2f4ecdc44: b852 1eff 

  0x000078c2f4ecdc48: ;   {other}
  0x000078c2f4ecdc48: 0f1f 8400 | b827 0051 | bef6 ffff | ff66 6690 

  0x000078c2f4ecdc58: ;   {runtime_call UncommonTrapBlob}
  0x000078c2f4ecdc58: c5f8 77e8 

  0x000078c2f4ecdc5c: ; ImmutableOopMap {}
                      ;*invokevirtual runAsyncMessages {reexecute=0 rethrow=0 return_oop=0}
                      ; - org.eclipse.swt.widgets.Display::runAsyncMessages@5 (line 5084)
                      ; - org.eclipse.swt.widgets.Display::readAndDispatch@78 (line 4549)
  0x000078c2f4ecdc5c: a052 1eff 

  0x000078c2f4ecdc60: ;   {other}
  0x000078c2f4ecdc60: 0f1f 8400 | d027 0052 | bef6 ffff | ff8b 6c24 | 284c 896c | 2408 4c89 | 6c24 1090 

  0x000078c2f4ecdc7c: ;   {runtime_call UncommonTrapBlob}
  0x000078c2f4ecdc7c: c5f8 77e8 

  0x000078c2f4ecdc80: ; ImmutableOopMap {rbp=NarrowOop [8]=Oop [16]=Oop }
                      ;*invokevirtual sendPreEvent {reexecute=0 rethrow=0 return_oop=0}
                      ; - org.eclipse.swt.widgets.Synchronizer::runAsyncMessages@33 (line 130)
                      ; - org.eclipse.swt.widgets.Display::runAsyncMessages@5 (line 5084)
                      ; - org.eclipse.swt.widgets.Display::readAndDispatch@78 (line 4549)
  0x000078c2f4ecdc80: 7c52 1eff 

  0x000078c2f4ecdc84: ;   {other}
  0x000078c2f4ecdc84: 0f1f 8400 | f427 0053 | bef6 ffff | ff66 6690 

  0x000078c2f4ecdc94: ;   {runtime_call UncommonTrapBlob}
  0x000078c2f4ecdc94: c5f8 77e8 

  0x000078c2f4ecdc98: ; ImmutableOopMap {rbp=Oop [40]=NarrowOop }
                      ;*invokevirtual sendPostEvent {reexecute=0 rethrow=0 return_oop=0}
                      ; - org.eclipse.swt.widgets.Synchronizer::runAsyncMessages@160 (line 138)
                      ; - org.eclipse.swt.widgets.Display::runAsyncMessages@5 (line 5084)
                      ; - org.eclipse.swt.widgets.Display::readAndDispatch@78 (line 4549)
  0x000078c2f4ecdc98: 6452 1eff 

  0x000078c2f4ecdc9c: ;   {other}
  0x000078c2f4ecdc9c: 0f1f 8400 | 0c28 0054 | be45 ffff | ff8b 6c24 | 284c 896c | 2408 4c89 | 6c24 1044 | 8954 2418 
  0x000078c2f4ecdcbc: ;   {runtime_call UncommonTrapBlob}
  0x000078c2f4ecdcbc: c5f8 77e8 

  0x000078c2f4ecdcc0: ; ImmutableOopMap {rbp=NarrowOop [8]=Oop [16]=Oop [24]=NarrowOop }
                      ;*ifnull {reexecute=1 rethrow=0 return_oop=0}
                      ; - (reexecute) org.eclipse.swt.widgets.Display::sendJDKInternalEvent@4 (line 5863)
                      ; - org.eclipse.swt.widgets.Display::sendPreEvent@28 (line 5904)
                      ; - org.eclipse.swt.widgets.Synchronizer::runAsyncMessages@33 (line 130)
                      ; - org.eclipse.swt.widgets.Display::runAsyncMessages@5 (line 5084)
                      ; - org.eclipse.swt.widgets.Display::readAndDispatch@78 (line 4549)
  0x000078c2f4ecdcc0: 3c52 1eff 

  0x000078c2f4ecdcc4: ;   {other}
  0x000078c2f4ecdcc4: 0f1f 8400 | 3428 0055 | be45 ffff | ff4c 896c | 2410 4c89 | 6c24 1844 | 8944 2404 

  0x000078c2f4ecdce0: ;   {runtime_call UncommonTrapBlob}
  0x000078c2f4ecdce0: c5f8 77e8 

  0x000078c2f4ecdce4: ; ImmutableOopMap {rbp=NarrowOop [4]=NarrowOop [16]=Oop [24]=Oop [40]=NarrowOop }
                      ;*ifnonnull {reexecute=1 rethrow=0 return_oop=0}
                      ; - (reexecute) org.eclipse.swt.widgets.EventTable::hooks@4 (line 74)
                      ; - org.eclipse.swt.widgets.Display::sendJDKInternalEvent@12 (line 5863)
                      ; - org.eclipse.swt.widgets.Display::sendPreEvent@28 (line 5904)
                      ; - org.eclipse.swt.widgets.Synchronizer::runAsyncMessages@33 (line 130)
                      ; - org.eclipse.swt.widgets.Display::runAsyncMessages@5 (line 5084)
                      ; - org.eclipse.swt.widgets.Display::readAndDispatch@78 (line 4549)
  0x000078c2f4ecdce4: 1852 1eff 

  0x000078c2f4ecdce8: ;   {other}
  0x000078c2f4ecdce8: 0f1f 8400 | 5828 0056 | be45 ffff | ff44 8954 | 2404 6690 

  0x000078c2f4ecdcfc: ;   {runtime_call UncommonTrapBlob}
  0x000078c2f4ecdcfc: c5f8 77e8 

  0x000078c2f4ecdd00: ; ImmutableOopMap {rbp=Oop [4]=NarrowOop [40]=NarrowOop }
                      ;*ifnull {reexecute=1 rethrow=0 return_oop=0}
                      ; - (reexecute) org.eclipse.swt.widgets.Synchronizer::runAsyncMessages@142 (line 137)
                      ; - org.eclipse.swt.widgets.Display::runAsyncMessages@5 (line 5084)
                      ; - org.eclipse.swt.widgets.Display::readAndDispatch@78 (line 4549)
  0x000078c2f4ecdd00: fc51 1eff 

  0x000078c2f4ecdd04: ;   {other}
  0x000078c2f4ecdd04: 0f1f 8400 | 7428 0057 | be45 ffff | ff44 895c | 2404 6690 

  0x000078c2f4ecdd18: ;   {runtime_call UncommonTrapBlob}
  0x000078c2f4ecdd18: c5f8 77e8 

  0x000078c2f4ecdd1c: ; ImmutableOopMap {rbp=Oop [4]=NarrowOop [40]=NarrowOop }
                      ;*ifnull {reexecute=1 rethrow=0 return_oop=0}
                      ; - (reexecute) org.eclipse.swt.widgets.Display::sendJDKInternalEvent@4 (line 5863)
                      ; - org.eclipse.swt.widgets.Display::sendPostEvent@28 (line 5912)
                      ; - org.eclipse.swt.widgets.Synchronizer::runAsyncMessages@160 (line 138)
                      ; - org.eclipse.swt.widgets.Display::runAsyncMessages@5 (line 5084)
                      ; - org.eclipse.swt.widgets.Display::readAndDispatch@78 (line 4549)
  0x000078c2f4ecdd1c: e051 1eff 

  0x000078c2f4ecdd20: ;   {other}
  0x000078c2f4ecdd20: 0f1f 8400 | 9028 0058 | be45 ffff | ff44 894c | 2404 897c | 2418 6690 

  0x000078c2f4ecdd38: ;   {runtime_call UncommonTrapBlob}
  0x000078c2f4ecdd38: c5f8 77e8 

  0x000078c2f4ecdd3c: ; ImmutableOopMap {rbp=Oop [4]=NarrowOop [24]=NarrowOop [40]=NarrowOop }
                      ;*ifnonnull {reexecute=1 rethrow=0 return_oop=0}
                      ; - (reexecute) org.eclipse.swt.widgets.EventTable::hooks@4 (line 74)
                      ; - org.eclipse.swt.widgets.Display::sendJDKInternalEvent@12 (line 5863)
                      ; - org.eclipse.swt.widgets.Display::sendPostEvent@28 (line 5912)
                      ; - org.eclipse.swt.widgets.Synchronizer::runAsyncMessages@160 (line 138)
                      ; - org.eclipse.swt.widgets.Display::runAsyncMessages@5 (line 5084)
                      ; - org.eclipse.swt.widgets.Display::readAndDispatch@78 (line 4549)
  0x000078c2f4ecdd3c: c051 1eff 

  0x000078c2f4ecdd40: ;   {other}
  0x000078c2f4ecdd40: 0f1f 8400 | b028 0059 | bef6 ffff | ff41 8bea 

  0x000078c2f4ecdd50: ;   {runtime_call UncommonTrapBlob}
  0x000078c2f4ecdd50: c5f8 77e8 

  0x000078c2f4ecdd54: ; ImmutableOopMap {}
                      ;*aastore {reexecute=1 rethrow=0 return_oop=0}
                      ; - (reexecute) org.eclipse.swt.widgets.Display::runDeferredEvents@48 (line 5101)
                      ; - org.eclipse.swt.widgets.Display::readAndDispatch@63 (line 4546)
  0x000078c2f4ecdd54: a851 1eff 

  0x000078c2f4ecdd58: ;   {other}
  0x000078c2f4ecdd58: 0f1f 8400 | c828 005a | bef6 ffff | ff8b e890 

  0x000078c2f4ecdd68: ;   {runtime_call UncommonTrapBlob}
  0x000078c2f4ecdd68: c5f8 77e8 

  0x000078c2f4ecdd6c: ; ImmutableOopMap {rbp=NarrowOop }
                      ;*invokevirtual filterEvent {reexecute=0 rethrow=0 return_oop=0}
                      ; - org.eclipse.swt.widgets.Widget::sendEvent@7 (line 1655)
                      ; - org.eclipse.swt.widgets.Display::runDeferredEvents@92 (line 5109)
                      ; - org.eclipse.swt.widgets.Display::readAndDispatch@63 (line 4546)
  0x000078c2f4ecdd6c: 9051 1eff 

  0x000078c2f4ecdd70: ;   {other}
  0x000078c2f4ecdd70: 0f1f 8400 | e028 005b | be45 ffff | ff48 8b6c | 2410 4489 | 5c24 0844 | 8954 2410 | 4489 4424 
  0x000078c2f4ecdd90: 1866 6690 

  0x000078c2f4ecdd94: ;   {runtime_call UncommonTrapBlob}
  0x000078c2f4ecdd94: c5f8 77e8 

  0x000078c2f4ecdd98: ; ImmutableOopMap {rbp=Oop [8]=NarrowOop [24]=NarrowOop }
                      ;*ifnull {reexecute=1 rethrow=0 return_oop=0}
                      ; - (reexecute) org.eclipse.swt.widgets.Display::runSkin@63 (line 5185)
                      ; - org.eclipse.swt.widgets.Display::readAndDispatch@5 (line 4533)
  0x000078c2f4ecdd98: 6451 1eff 

  0x000078c2f4ecdd9c: ;   {other}
  0x000078c2f4ecdd9c: 0f1f 8400 | 0c29 005c | bef6 ffff | ff66 6690 

  0x000078c2f4ecddac: ;   {runtime_call UncommonTrapBlob}
  0x000078c2f4ecddac: c5f8 77e8 

  0x000078c2f4ecddb0: ; ImmutableOopMap {}
                      ;*invokevirtual isDisposed {reexecute=0 rethrow=0 return_oop=0}
                      ; - org.eclipse.swt.widgets.Display::runDeferredLayouts@39 (line 5133)
                      ; - org.eclipse.swt.widgets.Display::readAndDispatch@10 (line 4534)
  0x000078c2f4ecddb0: 4c51 1eff 

  0x000078c2f4ecddb4: ;   {other}
  0x000078c2f4ecddb4: 0f1f 8400 | 2429 005d | be45 ffff | ff89 1c24 | 4489 5c24 | 0866 6690 

  0x000078c2f4ecddcc: ;   {runtime_call UncommonTrapBlob}
  0x000078c2f4ecddcc: c5f8 77e8 

  0x000078c2f4ecddd0: ; ImmutableOopMap {[8]=NarrowOop [16]=Oop }
                      ;*ifnull {reexecute=1 rethrow=0 return_oop=0}
                      ; - (reexecute) org.eclipse.swt.widgets.Display::runDeferredEvents@57 (line 5105)
                      ; - org.eclipse.swt.widgets.Display::readAndDispatch@63 (line 4546)
  0x000078c2f4ecddd0: 2c51 1eff 

  0x000078c2f4ecddd4: ;   {other}
  0x000078c2f4ecddd4: 0f1f 8400 | 4429 005e | be45 ffff | ff48 ff74 | 2410 488f | 0424 4489 | 5c24 08c5 | fa11 4c24 
  0x000078c2f4ecddf4: 0c44 8954 | 2418 8944 | 241c 6690 

  0x000078c2f4ecde00: ;   {runtime_call UncommonTrapBlob}
  0x000078c2f4ecde00: c5f8 77e8 

  0x000078c2f4ecde04: ; ImmutableOopMap {rbp=NarrowOop [0]=Oop [12]=NarrowOop [24]=NarrowOop [28]=NarrowOop }
                      ;*ifnull {reexecute=1 rethrow=0 return_oop=0}
                      ; - (reexecute) org.eclipse.swt.widgets.Display::sendJDKInternalEvent@4 (line 5863)
                      ; - org.eclipse.swt.widgets.Display::sendPreEvent@28 (line 5904)
                      ; - org.eclipse.swt.widgets.Display::filterEvent@14 (line 1980)
                      ; - org.eclipse.swt.widgets.Widget::sendEvent@7 (line 1655)
                      ; - org.eclipse.swt.widgets.Display::runDeferredEvents@92 (line 5109)
                      ; - org.eclipse.swt.widgets.Display::readAndDispatch@63 (line 4546)
  0x000078c2f4ecde04: f850 1eff 

  0x000078c2f4ecde08: ;   {other}
  0x000078c2f4ecde08: 0f1f 8400 | 7829 005f | be45 ffff | ff48 8b6c | 2410 4489 | 5c24 0489 | 5c24 08c5 | fa11 4c24 
  0x000078c2f4ecde28: 0c44 8954 | 2418 8944 | 241c 4489 | 5424 2090 

  0x000078c2f4ecde38: ;   {runtime_call UncommonTrapBlob}
  0x000078c2f4ecde38: c5f8 77e8 

  0x000078c2f4ecde3c: ; ImmutableOopMap {rbp=Oop [8]=NarrowOop [12]=NarrowOop [24]=NarrowOop [28]=NarrowOop [32]=NarrowOop }
                      ;*ifnonnull {reexecute=1 rethrow=0 return_oop=0}
                      ; - (reexecute) org.eclipse.swt.widgets.EventTable::hooks@4 (line 74)
                      ; - org.eclipse.swt.widgets.Display::sendJDKInternalEvent@12 (line 5863)
                      ; - org.eclipse.swt.widgets.Display::sendPreEvent@28 (line 5904)
                      ; - org.eclipse.swt.widgets.Display::filterEvent@14 (line 1980)
                      ; - org.eclipse.swt.widgets.Widget::sendEvent@7 (line 1655)
                      ; - org.eclipse.swt.widgets.Display::runDeferredEvents@92 (line 5109)
                      ; - org.eclipse.swt.widgets.Display::readAndDispatch@63 (line 4546)
  0x000078c2f4ecde3c: c050 1eff 

  0x000078c2f4ecde40: ;   {other}
  0x000078c2f4ecde40: 0f1f 8400 | b029 0060 | be45 ffff | ff4c 8b54 | 2410 4c89 | 1424 6690 

  0x000078c2f4ecde58: ;   {runtime_call UncommonTrapBlob}
  0x000078c2f4ecde58: c5f8 77e8 

  0x000078c2f4ecde5c: ; ImmutableOopMap {rbp=NarrowOop [0]=Oop [48]=NarrowOop [52]=NarrowOop [56]=NarrowOop }
                      ;*ifnull {reexecute=1 rethrow=0 return_oop=0}
                      ; - (reexecute) org.eclipse.swt.widgets.Display::sendJDKInternalEvent@4 (line 5863)
                      ; - org.eclipse.swt.widgets.Display::sendPostEvent@28 (line 5912)
                      ; - org.eclipse.swt.widgets.Display::filterEvent@38 (line 1984)
                      ; - org.eclipse.swt.widgets.Widget::sendEvent@7 (line 1655)
                      ; - org.eclipse.swt.widgets.Display::runDeferredEvents@92 (line 5109)
                      ; - org.eclipse.swt.widgets.Display::readAndDispatch@63 (line 4546)
  0x000078c2f4ecde5c: a050 1eff 

  0x000078c2f4ecde60: ;   {other}
  0x000078c2f4ecde60: 0f1f 8400 | d029 0061 | be45 ffff | ff48 8b6c | 2410 897c | 2404 6690 

  0x000078c2f4ecde78: ;   {runtime_call UncommonTrapBlob}
  0x000078c2f4ecde78: c5f8 77e8 

  0x000078c2f4ecde7c: ; ImmutableOopMap {rbp=Oop [4]=NarrowOop [48]=NarrowOop [52]=NarrowOop [56]=NarrowOop }
                      ;*ifnonnull {reexecute=1 rethrow=0 return_oop=0}
                      ; - (reexecute) org.eclipse.swt.widgets.EventTable::hooks@4 (line 74)
                      ; - org.eclipse.swt.widgets.Display::sendJDKInternalEvent@12 (line 5863)
                      ; - org.eclipse.swt.widgets.Display::sendPostEvent@28 (line 5912)
                      ; - org.eclipse.swt.widgets.Display::filterEvent@38 (line 1984)
                      ; - org.eclipse.swt.widgets.Widget::sendEvent@7 (line 1655)
                      ; - org.eclipse.swt.widgets.Display::runDeferredEvents@92 (line 5109)
                      ; - org.eclipse.swt.widgets.Display::readAndDispatch@63 (line 4546)
  0x000078c2f4ecde7c: 8050 1eff 

  0x000078c2f4ecde80: ;   {other}
  0x000078c2f4ecde80: 0f1f 8400 | f029 0062 | be45 ffff | ff66 6690 

  0x000078c2f4ecde90: ;   {runtime_call UncommonTrapBlob}
  0x000078c2f4ecde90: c5f8 77e8 

  0x000078c2f4ecde94: ; ImmutableOopMap {rbp=NarrowOop [16]=Oop }
                      ;*ifnull {reexecute=1 rethrow=0 return_oop=0}
                      ; - (reexecute) org.eclipse.swt.widgets.Display::sendJDKInternalEvent@4 (line 5863)
                      ; - org.eclipse.swt.widgets.Display::sendPostEvent@28 (line 5912)
                      ; - org.eclipse.swt.widgets.Display::sendEvent@30 (line 5896)
                      ; - org.eclipse.swt.widgets.Widget::sendEvent@26 (line 1656)
                      ; - org.eclipse.swt.widgets.Display::runDeferredEvents@92 (line 5109)
                      ; - org.eclipse.swt.widgets.Display::readAndDispatch@63 (line 4546)
  0x000078c2f4ecde94: 6850 1eff 

  0x000078c2f4ecde98: ;   {other}
  0x000078c2f4ecde98: 0f1f 8400 | 082a 0063 | be45 ffff | ff44 894c | 2404 6690 

  0x000078c2f4ecdeac: ;   {runtime_call UncommonTrapBlob}
  0x000078c2f4ecdeac: c5f8 77e8 

  0x000078c2f4ecdeb0: ; ImmutableOopMap {[4]=NarrowOop [16]=Oop [24]=NarrowOop }
                      ;*ifnonnull {reexecute=1 rethrow=0 return_oop=0}
                      ; - (reexecute) org.eclipse.swt.widgets.EventTable::hooks@4 (line 74)
                      ; - org.eclipse.swt.widgets.Display::sendJDKInternalEvent@12 (line 5863)
                      ; - org.eclipse.swt.widgets.Display::sendPostEvent@28 (line 5912)
                      ; - org.eclipse.swt.widgets.Display::sendEvent@30 (line 5896)
                      ; - org.eclipse.swt.widgets.Widget::sendEvent@26 (line 1656)
                      ; - org.eclipse.swt.widgets.Display::runDeferredEvents@92 (line 5109)
                      ; - org.eclipse.swt.widgets.Display::readAndDispatch@63 (line 4546)
  0x000078c2f4ecdeb0: 4c50 1eff 

  0x000078c2f4ecdeb4: ;   {other}
  0x000078c2f4ecdeb4: 0f1f 8400 | 242a 0064 | bef6 ffff | ff66 6690 

  0x000078c2f4ecdec4: ;   {runtime_call UncommonTrapBlob}
  0x000078c2f4ecdec4: c5f8 77e8 

  0x000078c2f4ecdec8: ; ImmutableOopMap {}
                      ;*aaload {reexecute=0 rethrow=0 return_oop=0}
                      ; - org.eclipse.swt.widgets.Display::runPopups@19 (line 5145)
                      ; - org.eclipse.swt.widgets.Display::readAndDispatch@25 (line 4537)
  0x000078c2f4ecdec8: 3450 1eff 

  0x000078c2f4ecdecc: ;   {other}
  0x000078c2f4ecdecc: 0f1f 8400 | 3c2a 0065 | bef6 ffff | ff41 8be9 

  0x000078c2f4ecdedc: ;   {runtime_call UncommonTrapBlob}
  0x000078c2f4ecdedc: c5f8 77e8 

  0x000078c2f4ecdee0: ; ImmutableOopMap {}
                      ;*aastore {reexecute=1 rethrow=0 return_oop=0}
                      ; - (reexecute) org.eclipse.swt.widgets.Display::runPopups@57 (line 5149)
                      ; - org.eclipse.swt.widgets.Display::readAndDispatch@25 (line 4537)
  0x000078c2f4ecdee0: 1c50 1eff 

  0x000078c2f4ecdee4: ;   {other}
  0x000078c2f4ecdee4: 0f1f 8400 | 542a 0066 | bef6 ffff | ff66 6690 

  0x000078c2f4ecdef4: ;   {runtime_call UncommonTrapBlob}
  0x000078c2f4ecdef4: c5f8 77e8 

  0x000078c2f4ecdef8: ; ImmutableOopMap {}
                      ;*arraylength {reexecute=0 rethrow=0 return_oop=0}
                      ; - org.eclipse.swt.widgets.Display::runSettings@70 (line 5165)
                      ; - org.eclipse.swt.widgets.Display::readAndDispatch@18 (line 4536)
  0x000078c2f4ecdef8: 0450 1eff 

  0x000078c2f4ecdefc: ;   {other}
  0x000078c2f4ecdefc: 0f1f 8400 | 6c2a 0067 | 498b f7c5 | f877 49ba | e022 7c06 | c378 0000 

  0x000078c2f4ecdf14: ;   {other}
  0x000078c2f4ecdf14: 41ff d20f | 1f84 0000 | 0000 00e9 | 4a01 0000 | 498b f7c5 | f877 49ba | e022 7c06 | c378 0000 
  0x000078c2f4ecdf34: ;   {other}
  0x000078c2f4ecdf34: 41ff d20f | 1f84 0000 | 0000 00e9 | b800 0000 | 488b d8e9 | a000 0000 | 488b d8e9 | 9800 0000 
  0x000078c2f4ecdf54: 448b 5808 

  0x000078c2f4ecdf58: ;   {metadata('java/lang/RuntimeException')}
  0x000078c2f4ecdf58: 49ba 803b | 0400 0100 | 0000 4d33 | c04f 8d04 | d84d 8b58 | 484d 3bda | 7533 488b | d044 8b95 
  0x000078c2f4ecdf78: 0403 0000 | 498b f248 | 8b2c 2466 | 6690 c5f8 | 7748 b8ff | ffff ffff 

  0x000078c2f4ecdf90: ;   {virtual_call}
  0x000078c2f4ecdf90: ffff ffe8 

  0x000078c2f4ecdf94: ; ImmutableOopMap {rbp=Oop [0]=Oop [8]=Oop [40]=NarrowOop }
                      ;*invokeinterface accept {reexecute=0 rethrow=0 return_oop=0}
                      ; - org.eclipse.swt.widgets.RunnableLock::run@25 (line 42)
                      ; - org.eclipse.swt.widgets.Synchronizer::runAsyncMessages@41 (line 132)
                      ; - org.eclipse.swt.widgets.Display::runAsyncMessages@5 (line 5084)
                      ; - org.eclipse.swt.widgets.Display::readAndDispatch@78 (line 4549)
  0x000078c2f4ecdf94: e8f6 1dff 

  0x000078c2f4ecdf98: ;   {other}
  0x000078c2f4ecdf98: 0f1f 8400 | 082b 0068 | e9f3 ddff | ff4d 8b50 

  0x000078c2f4ecdfa8: ;   {metadata('java/lang/Error')}
  0x000078c2f4ecdfa8: 4049 bbc0 | 3604 0001 | 0000 004d | 3bd3 7531 | 488b d044 | 8b9d 0803 | 0000 498b | f348 8b2c 
  0x000078c2f4ecdfc8: 2490 c5f8 | 7748 b8ff | ffff ffff 

  0x000078c2f4ecdfd4: ;   {virtual_call}
  0x000078c2f4ecdfd4: ffff ffe8 

  0x000078c2f4ecdfd8: ; ImmutableOopMap {rbp=Oop [0]=Oop [8]=Oop [40]=NarrowOop }
                      ;*invokeinterface accept {reexecute=0 rethrow=0 return_oop=0}
                      ; - org.eclipse.swt.widgets.RunnableLock::run@39 (line 44)
                      ; - org.eclipse.swt.widgets.Synchronizer::runAsyncMessages@41 (line 132)
                      ; - org.eclipse.swt.widgets.Display::runAsyncMessages@5 (line 5084)
                      ; - org.eclipse.swt.widgets.Display::readAndDispatch@78 (line 4549)
  0x000078c2f4ecdfd8: a4f6 1dff 

  0x000078c2f4ecdfdc: ;   {other}
  0x000078c2f4ecdfdc: 0f1f 8400 | 4c2b 0069 | e9af ddff | ff48 8bd8 | 4180 7f40 | 000f 85c7 | 0000 0048 | 8b6c 2408 
  0x000078c2f4ecdffc: 4c8b d54c | 8bdb 4d33 | da4c 8bcb | 4489 4d14 | 49c1 eb14 | 4d85 db74 | 1649 c1ea | 094c 8b44 
  0x000078c2f4ece01c: 2418 4d03 | c241 8038 | 020f 85fe | 0000 0048 | 896c 2410 | be2e 0000 | 0048 8bd3 | 488b 2c24 
  0x000078c2f4ece03c: ;   {static_call}
  0x000078c2f4ece03c: c5f8 77e8 

  0x000078c2f4ece040: ; ImmutableOopMap {rbp=Oop [0]=Oop [16]=Oop [40]=NarrowOop }
                      ;*invokestatic error {reexecute=0 rethrow=0 return_oop=0}
                      ; - org.eclipse.swt.widgets.Synchronizer::runAsyncMessages@59 (line 135)
                      ; - org.eclipse.swt.widgets.Display::runAsyncMessages@5 (line 5084)
                      ; - org.eclipse.swt.widgets.Display::readAndDispatch@78 (line 4549)
  0x000078c2f4ece040: 3cf9 1dff 

  0x000078c2f4ece044: ;   {other}
  0x000078c2f4ece044: 0f1f 8400 | b42b 006a | 8b6c 2428 | 448b 550c | 4585 d274 | 0a45 0fb6 | 5243 4585 | d274 3741 
  0x000078c2f4ece064: 807f 4000 | 0f85 8800 | 0000 4489 | 6514 488b | 2c24 488b | 7424 1048 | 8974 2408 

  0x000078c2f4ece080: ;   {optimized virtual_call}
  0x000078c2f4ece080: c5f8 77e8 

  0x000078c2f4ece084: ; ImmutableOopMap {rbp=Oop [8]=Oop [16]=Oop }
                      ;*invokevirtual notifyAll {reexecute=0 rethrow=0 return_oop=0}
                      ; - org.eclipse.swt.widgets.Synchronizer::runAsyncMessages@93 (line 141)
                      ; - org.eclipse.swt.widgets.Display::runAsyncMessages@5 (line 5084)
                      ; - org.eclipse.swt.widgets.Display::readAndDispatch@78 (line 4549)
  0x000078c2f4ece084: f8f2 1dff 

  0x000078c2f4ece088: ;   {other}
  0x000078c2f4ece088: 0f1f 8400 | f82b 006b | 488b 6c24 | 08e9 3ade | ffff 448b | 550c 4585 | d20f 84d7 | 0000 0049 
  0x000078c2f4ece0a8: 8bf2 33d2 

  0x000078c2f4ece0ac: ;   {optimized virtual_call}
  0x000078c2f4ece0ac: c5f8 77e8 

  0x000078c2f4ece0b0: ; ImmutableOopMap {rbp=NarrowOop [0]=Oop [16]=Oop }
                      ;*invokevirtual sendPostEvent {reexecute=0 rethrow=0 return_oop=0}
                      ; - org.eclipse.swt.widgets.Synchronizer::runAsyncMessages@84 (line 138)
                      ; - org.eclipse.swt.widgets.Display::runAsyncMessages@5 (line 5084)
                      ; - org.eclipse.swt.widgets.Display::readAndDispatch@78 (line 4549)
  0x000078c2f4ece0b0: ccf2 1dff 

  0x000078c2f4ece0b4: ;   {other}
  0x000078c2f4ece0b4: 0f1f 8400 | 242c 006c | eba5 488b | 6c24 0844 | 8b5d 1445 | 85db 0f84 | 2cff ffff | 4d8b 5728 
  0x000078c2f4ece0d4: 498b fb4d | 85d2 0f84 | 44fe ffff | 4d8b 5f38 | 4b89 7c13 | f849 83c2 | f84d 8957 | 28e9 06ff 
  0x000078c2f4ece0f4: ffff 448b | 5514 4585 | d20f 846b | ffff ff4d | 8b5f 2849 | 8bfa 4d85 | db0f 84f1 | fdff ff4d 
  0x000078c2f4ece114: 8b57 384b | 897c 1af8 | 4983 c3f8 | 4d89 5f28 | e945 ffff | ff4d 8b57 | 484d 8b5f | 58f0 8344 
  0x000078c2f4ece134: 24c0 0041 | 8038 000f | 84ea feff | ff45 8820 | 4d85 d275 | 2349 8bf8 | 498b f7c5 | f877 49ba 
  0x000078c2f4ece154: 0023 7c06 | c378 0000 

  0x000078c2f4ece15c: ;   {other}
  0x000078c2f4ece15c: 41ff d20f | 1f84 0000 | 0000 00e9 | bffe ffff | 4f89 4413 | f849 83c2 | f84d 8957 | 48e9 adfe 
  0x000078c2f4ece17c: ffff bef6 | ffff ff4c | 8b54 2410 | 4c89 5424 | 0866 6690 

  0x000078c2f4ece190: ;   {runtime_call UncommonTrapBlob}
  0x000078c2f4ece190: c5f8 77e8 

  0x000078c2f4ece194: ; ImmutableOopMap {rbp=NarrowOop [8]=Oop [16]=Oop }
                      ;*invokevirtual sendPostEvent {reexecute=0 rethrow=0 return_oop=0}
                      ; - org.eclipse.swt.widgets.Synchronizer::runAsyncMessages@84 (line 138)
                      ; - org.eclipse.swt.widgets.Display::runAsyncMessages@5 (line 5084)
                      ; - org.eclipse.swt.widgets.Display::readAndDispatch@78 (line 4549)
  0x000078c2f4ece194: 684d 1eff 

  0x000078c2f4ece198: ;   {other}
  0x000078c2f4ece198: 0f1f 8400 | 082d 006d | 498b f7c5 | f877 49ba | e022 7c06 | c378 0000 

  0x000078c2f4ece1b0: ;   {other}
  0x000078c2f4ece1b0: 41ff d20f | 1f84 0000 | 0000 00eb | 4d48 8bd8 | 488b 6c24 | 10e9 1501 | 0000 488b | d8e9 0d01 
  0x000078c2f4ece1d0: 0000 488b | d848 8b6c | 2410 e900 | 0100 0048 | 8944 2418 | 8b6c 2428 | 448b 550c | 4585 d274 
  0x000078c2f4ece1f0: 0e45 0fb6 | 5243 4585 | d20f 84b5 | 0100 0041 | 807f 4000 | 0f85 cf01 | 0000 4489 | 6514 488b 
  0x000078c2f4ece210: 7424 1048 | 8bee 6690 

  0x000078c2f4ece218: ;   {optimized virtual_call}
  0x000078c2f4ece218: c5f8 77e8 

  0x000078c2f4ece21c: ; ImmutableOopMap {rbp=Oop [24]=Oop }
                      ;*invokevirtual notifyAll {reexecute=0 rethrow=0 return_oop=0}
                      ; - org.eclipse.swt.widgets.Synchronizer::runAsyncMessages@132 (line 141)
                      ; - org.eclipse.swt.widgets.Display::runAsyncMessages@5 (line 5084)
                      ; - org.eclipse.swt.widgets.Display::readAndDispatch@78 (line 4549)
  0x000078c2f4ece21c: 60f1 1dff 

  0x000078c2f4ece220: ;   {other}
  0x000078c2f4ece220: 0f1f 8400 | 902d 006e | 488b 5c24 | 18e9 ad00 | 0000 488b | d848 8b6c | 2408 e9a0 | 0000 00e9 
  0x000078c2f4ece240: 8800 0000 | e983 0000 | 00e9 8600 | 0000 e981 | 0000 00eb | 10eb 16eb | 14eb 12eb | 10eb 0eeb 
  0x000078c2f4ece260: 0ceb 0aeb | 0048 8bf0 | e915 0100 | 0048 8bf0 | e90d 0100 | 00eb 02eb | 5b48 8bf0 | e901 0100 
  0x000078c2f4ece280: 0048 8944 | 2418 488b | 6c24 1048 | 8b74 2420 | 8b54 2428 

  0x000078c2f4ece294: ;   {optimized virtual_call}
  0x000078c2f4ece294: c5f8 77e8 

  0x000078c2f4ece298: ; ImmutableOopMap {rbp=Oop [0]=Oop [8]=Oop [24]=Oop [32]=Oop }
                      ;*invokevirtual sendPostEvent {reexecute=0 rethrow=0 return_oop=0}
                      ; - org.eclipse.swt.widgets.Display::filterEvent@31 (line 1984)
                      ; - org.eclipse.swt.widgets.Widget::sendEvent@7 (line 1655)
                      ; - org.eclipse.swt.widgets.Display::runDeferredEvents@92 (line 5109)
                      ; - org.eclipse.swt.widgets.Display::readAndDispatch@63 (line 4546)
  0x000078c2f4ece298: e4f0 1dff 

  0x000078c2f4ece29c: ;   {other}
  0x000078c2f4ece29c: 0f1f 8400 | 0c2e 006f | 488b 4424 | 18eb 2148 | 8904 2448 | 8b74 2420 | 8b54 241c 

  0x000078c2f4ece2b8: ;   {optimized virtual_call}
  0x000078c2f4ece2b8: c5f8 77e8 

  0x000078c2f4ece2bc: ; ImmutableOopMap {[0]=Oop [16]=Oop }
                      ;*invokevirtual sendPostEvent {reexecute=0 rethrow=0 return_oop=0}
                      ; - org.eclipse.swt.widgets.Display::sendEvent@22 (line 5896)
                      ; - org.eclipse.swt.widgets.Widget::sendEvent@26 (line 1656)
                      ; - org.eclipse.swt.widgets.Display::runDeferredEvents@92 (line 5109)
                      ; - org.eclipse.swt.widgets.Display::readAndDispatch@63 (line 4546)
  0x000078c2f4ece2bc: c0f0 1dff 

  0x000078c2f4ece2c0: ;   {other}
  0x000078c2f4ece2c0: 0f1f 8400 | 302e 0070 | 488b 0424 | 488b f0e9 | ae00 0000 | 488b f0e9 | a600 0000 | 488b d848 
  0x000078c2f4ece2e0: 8d44 2440 | 4883 3800 | 0f84 7b00 | 0000 4c8b | 5500 41f6 | c202 0f84 | 6200 0000 | 4983 ba86 
  0x000078c2f4ece300: 0000 0000 | 7409 49ff | 8a86 0000 | 00eb 4b49 | 8b82 9600 | 0000 490b | 828e 0000 | 0075 0a49 
  0x000078c2f4ece320: c742 3e00 | 0000 00eb | 3e49 83ba | 9e00 0000 | 0074 2248 | 33c0 49c7 | 423e 0000 | 0000 f083 
  0x000078c2f4ece340: 0424 0049 | 83ba 9e00 | 0000 0075 | 0df0 4d0f | b17a 3e75 | 0583 c801 | eb0d a800 | eb09 4c8b 
  0x000078c2f4ece360: 10f0 4c0f | b155 0075 | 0a49 ff8f | 4805 0000 | 4533 d275 | 1a48 8bf3 | eb08 488b | f0eb 0348 
  0x000078c2f4ece380: 8bf0 c5f8 | 7748 83c4 

  0x000078c2f4ece388: ;   {runtime_call _rethrow_Java}
  0x000078c2f4ece388: 505d e971 | 8f2a ff48 | 8bfd 488d | 7424 4049 | 8bd7 c5f8 | 7749 ba00 | 9cdc 06c3 | 7800 0041 
  0x000078c2f4ece3a8: ;   {other}
  0x000078c2f4ece3a8: ffd2 0f1f | 8400 0000 | 0000 ebc1 | 448b 550c | 4585 d274 | 4f49 8bf2 | 33d2 6690 

  0x000078c2f4ece3c4: ;   {optimized virtual_call}
  0x000078c2f4ece3c4: c5f8 77e8 

  0x000078c2f4ece3c8: ; ImmutableOopMap {rbp=NarrowOop [0]=Oop [16]=Oop [24]=Oop }
                      ;*invokevirtual sendPostEvent {reexecute=0 rethrow=0 return_oop=0}
                      ; - org.eclipse.swt.widgets.Synchronizer::runAsyncMessages@123 (line 138)
                      ; - org.eclipse.swt.widgets.Display::runAsyncMessages@5 (line 5084)
                      ; - org.eclipse.swt.widgets.Display::readAndDispatch@78 (line 4549)
  0x000078c2f4ece3c8: b4ef 1dff 

  0x000078c2f4ece3cc: ;   {other}
  0x000078c2f4ece3cc: 0f1f 8400 | 3c2f 0071 | e926 feff | ff44 8b55 | 1445 85d2 | 0f84 24fe | ffff 4d8b | 5f28 498b 
  0x000078c2f4ece3ec: fa4d 85db | 0f84 aafd | ffff 4d8b | 5738 4b89 | 7c1a f849 | 83c3 f84d | 895f 28e9 | fefd ffff 
  0x000078c2f4ece40c: bef6 ffff | ff4c 8b54 | 2410 4c89 | 5424 0890 

  0x000078c2f4ece41c: ;   {runtime_call UncommonTrapBlob}
  0x000078c2f4ece41c: c5f8 77e8 

  0x000078c2f4ece420: ; ImmutableOopMap {rbp=NarrowOop [8]=Oop [16]=Oop [24]=Oop }
                      ;*invokevirtual sendPostEvent {reexecute=0 rethrow=0 return_oop=0}
                      ; - org.eclipse.swt.widgets.Synchronizer::runAsyncMessages@123 (line 138)
                      ; - org.eclipse.swt.widgets.Display::runAsyncMessages@5 (line 5084)
                      ; - org.eclipse.swt.widgets.Display::readAndDispatch@78 (line 4549)
  0x000078c2f4ece420: dc4a 1eff 

  0x000078c2f4ece424: ;   {other}
  0x000078c2f4ece424: 0f1f 8400 | 942f 0072 

  0x000078c2f4ece42c: ;   {internal_word}
  0x000078c2f4ece42c: 49ba d9bf | ecf4 c278 | 0000 4d89 | 9760 0400 

  0x000078c2f4ece43c: ;   {runtime_call SafepointBlob}
  0x000078c2f4ece43c: 00e9 be5b 

  0x000078c2f4ece440: ;   {runtime_call StubRoutines (final stubs)}
  0x000078c2f4ece440: 1eff e8d9 | 4f1c ffe9 | 0ed5 ffff | f4f4 f4f4 
[Stub Code]
  0x000078c2f4ece450: ;   {no_reloc}
  0x000078c2f4ece450: 48bb 0000 | 0000 0000 

  0x000078c2f4ece458: ;   {runtime_call nmethod}
  0x000078c2f4ece458: 0000 e9fb 

  0x000078c2f4ece45c: ;   {static_stub}
  0x000078c2f4ece45c: ffff ff48 | bb00 0000 | 0000 0000 

  0x000078c2f4ece468: ;   {runtime_call nmethod}
  0x000078c2f4ece468: 00e9 fbff 

  0x000078c2f4ece46c: ;   {static_stub}
  0x000078c2f4ece46c: ffff 48bb | 0000 0000 | 0000 0000 

  0x000078c2f4ece478: ;   {runtime_call nmethod}
  0x000078c2f4ece478: e9fb ffff 

  0x000078c2f4ece47c: ;   {static_stub}
  0x000078c2f4ece47c: ff48 bb00 | 0000 0000 

  0x000078c2f4ece484: ;   {runtime_call nmethod}
  0x000078c2f4ece484: 0000 00e9 | fbff ffff 

  0x000078c2f4ece48c: ;   {static_stub}
  0x000078c2f4ece48c: 48bb 0000 | 0000 0000 

  0x000078c2f4ece494: ;   {runtime_call nmethod}
  0x000078c2f4ece494: 0000 e9fb 

  0x000078c2f4ece498: ;   {static_stub}
  0x000078c2f4ece498: ffff ff48 | bb88 7e60 | c9c2 7800 

  0x000078c2f4ece4a4: ;   {runtime_call I2C/C2I adapters}
  0x000078c2f4ece4a4: 00e9 b038 

  0x000078c2f4ece4a8: ;   {static_stub}
  0x000078c2f4ece4a8: 1eff 48bb | 0000 0000 | 0000 0000 

  0x000078c2f4ece4b4: ;   {runtime_call nmethod}
  0x000078c2f4ece4b4: e9fb ffff 

  0x000078c2f4ece4b8: ;   {static_stub}
  0x000078c2f4ece4b8: ff48 bb00 | 0000 0000 

  0x000078c2f4ece4c0: ;   {runtime_call nmethod}
  0x000078c2f4ece4c0: 0000 00e9 | fbff ffff 

  0x000078c2f4ece4c8: ;   {static_stub}
  0x000078c2f4ece4c8: 48bb 0000 | 0000 0000 

  0x000078c2f4ece4d0: ;   {runtime_call nmethod}
  0x000078c2f4ece4d0: 0000 e9fb 

  0x000078c2f4ece4d4: ;   {static_stub}
  0x000078c2f4ece4d4: ffff ff48 | bb00 0000 | 0000 0000 

  0x000078c2f4ece4e0: ;   {runtime_call nmethod}
  0x000078c2f4ece4e0: 00e9 fbff 

  0x000078c2f4ece4e4: ;   {static_stub}
  0x000078c2f4ece4e4: ffff 48bb | 0000 0000 | 0000 0000 

  0x000078c2f4ece4f0: ;   {runtime_call nmethod}
  0x000078c2f4ece4f0: e9fb ffff 

  0x000078c2f4ece4f4: ;   {static_stub}
  0x000078c2f4ece4f4: ff48 bb00 | 0000 0000 

  0x000078c2f4ece4fc: ;   {runtime_call nmethod}
  0x000078c2f4ece4fc: 0000 00e9 | fbff ffff 

  0x000078c2f4ece504: ;   {static_stub}
  0x000078c2f4ece504: 48bb 0000 | 0000 0000 

  0x000078c2f4ece50c: ;   {runtime_call nmethod}
  0x000078c2f4ece50c: 0000 e9fb 

  0x000078c2f4ece510: ;   {static_stub}
  0x000078c2f4ece510: ffff ff48 | bb00 0000 | 0000 0000 

  0x000078c2f4ece51c: ;   {runtime_call nmethod}
  0x000078c2f4ece51c: 00e9 fbff 

  0x000078c2f4ece520: ;   {static_stub}
  0x000078c2f4ece520: ffff 48bb | 0000 0000 | 0000 0000 

  0x000078c2f4ece52c: ;   {runtime_call nmethod}
  0x000078c2f4ece52c: e9fb ffff 

  0x000078c2f4ece530: ;   {static_stub}
  0x000078c2f4ece530: ff48 bb00 | 0000 0000 

  0x000078c2f4ece538: ;   {runtime_call nmethod}
  0x000078c2f4ece538: 0000 00e9 | fbff ffff 

  0x000078c2f4ece540: ;   {static_stub}
  0x000078c2f4ece540: 48bb 0000 | 0000 0000 

  0x000078c2f4ece548: ;   {runtime_call nmethod}
  0x000078c2f4ece548: 0000 e9fb 

  0x000078c2f4ece54c: ;   {static_stub}
  0x000078c2f4ece54c: ffff ff48 | bb00 0000 | 0000 0000 

  0x000078c2f4ece558: ;   {runtime_call nmethod}
  0x000078c2f4ece558: 00e9 fbff 

  0x000078c2f4ece55c: ;   {static_stub}
  0x000078c2f4ece55c: ffff 48bb | 0000 0000 | 0000 0000 

  0x000078c2f4ece568: ;   {runtime_call nmethod}
  0x000078c2f4ece568: e9fb ffff 

  0x000078c2f4ece56c: ;   {static_stub}
  0x000078c2f4ece56c: ff48 bb00 | 0000 0000 

  0x000078c2f4ece574: ;   {runtime_call nmethod}
  0x000078c2f4ece574: 0000 00e9 | fbff ffff 

  0x000078c2f4ece57c: ;   {static_stub}
  0x000078c2f4ece57c: 48bb 0000 | 0000 0000 

  0x000078c2f4ece584: ;   {runtime_call nmethod}
  0x000078c2f4ece584: 0000 e9fb 

  0x000078c2f4ece588: ;   {static_stub}
  0x000078c2f4ece588: ffff ff48 | bb00 0000 | 0000 0000 

  0x000078c2f4ece594: ;   {runtime_call nmethod}
  0x000078c2f4ece594: 00e9 fbff 

  0x000078c2f4ece598: ;   {static_stub}
  0x000078c2f4ece598: ffff 48bb | 0000 0000 | 0000 0000 

  0x000078c2f4ece5a4: ;   {runtime_call nmethod}
  0x000078c2f4ece5a4: e9fb ffff 

  0x000078c2f4ece5a8: ;   {static_stub}
  0x000078c2f4ece5a8: ff48 bb00 | 0000 0000 

  0x000078c2f4ece5b0: ;   {runtime_call nmethod}
  0x000078c2f4ece5b0: 0000 00e9 | fbff ffff 

  0x000078c2f4ece5b8: ;   {static_stub}
  0x000078c2f4ece5b8: 48bb 0000 | 0000 0000 

  0x000078c2f4ece5c0: ;   {runtime_call nmethod}
  0x000078c2f4ece5c0: 0000 e9fb 

  0x000078c2f4ece5c4: ;   {runtime_call ExceptionBlob}
  0x000078c2f4ece5c4: ffff ffe9 | b436 2aff 
[Deopt Handler Code]
  0x000078c2f4ece5cc: e800 0000 | 0048 832c 

  0x000078c2f4ece5d4: ;   {runtime_call DeoptimizationBlob}
  0x000078c2f4ece5d4: 2405 e9c5 | 4c1e fff4 | f4f4 f4f4 
[/MachCode]


---------------  P R O C E S S  ---------------

Threads class SMR info:
_java_thread_list=0x000078c2ac134b40, length=35, elements={
0x000078c30002e550, 0x000078c3001dc650, 0x000078c3001ddbd0, 0x000078c3001df4c0,
0x000078c3001e0a20, 0x000078c3001f1f90, 0x000078c3001f3af0, 0x000078c3001f51a0,
0x000078c30025e350, 0x000078c3002a3d20, 0x000078c3005ced90, 0x000078c300711b10,
0x000078c30072b710, 0x000078c2500a4e60, 0x000078c25025d640, 0x000078c300858c60,
0x000078c24c0568a0, 0x000078c300b1d5d0, 0x000078c300eb5ff0, 0x000078c1ec000ff0,
0x000078c300f40870, 0x000078c300fb1ac0, 0x000078c300fb7090, 0x000078c220023d00,
0x000078c220024e90, 0x000078c301271e50, 0x000078c1d4000ff0, 0x000078c30162c5e0,
0x000078c20c012e70, 0x000078c20c014f00, 0x000078c3014d1440, 0x000078c3014a8510,
0x000078c1d4021870, 0x000078c1a4072250, 0x000078c2ac4735e0
}

Java Threads: ( => current thread )
=>0x000078c30002e550 JavaThread "main"                              [_thread_in_native, id=1895339, stack(0x000078c305f00000,0x000078c306000000) (1024K)]
  0x000078c3001dc650 JavaThread "Reference Handler"          daemon [_thread_blocked, id=1895347, stack(0x000078c2e8300000,0x000078c2e8400000) (1024K)]
  0x000078c3001ddbd0 JavaThread "Finalizer"                  daemon [_thread_blocked, id=1895348, stack(0x000078c2e8200000,0x000078c2e8300000) (1024K)]
  0x000078c3001df4c0 JavaThread "Signal Dispatcher"          daemon [_thread_blocked, id=1895349, stack(0x000078c2e8100000,0x000078c2e8200000) (1024K)]
  0x000078c3001e0a20 JavaThread "Service Thread"             daemon [_thread_blocked, id=1895350, stack(0x000078c2e8000000,0x000078c2e8100000) (1024K)]
  0x000078c3001f1f90 JavaThread "Monitor Deflation Thread"   daemon [_thread_blocked, id=1895351, stack(0x000078c2b7f00000,0x000078c2b8000000) (1024K)]
  0x000078c3001f3af0 JavaThread "C2 CompilerThread0"         daemon [_thread_blocked, id=1895352, stack(0x000078c2b7e00000,0x000078c2b7f00000) (1024K)]
  0x000078c3001f51a0 JavaThread "C1 CompilerThread0"         daemon [_thread_blocked, id=1895353, stack(0x000078c2b7d00000,0x000078c2b7e00000) (1024K)]
  0x000078c30025e350 JavaThread "Common-Cleaner"             daemon [_thread_blocked, id=1895354, stack(0x000078c2b7c00000,0x000078c2b7d00000) (1024K)]
  0x000078c3002a3d20 JavaThread "Notification Thread"        daemon [_thread_blocked, id=1895356, stack(0x000078c2b7a00000,0x000078c2b7b00000) (1024K)]
  0x000078c3005ced90 JavaThread "Active Thread: Equinox Container: 145a8514-465d-43cb-8f4f-da4096b0ab8f"        [_thread_blocked, id=1895372, stack(0x000078c28ecfa000,0x000078c28edfa000) (1024K)]
  0x000078c300711b10 JavaThread "Framework Event Dispatcher: Equinox Container: 145a8514-465d-43cb-8f4f-da4096b0ab8f" daemon [_thread_blocked, id=1895374, stack(0x000078c28eafa000,0x000078c28ebfa000) (1024K)]
  0x000078c30072b710 JavaThread "Start Level: Equinox Container: 145a8514-465d-43cb-8f4f-da4096b0ab8f" daemon [_thread_blocked, id=1895375, stack(0x000078c28e9fa000,0x000078c28eafa000) (1024K)]
  0x000078c2500a4e60 JavaThread "SCR Component Actor"        daemon [_thread_blocked, id=1895376, stack(0x000078c28e0fa000,0x000078c28e1fa000) (1024K)]
  0x000078c25025d640 JavaThread "EMF Reference Cleaner"      daemon [_thread_blocked, id=1895377, stack(0x000078c28dffa000,0x000078c28e0fa000) (1024K)]
  0x000078c300858c60 JavaThread "Gogo shell"                        [_thread_blocked, id=1895386, stack(0x000078c28d6f2000,0x000078c28d7f2000) (1024K)]
  0x000078c24c0568a0 JavaThread "Worker-JM"                         [_thread_blocked, id=1895389, stack(0x000078c28d4f2000,0x000078c28d5f2000) (1024K)]
  0x000078c300b1d5d0 JavaThread "Worker-0"                          [_thread_blocked, id=1895390, stack(0x000078c28d5f2000,0x000078c28d6f2000) (1024K)]
  0x000078c300eb5ff0 JavaThread "Worker-1"                          [_thread_blocked, id=1895403, stack(0x000078c2134fd000,0x000078c2135fd000) (1024K)]
  0x000078c1ec000ff0 JavaThread "Database navigator events processor"        [_thread_blocked, id=1895404, stack(0x000078c213100000,0x000078c213200000) (1024K)]
  0x000078c300f40870 JavaThread "Bundle File Closer"         daemon [_thread_blocked, id=1895406, stack(0x000078c212eff000,0x000078c212fff000) (1024K)]
  0x000078c300fb1ac0 JavaThread "idle-timeout-task"          daemon [_thread_blocked, id=1895407, stack(0x000078c212dff000,0x000078c212eff000) (1024K)]
  0x000078c300fb7090 JavaThread "HTTP-Dispatcher"                   [_thread_in_native, id=1895408, stack(0x000078c212cff000,0x000078c212dff000) (1024K)]
  0x000078c220023d00 JavaThread "Worker-3"                          [_thread_blocked, id=1895409, stack(0x000078c212bff000,0x000078c212cff000) (1024K)]
  0x000078c220024e90 JavaThread "Worker-4"                          [_thread_blocked, id=1895410, stack(0x000078c212aff000,0x000078c212bff000) (1024K)]
  0x000078c301271e50 JavaThread "SWTResourceTracker"         daemon [_thread_blocked, id=1895411, stack(0x000078c2129ff000,0x000078c212aff000) (1024K)]
  0x000078c1d4000ff0 JavaThread "Worker-5"                          [_thread_blocked, id=1895412, stack(0x000078c28e6ea000,0x000078c28e7ea000) (1024K)]
  0x000078c30162c5e0 JavaThread "EventAdmin Async Event Dispatcher Thread" daemon [_thread_blocked, id=1895415, stack(0x000078c2120ff000,0x000078c2121ff000) (1024K)]
  0x000078c20c012e70 JavaThread "pool-2-thread-1"                   [_thread_blocked, id=1895416, stack(0x000078c211500000,0x000078c211600000) (1024K)]
  0x000078c20c014f00 JavaThread "pool-3-thread-1"                   [_thread_blocked, id=1895417, stack(0x000078c211100000,0x000078c211200000) (1024K)]
  0x000078c3014d1440 JavaThread "Java2D Disposer"            daemon [_thread_blocked, id=1895418, stack(0x000078c210dc0000,0x000078c210ec0000) (1024K)]
  0x000078c3014a8510 JavaThread "AWT-XAWT"                   daemon [_thread_in_native, id=1895419, stack(0x000078c210cc0000,0x000078c210dc0000) (1024K)]
  0x000078c1d4021870 JavaThread "Worker-6"                          [_thread_blocked, id=1895422, stack(0x000078c28f2ff000,0x000078c28f3ff000) (1024K)]
  0x000078c1a4072250 JavaThread "PostgreSQL-JDBC-Cleaner"    daemon [_thread_blocked, id=1895426, stack(0x000078c210279000,0x000078c210379000) (1024K)]
  0x000078c2ac4735e0 JavaThread "C1 CompilerThread1"         daemon [_thread_blocked, id=1895763, stack(0x000078c28f4ff000,0x000078c28f5ff000) (1024K)]
Total: 35

Other Threads:
  0x000078c30019d3f0 VMThread "VM Thread"                           [id=1895346, stack(0x000078c2e89ef000,0x000078c2e8aef000) (1024K)]
  0x000078c30010e8e0 WatcherThread "VM Periodic Task Thread"        [id=1895345, stack(0x000078c2e8af0000,0x000078c2e8bf0000) (1024K)]
  0x000078c30006c680 WorkerThread "GC Thread#0"                     [id=1895340, stack(0x000078c304a1c000,0x000078c304b1c000) (1024K)]
  0x000078c2d000a440 WorkerThread "GC Thread#1"                     [id=1895367, stack(0x000078c28f1ff000,0x000078c28f2ff000) (1024K)]
  0x000078c2d000ff90 WorkerThread "GC Thread#2"                     [id=1895368, stack(0x000078c28f0fe000,0x000078c28f1fe000) (1024K)]
  0x000078c2d0010a20 WorkerThread "GC Thread#3"                     [id=1895369, stack(0x000078c28effd000,0x000078c28f0fd000) (1024K)]
  0x000078c2d0011590 WorkerThread "GC Thread#4"                     [id=1895370, stack(0x000078c28eefc000,0x000078c28effc000) (1024K)]
  0x000078c2d0012120 WorkerThread "GC Thread#5"                     [id=1895371, stack(0x000078c28edfb000,0x000078c28eefb000) (1024K)]
  0x000078c2d0013d80 WorkerThread "GC Thread#6"                     [id=1895378, stack(0x000078c28defa000,0x000078c28dffa000) (1024K)]
  0x000078c2d0014650 WorkerThread "GC Thread#7"                     [id=1895379, stack(0x000078c28ddf9000,0x000078c28def9000) (1024K)]
  0x000078c2d00150f0 WorkerThread "GC Thread#8"                     [id=1895380, stack(0x000078c28dcf8000,0x000078c28ddf8000) (1024K)]
  0x000078c2d0015c10 WorkerThread "GC Thread#9"                     [id=1895381, stack(0x000078c28dbf7000,0x000078c28dcf7000) (1024K)]
  0x000078c2d000d7b0 WorkerThread "GC Thread#10"                    [id=1895396, stack(0x000078c28e4fa000,0x000078c28e5fa000) (1024K)]
  0x000078c2d001b510 WorkerThread "GC Thread#11"                    [id=1895397, stack(0x000078c28e3f9000,0x000078c28e4f9000) (1024K)]
  0x000078c2d001beb0 WorkerThread "GC Thread#12"                    [id=1895398, stack(0x000078c28e2f8000,0x000078c28e3f8000) (1024K)]
  0x000078c2d001c990 WorkerThread "GC Thread#13"                    [id=1895399, stack(0x000078c28c1e2000,0x000078c28c2e2000) (1024K)]
  0x000078c2d001d4b0 WorkerThread "GC Thread#14"                    [id=1895400, stack(0x000078c28c0e1000,0x000078c28c1e1000) (1024K)]
  0x000078c2d001dfd0 WorkerThread "GC Thread#15"                    [id=1895401, stack(0x000078c2136ff000,0x000078c2137ff000) (1024K)]
  0x000078c2d001eb60 WorkerThread "GC Thread#16"                    [id=1895402, stack(0x000078c2135fe000,0x000078c2136fe000) (1024K)]
  0x000078c2d000cd90 WorkerThread "GC Thread#17"                    [id=1895405, stack(0x000078c213000000,0x000078c213100000) (1024K)]
  0x000078c300075ce0 ConcurrentGCThread "G1 Main Marker"            [id=1895341, stack(0x000078c304500000,0x000078c304600000) (1024K)]
  0x000078c300076cb0 WorkerThread "G1 Conc#0"                       [id=1895342, stack(0x000078c3043ff000,0x000078c3044ff000) (1024K)]
  0x000078c2dc000d90 WorkerThread "G1 Conc#1"                       [id=1895382, stack(0x000078c28daf6000,0x000078c28dbf6000) (1024K)]
  0x000078c2dc0018f0 WorkerThread "G1 Conc#2"                       [id=1895383, stack(0x000078c28d9f5000,0x000078c28daf5000) (1024K)]
  0x000078c2dc002450 WorkerThread "G1 Conc#3"                       [id=1895384, stack(0x000078c28d8f4000,0x000078c28d9f4000) (1024K)]
  0x000078c2dc002fe0 WorkerThread "G1 Conc#4"                       [id=1895385, stack(0x000078c28d7f3000,0x000078c28d8f3000) (1024K)]
  0x000078c3000fec40 ConcurrentGCThread "G1 Refine#0"               [id=1895343, stack(0x000078c2e8cf2000,0x000078c2e8df2000) (1024K)]
  0x000078c3000ffbf0 ConcurrentGCThread "G1 Service"                [id=1895344, stack(0x000078c2e8bf1000,0x000078c2e8cf1000) (1024K)]
Total: 28

Threads with active compile tasks:
Total: 0

VM state: not at safepoint (normal execution)

VM Mutex/Monitor currently owned by a thread: None

Heap address: 0x00000000c0000000, size: 1024 MB, Compressed Oops mode: 32-bit

CDS archive(s) not mapped
Compressed class space mapped at: 0x0000000100000000-0x0000000140000000, reserved size: 1073741824
Narrow klass base: 0x0000000000000000, Narrow klass shift: 3, Narrow klass range: 0x140000000

GC Precious Log:
 CardTable entry size: 512
 Card Set container configuration: InlinePtr #cards 5 size 8 Array Of Cards #cards 12 size 40 Howl #buckets 4 coarsen threshold 1843 Howl Bitmap #cards 512 size 80 coarsen threshold 460 Card regions per heap region 1 cards per card region 2048
 CPUs: 24 total, 24 available
 Memory: 31884M
 Large Page Support: Disabled
 NUMA Support: Disabled
 Compressed Oops: Enabled (32-bit)
 Heap Region Size: 1M
 Heap Min Capacity: 64M
 Heap Initial Capacity: 64M
 Heap Max Capacity: 1G
 Pre-touch: Disabled
 Parallel Workers: 18
 Concurrent Workers: 5
 Concurrent Refinement Workers: 18
 Periodic GC: Disabled

Heap:
 garbage-first heap   total 121856K, used 66714K [0x00000000c0000000, 0x0000000100000000)
  region size 1024K, 10 young (10240K), 1 survivors (1024K)
 Metaspace       used 89861K, committed 91968K, reserved 1179648K
  class space    used 10328K, committed 11200K, reserved 1048576K

Heap Regions: E=young(eden), S=young(survivor), O=old, HS=humongous(starts), HC=humongous(continues), CS=collection set, F=free, TAMS=top-at-mark-start, PB=parsable bottom
|   0|0x00000000c0000000, 0x00000000c0100000, 0x00000000c0100000|100%| O|  |TAMS 0x00000000c0000000| PB 0x00000000c0000000| Untracked 
|   1|0x00000000c0100000, 0x00000000c0200000, 0x00000000c0200000|100%| O|  |TAMS 0x00000000c0100000| PB 0x00000000c0100000| Untracked 
|   2|0x00000000c0200000, 0x00000000c0300000, 0x00000000c0300000|100%| O|  |TAMS 0x00000000c0200000| PB 0x00000000c0200000| Untracked 
|   3|0x00000000c0300000, 0x00000000c0400000, 0x00000000c0400000|100%| O|  |TAMS 0x00000000c0300000| PB 0x00000000c0300000| Untracked 
|   4|0x00000000c0400000, 0x00000000c0500000, 0x00000000c0500000|100%| O|  |TAMS 0x00000000c0400000| PB 0x00000000c0400000| Untracked 
|   5|0x00000000c0500000, 0x00000000c0600000, 0x00000000c0600000|100%| O|  |TAMS 0x00000000c0500000| PB 0x00000000c0500000| Untracked 
|   6|0x00000000c0600000, 0x00000000c0600810, 0x00000000c0700000|  0%| O|  |TAMS 0x00000000c0600000| PB 0x00000000c0600000| Untracked 
|   7|0x00000000c0700000, 0x00000000c0800000, 0x00000000c0800000|100%| O|  |TAMS 0x00000000c0700000| PB 0x00000000c0700000| Untracked 
|   8|0x00000000c0800000, 0x00000000c0900000, 0x00000000c0900000|100%| O|  |TAMS 0x00000000c0800000| PB 0x00000000c0800000| Untracked 
|   9|0x00000000c0900000, 0x00000000c0a00000, 0x00000000c0a00000|100%| O|  |TAMS 0x00000000c0900000| PB 0x00000000c0900000| Untracked 
|  10|0x00000000c0a00000, 0x00000000c0b00000, 0x00000000c0b00000|100%| O|  |TAMS 0x00000000c0a00000| PB 0x00000000c0a00000| Untracked 
|  11|0x00000000c0b00000, 0x00000000c0c00000, 0x00000000c0c00000|100%| O|  |TAMS 0x00000000c0b00000| PB 0x00000000c0b00000| Untracked 
|  12|0x00000000c0c00000, 0x00000000c0d00000, 0x00000000c0d00000|100%| O|  |TAMS 0x00000000c0c00000| PB 0x00000000c0c00000| Untracked 
|  13|0x00000000c0d00000, 0x00000000c0e00000, 0x00000000c0e00000|100%| O|  |TAMS 0x00000000c0d00000| PB 0x00000000c0d00000| Untracked 
|  14|0x00000000c0e00000, 0x00000000c0f00000, 0x00000000c0f00000|100%| O|  |TAMS 0x00000000c0e00000| PB 0x00000000c0e00000| Untracked 
|  15|0x00000000c0f00000, 0x00000000c1000000, 0x00000000c1000000|100%| O|  |TAMS 0x00000000c0f00000| PB 0x00000000c0f00000| Untracked 
|  16|0x00000000c1000000, 0x00000000c1100000, 0x00000000c1100000|100%| O|  |TAMS 0x00000000c1000000| PB 0x00000000c1000000| Untracked 
|  17|0x00000000c1100000, 0x00000000c1200000, 0x00000000c1200000|100%| O|  |TAMS 0x00000000c1100000| PB 0x00000000c1100000| Untracked 
|  18|0x00000000c1200000, 0x00000000c1300000, 0x00000000c1300000|100%| O|  |TAMS 0x00000000c1200000| PB 0x00000000c1200000| Untracked 
|  19|0x00000000c1300000, 0x00000000c1400000, 0x00000000c1400000|100%| O|  |TAMS 0x00000000c1300000| PB 0x00000000c1300000| Untracked 
|  20|0x00000000c1400000, 0x00000000c1500000, 0x00000000c1500000|100%| O|  |TAMS 0x00000000c1400000| PB 0x00000000c1400000| Untracked 
|  21|0x00000000c1500000, 0x00000000c1600000, 0x00000000c1600000|100%| O|Cm|TAMS 0x00000000c1500000| PB 0x00000000c1500000| Complete 
|  22|0x00000000c1600000, 0x00000000c1700000, 0x00000000c1700000|100%| O|  |TAMS 0x00000000c1600000| PB 0x00000000c1600000| Untracked 
|  23|0x00000000c1700000, 0x00000000c1800000, 0x00000000c1800000|100%| O|  |TAMS 0x00000000c1700000| PB 0x00000000c1700000| Untracked 
|  24|0x00000000c1800000, 0x00000000c1900000, 0x00000000c1900000|100%| O|  |TAMS 0x00000000c1800000| PB 0x00000000c1800000| Untracked 
|  25|0x00000000c1900000, 0x00000000c1a00000, 0x00000000c1a00000|100%| O|  |TAMS 0x00000000c1900000| PB 0x00000000c1900000| Untracked 
|  26|0x00000000c1a00000, 0x00000000c1b00000, 0x00000000c1b00000|100%| O|  |TAMS 0x00000000c1a00000| PB 0x00000000c1a00000| Untracked 
|  27|0x00000000c1b00000, 0x00000000c1c00000, 0x00000000c1c00000|100%| O|  |TAMS 0x00000000c1b00000| PB 0x00000000c1b00000| Untracked 
|  28|0x00000000c1c00000, 0x00000000c1d00000, 0x00000000c1d00000|100%| O|  |TAMS 0x00000000c1c00000| PB 0x00000000c1c00000| Untracked 
|  29|0x00000000c1d00000, 0x00000000c1e00000, 0x00000000c1e00000|100%| O|  |TAMS 0x00000000c1d00000| PB 0x00000000c1d00000| Untracked 
|  30|0x00000000c1e00000, 0x00000000c1f00000, 0x00000000c1f00000|100%| O|  |TAMS 0x00000000c1e00000| PB 0x00000000c1e00000| Untracked 
|  31|0x00000000c1f00000, 0x00000000c2000000, 0x00000000c2000000|100%| O|  |TAMS 0x00000000c1f00000| PB 0x00000000c1f00000| Untracked 
|  32|0x00000000c2000000, 0x00000000c2100000, 0x00000000c2100000|100%| O|  |TAMS 0x00000000c2000000| PB 0x00000000c2000000| Untracked 
|  33|0x00000000c2100000, 0x00000000c2200000, 0x00000000c2200000|100%| O|  |TAMS 0x00000000c2100000| PB 0x00000000c2100000| Untracked 
|  34|0x00000000c2200000, 0x00000000c2300000, 0x00000000c2300000|100%| O|  |TAMS 0x00000000c2200000| PB 0x00000000c2200000| Untracked 
|  35|0x00000000c2300000, 0x00000000c2400000, 0x00000000c2400000|100%| O|  |TAMS 0x00000000c2300000| PB 0x00000000c2300000| Untracked 
|  36|0x00000000c2400000, 0x00000000c2500000, 0x00000000c2500000|100%| O|  |TAMS 0x00000000c2400000| PB 0x00000000c2400000| Untracked 
|  37|0x00000000c2500000, 0x00000000c2600000, 0x00000000c2600000|100%| O|  |TAMS 0x00000000c2500000| PB 0x00000000c2500000| Untracked 
|  38|0x00000000c2600000, 0x00000000c2700000, 0x00000000c2700000|100%| O|  |TAMS 0x00000000c2600000| PB 0x00000000c2600000| Untracked 
|  39|0x00000000c2700000, 0x00000000c2800000, 0x00000000c2800000|100%| O|  |TAMS 0x00000000c2700000| PB 0x00000000c2700000| Untracked 
|  40|0x00000000c2800000, 0x00000000c2900000, 0x00000000c2900000|100%| O|  |TAMS 0x00000000c2800000| PB 0x00000000c2800000| Untracked 
|  41|0x00000000c2900000, 0x00000000c2a00000, 0x00000000c2a00000|100%|HS|  |TAMS 0x00000000c2900000| PB 0x00000000c2900000| Complete 
|  42|0x00000000c2a00000, 0x00000000c2b00000, 0x00000000c2b00000|100%|HS|  |TAMS 0x00000000c2a00000| PB 0x00000000c2a00000| Complete 
|  43|0x00000000c2b00000, 0x00000000c2c00000, 0x00000000c2c00000|100%| O|  |TAMS 0x00000000c2b00000| PB 0x00000000c2b00000| Untracked 
|  44|0x00000000c2c00000, 0x00000000c2d00000, 0x00000000c2d00000|100%| O|  |TAMS 0x00000000c2c00000| PB 0x00000000c2c00000| Untracked 
|  45|0x00000000c2d00000, 0x00000000c2e00000, 0x00000000c2e00000|100%| O|  |TAMS 0x00000000c2d00000| PB 0x00000000c2d00000| Untracked 
|  46|0x00000000c2e00000, 0x00000000c2f00000, 0x00000000c2f00000|100%| O|  |TAMS 0x00000000c2e00000| PB 0x00000000c2e00000| Untracked 
|  47|0x00000000c2f00000, 0x00000000c3000000, 0x00000000c3000000|100%| O|  |TAMS 0x00000000c2f00000| PB 0x00000000c2f00000| Untracked 
|  48|0x00000000c3000000, 0x00000000c3100000, 0x00000000c3100000|100%| O|  |TAMS 0x00000000c3000000| PB 0x00000000c3000000| Untracked 
|  49|0x00000000c3100000, 0x00000000c3200000, 0x00000000c3200000|100%| O|  |TAMS 0x00000000c3100000| PB 0x00000000c3100000| Untracked 
|  50|0x00000000c3200000, 0x00000000c3300000, 0x00000000c3300000|100%| O|  |TAMS 0x00000000c3200000| PB 0x00000000c3200000| Untracked 
|  51|0x00000000c3300000, 0x00000000c3400000, 0x00000000c3400000|100%| O|  |TAMS 0x00000000c3300000| PB 0x00000000c3300000| Untracked 
|  52|0x00000000c3400000, 0x00000000c3400000, 0x00000000c3500000|  0%| F|  |TAMS 0x00000000c3400000| PB 0x00000000c3400000| Untracked 
|  53|0x00000000c3500000, 0x00000000c3600000, 0x00000000c3600000|100%| O|  |TAMS 0x00000000c3500000| PB 0x00000000c3500000| Untracked 
|  54|0x00000000c3600000, 0x00000000c3700000, 0x00000000c3700000|100%| O|  |TAMS 0x00000000c3600000| PB 0x00000000c3600000| Untracked 
|  55|0x00000000c3700000, 0x00000000c3800000, 0x00000000c3800000|100%| O|  |TAMS 0x00000000c3700000| PB 0x00000000c3700000| Untracked 
|  56|0x00000000c3800000, 0x00000000c3900000, 0x00000000c3900000|100%| O|  |TAMS 0x00000000c3800000| PB 0x00000000c3800000| Untracked 
|  57|0x00000000c3900000, 0x00000000c3a00000, 0x00000000c3a00000|100%| O|  |TAMS 0x00000000c3900000| PB 0x00000000c3900000| Untracked 
|  58|0x00000000c3a00000, 0x00000000c3a00000, 0x00000000c3b00000|  0%| F|  |TAMS 0x00000000c3a00000| PB 0x00000000c3a00000| Untracked 
|  59|0x00000000c3b00000, 0x00000000c3b00000, 0x00000000c3c00000|  0%| F|  |TAMS 0x00000000c3b00000| PB 0x00000000c3b00000| Untracked 
|  60|0x00000000c3c00000, 0x00000000c3c00000, 0x00000000c3d00000|  0%| F|  |TAMS 0x00000000c3c00000| PB 0x00000000c3c00000| Untracked 
|  61|0x00000000c3d00000, 0x00000000c3d00000, 0x00000000c3e00000|  0%| F|  |TAMS 0x00000000c3d00000| PB 0x00000000c3d00000| Untracked 
|  62|0x00000000c3e00000, 0x00000000c3e00000, 0x00000000c3f00000|  0%| F|  |TAMS 0x00000000c3e00000| PB 0x00000000c3e00000| Untracked 
|  63|0x00000000c3f00000, 0x00000000c3f00000, 0x00000000c4000000|  0%| F|  |TAMS 0x00000000c3f00000| PB 0x00000000c3f00000| Untracked 
|  64|0x00000000c4000000, 0x00000000c40260d0, 0x00000000c4100000| 14%| S|CS|TAMS 0x00000000c4000000| PB 0x00000000c4000000| Complete 
|  65|0x00000000c4100000, 0x00000000c4100000, 0x00000000c4200000|  0%| F|  |TAMS 0x00000000c4100000| PB 0x00000000c4100000| Untracked 
|  66|0x00000000c4200000, 0x00000000c4200000, 0x00000000c4300000|  0%| F|  |TAMS 0x00000000c4200000| PB 0x00000000c4200000| Untracked 
|  67|0x00000000c4300000, 0x00000000c4300000, 0x00000000c4400000|  0%| F|  |TAMS 0x00000000c4300000| PB 0x00000000c4300000| Untracked 
|  68|0x00000000c4400000, 0x00000000c4400000, 0x00000000c4500000|  0%| F|  |TAMS 0x00000000c4400000| PB 0x00000000c4400000| Untracked 
|  69|0x00000000c4500000, 0x00000000c4500000, 0x00000000c4600000|  0%| F|  |TAMS 0x00000000c4500000| PB 0x00000000c4500000| Untracked 
|  70|0x00000000c4600000, 0x00000000c4600000, 0x00000000c4700000|  0%| F|  |TAMS 0x00000000c4600000| PB 0x00000000c4600000| Untracked 
|  71|0x00000000c4700000, 0x00000000c4700000, 0x00000000c4800000|  0%| F|  |TAMS 0x00000000c4700000| PB 0x00000000c4700000| Untracked 
|  72|0x00000000c4800000, 0x00000000c4800000, 0x00000000c4900000|  0%| F|  |TAMS 0x00000000c4800000| PB 0x00000000c4800000| Untracked 
|  73|0x00000000c4900000, 0x00000000c4900000, 0x00000000c4a00000|  0%| F|  |TAMS 0x00000000c4900000| PB 0x00000000c4900000| Untracked 
|  74|0x00000000c4a00000, 0x00000000c4a00000, 0x00000000c4b00000|  0%| F|  |TAMS 0x00000000c4a00000| PB 0x00000000c4a00000| Untracked 
|  75|0x00000000c4b00000, 0x00000000c4b00000, 0x00000000c4c00000|  0%| F|  |TAMS 0x00000000c4b00000| PB 0x00000000c4b00000| Untracked 
|  76|0x00000000c4c00000, 0x00000000c4c00000, 0x00000000c4d00000|  0%| F|  |TAMS 0x00000000c4c00000| PB 0x00000000c4c00000| Untracked 
|  77|0x00000000c4d00000, 0x00000000c4e00000, 0x00000000c4e00000|100%| O|  |TAMS 0x00000000c4d00000| PB 0x00000000c4d00000| Untracked 
|  78|0x00000000c4e00000, 0x00000000c4e00000, 0x00000000c4f00000|  0%| F|  |TAMS 0x00000000c4e00000| PB 0x00000000c4e00000| Untracked 
|  79|0x00000000c4f00000, 0x00000000c4f00000, 0x00000000c5000000|  0%| F|  |TAMS 0x00000000c4f00000| PB 0x00000000c4f00000| Untracked 
|  80|0x00000000c5000000, 0x00000000c5000000, 0x00000000c5100000|  0%| F|  |TAMS 0x00000000c5000000| PB 0x00000000c5000000| Untracked 
|  81|0x00000000c5100000, 0x00000000c5100000, 0x00000000c5200000|  0%| F|  |TAMS 0x00000000c5100000| PB 0x00000000c5100000| Untracked 
|  82|0x00000000c5200000, 0x00000000c5200000, 0x00000000c5300000|  0%| F|  |TAMS 0x00000000c5200000| PB 0x00000000c5200000| Untracked 
|  83|0x00000000c5300000, 0x00000000c5300000, 0x00000000c5400000|  0%| F|  |TAMS 0x00000000c5300000| PB 0x00000000c5300000| Untracked 
|  84|0x00000000c5400000, 0x00000000c5400000, 0x00000000c5500000|  0%| F|  |TAMS 0x00000000c5400000| PB 0x00000000c5400000| Untracked 
|  85|0x00000000c5500000, 0x00000000c5500000, 0x00000000c5600000|  0%| F|  |TAMS 0x00000000c5500000| PB 0x00000000c5500000| Untracked 
|  86|0x00000000c5600000, 0x00000000c5600000, 0x00000000c5700000|  0%| F|  |TAMS 0x00000000c5600000| PB 0x00000000c5600000| Untracked 
|  87|0x00000000c5700000, 0x00000000c5700000, 0x00000000c5800000|  0%| F|  |TAMS 0x00000000c5700000| PB 0x00000000c5700000| Untracked 
|  88|0x00000000c5800000, 0x00000000c5800000, 0x00000000c5900000|  0%| F|  |TAMS 0x00000000c5800000| PB 0x00000000c5800000| Untracked 
|  89|0x00000000c5900000, 0x00000000c5900000, 0x00000000c5a00000|  0%| F|  |TAMS 0x00000000c5900000| PB 0x00000000c5900000| Untracked 
|  90|0x00000000c5a00000, 0x00000000c5a00000, 0x00000000c5b00000|  0%| F|  |TAMS 0x00000000c5a00000| PB 0x00000000c5a00000| Untracked 
|  91|0x00000000c5b00000, 0x00000000c5b00000, 0x00000000c5c00000|  0%| F|  |TAMS 0x00000000c5b00000| PB 0x00000000c5b00000| Untracked 
|  92|0x00000000c5c00000, 0x00000000c5c00000, 0x00000000c5d00000|  0%| F|  |TAMS 0x00000000c5c00000| PB 0x00000000c5c00000| Untracked 
|  93|0x00000000c5d00000, 0x00000000c5d00000, 0x00000000c5e00000|  0%| F|  |TAMS 0x00000000c5d00000| PB 0x00000000c5d00000| Untracked 
|  94|0x00000000c5e00000, 0x00000000c5e00000, 0x00000000c5f00000|  0%| F|  |TAMS 0x00000000c5e00000| PB 0x00000000c5e00000| Untracked 
|  95|0x00000000c5f00000, 0x00000000c5f00000, 0x00000000c6000000|  0%| F|  |TAMS 0x00000000c5f00000| PB 0x00000000c5f00000| Untracked 
|  96|0x00000000c6000000, 0x00000000c6000000, 0x00000000c6100000|  0%| F|  |TAMS 0x00000000c6000000| PB 0x00000000c6000000| Untracked 
|  97|0x00000000c6100000, 0x00000000c6100000, 0x00000000c6200000|  0%| F|  |TAMS 0x00000000c6100000| PB 0x00000000c6100000| Untracked 
|  98|0x00000000c6200000, 0x00000000c6200000, 0x00000000c6300000|  0%| F|  |TAMS 0x00000000c6200000| PB 0x00000000c6200000| Untracked 
|  99|0x00000000c6300000, 0x00000000c6300000, 0x00000000c6400000|  0%| F|  |TAMS 0x00000000c6300000| PB 0x00000000c6300000| Untracked 
| 100|0x00000000c6400000, 0x00000000c6400000, 0x00000000c6500000|  0%| F|  |TAMS 0x00000000c6400000| PB 0x00000000c6400000| Untracked 
| 101|0x00000000c6500000, 0x00000000c6500000, 0x00000000c6600000|  0%| F|  |TAMS 0x00000000c6500000| PB 0x00000000c6500000| Untracked 
| 102|0x00000000c6600000, 0x00000000c6600000, 0x00000000c6700000|  0%| F|  |TAMS 0x00000000c6600000| PB 0x00000000c6600000| Untracked 
| 103|0x00000000c6700000, 0x00000000c6700000, 0x00000000c6800000|  0%| F|  |TAMS 0x00000000c6700000| PB 0x00000000c6700000| Untracked 
| 104|0x00000000c6800000, 0x00000000c6800000, 0x00000000c6900000|  0%| F|  |TAMS 0x00000000c6800000| PB 0x00000000c6800000| Untracked 
| 105|0x00000000c6900000, 0x00000000c6900000, 0x00000000c6a00000|  0%| F|  |TAMS 0x00000000c6900000| PB 0x00000000c6900000| Untracked 
| 106|0x00000000c6a00000, 0x00000000c6a00000, 0x00000000c6b00000|  0%| F|  |TAMS 0x00000000c6a00000| PB 0x00000000c6a00000| Untracked 
| 107|0x00000000c6b00000, 0x00000000c6b00000, 0x00000000c6c00000|  0%| F|  |TAMS 0x00000000c6b00000| PB 0x00000000c6b00000| Untracked 
| 108|0x00000000c6c00000, 0x00000000c6c00000, 0x00000000c6d00000|  0%| F|  |TAMS 0x00000000c6c00000| PB 0x00000000c6c00000| Untracked 
| 109|0x00000000c6d00000, 0x00000000c6d00000, 0x00000000c6e00000|  0%| F|  |TAMS 0x00000000c6d00000| PB 0x00000000c6d00000| Untracked 
| 110|0x00000000c6e00000, 0x00000000c6f00000, 0x00000000c6f00000|100%| E|  |TAMS 0x00000000c6e00000| PB 0x00000000c6e00000| Complete 
| 111|0x00000000c6f00000, 0x00000000c7000000, 0x00000000c7000000|100%| E|CS|TAMS 0x00000000c6f00000| PB 0x00000000c6f00000| Complete 
| 112|0x00000000c7000000, 0x00000000c7100000, 0x00000000c7100000|100%| E|CS|TAMS 0x00000000c7000000| PB 0x00000000c7000000| Complete 
| 113|0x00000000c7100000, 0x00000000c7200000, 0x00000000c7200000|100%| E|CS|TAMS 0x00000000c7100000| PB 0x00000000c7100000| Complete 
| 114|0x00000000c7200000, 0x00000000c7300000, 0x00000000c7300000|100%| E|CS|TAMS 0x00000000c7200000| PB 0x00000000c7200000| Complete 
| 115|0x00000000c7300000, 0x00000000c7400000, 0x00000000c7400000|100%| E|CS|TAMS 0x00000000c7300000| PB 0x00000000c7300000| Complete 
|1021|0x00000000ffd00000, 0x00000000ffe00000, 0x00000000ffe00000|100%| E|CS|TAMS 0x00000000ffd00000| PB 0x00000000ffd00000| Complete 
|1022|0x00000000ffe00000, 0x00000000fff00000, 0x00000000fff00000|100%| E|CS|TAMS 0x00000000ffe00000| PB 0x00000000ffe00000| Complete 
|1023|0x00000000fff00000, 0x0000000100000000, 0x0000000100000000|100%| E|CS|TAMS 0x00000000fff00000| PB 0x00000000fff00000| Complete 

Card table byte_map: [0x000078c304600000,0x000078c304800000] _byte_map_base: 0x000078c304000000

Marking Bits: (CMBitMap*) 0x000078c30006d1a0
 Bits: [0x000078c2ebc00000, 0x000078c2ecc00000)

Polling page: 0x000078c307a0a000

Metaspace:

Usage:
  Non-class:     77.67 MB used.
      Class:     10.09 MB used.
       Both:     87.76 MB used.

Virtual space:
  Non-class space:      128.00 MB reserved,      78.88 MB ( 62%) committed,  2 nodes.
      Class space:        1.00 GB reserved,      10.94 MB (  1%) committed,  1 nodes.
             Both:        1.12 GB reserved,      89.81 MB (  8%) committed. 

Chunk freelists:
   Non-Class:  496.00 KB
       Class:  5.06 MB
        Both:  5.54 MB

MaxMetaspaceSize: unlimited
CompressedClassSpaceSize: 1.00 GB
Initial GC threshold: 21.00 MB
Current GC threshold: 149.69 MB
CDS: off
 - commit_granule_bytes: 65536.
 - commit_granule_words: 8192.
 - virtual_space_node_default_size: 8388608.
 - enlarge_chunks_in_place: 1.
 - use_allocation_guard: 0.


Internal statistics:

num_allocs_failed_limit: 9.
num_arena_births: 1418.
num_arena_deaths: 0.
num_vsnodes_births: 3.
num_vsnodes_deaths: 0.
num_space_committed: 1431.
num_space_uncommitted: 0.
num_chunks_returned_to_freelist: 9.
num_chunks_taken_from_freelist: 5243.
num_chunk_merges: 3.
num_chunk_splits: 3142.
num_chunks_enlarged: 1623.
num_inconsistent_stats: 0.

CodeHeap 'non-profiled nmethods': size=119168Kb used=6897Kb max_used=7785Kb free=112270Kb
 bounds [0x000078c2f47a0000, 0x000078c2f4f60000, 0x000078c2fbc00000]
CodeHeap 'profiled nmethods': size=119164Kb used=10241Kb max_used=21016Kb free=108922Kb
 bounds [0x000078c2ecc00000, 0x000078c2ee090000, 0x000078c2f405f000]
CodeHeap 'non-nmethods': size=7428Kb used=2604Kb max_used=3790Kb free=4823Kb
 bounds [0x000078c2f405f000, 0x000078c2f441f000, 0x000078c2f47a0000]
CodeCache: size=245760Kb, used=19742Kb, max_used=32591Kb, free=226015Kb
 total_blobs=7002, nmethods=5958, adapters=946, full_count=0
Compilation: enabled, stopped_count=0, restarted_count=0

Compilation events (20 events):
Event: 153.526 Thread 0x000078c3001f51a0 14955       1       java.time.Instant::getNano (5 bytes)
Event: 153.526 Thread 0x000078c3001f51a0 nmethod 14955 0x000078c2f48fe710 code [0x000078c2f48fe8a0, 0x000078c2f48fe960]
Event: 153.526 Thread 0x000078c2ac4735e0 nmethod 14961 0x000078c2edecb210 code [0x000078c2edecb3c0, 0x000078c2edecb5a8]
Event: 153.526 Thread 0x000078c3001f51a0 14959       1       java.time.format.DateTimeFormatterBuilder$SettingsParser::format (2 bytes)
Event: 153.526 Thread 0x000078c2ac4735e0 14962       1       org.jkiss.dbeaver.model.exec.DBCStatistics::getRowsFetched (5 bytes)
Event: 153.526 Thread 0x000078c3001f51a0 nmethod 14959 0x000078c2f48fe410 code [0x000078c2f48fe5a0, 0x000078c2f48fe660]
Event: 153.526 Thread 0x000078c3001f51a0 14963       1       org.jkiss.dbeaver.model.exec.DBCStatistics::getRowsUpdated (5 bytes)
Event: 153.526 Thread 0x000078c2ac4735e0 nmethod 14962 0x000078c2f48fe110 code [0x000078c2f48fe2a0, 0x000078c2f48fe360]
Event: 153.526 Thread 0x000078c3001f51a0 nmethod 14963 0x000078c2f48fde10 code [0x000078c2f48fdfa0, 0x000078c2f48fe060]
Event: 153.526 Thread 0x000078c3001f51a0 14964       1       org.jkiss.dbeaver.model.exec.DBCStatistics::getFetchTime (5 bytes)
Event: 153.526 Thread 0x000078c2ac4735e0 14965       1       org.jkiss.dbeaver.model.exec.DBCStatistics::getError (5 bytes)
Event: 153.526 Thread 0x000078c3001f51a0 nmethod 14964 0x000078c2f4981c10 code [0x000078c2f4981da0, 0x000078c2f4981e60]
Event: 153.526 Thread 0x000078c2ac4735e0 nmethod 14965 0x000078c2f4981910 code [0x000078c2f4981aa0, 0x000078c2f4981b60]
Event: 153.542 Thread 0x000078c3001f3af0 14966   !   4       org.eclipse.e4.ui.bindings.internal.BindingServiceImpl::setContextIds (131 bytes)
Event: 153.542 Thread 0x000078c3001f51a0 14967       1       org.eclipse.ui.internal.services.EvaluationResultCache::getExpression (5 bytes)
Event: 153.542 Thread 0x000078c3001f51a0 nmethod 14967 0x000078c2f4981610 code [0x000078c2f49817a0, 0x000078c2f4981860]
Event: 153.542 Thread 0x000078c2ac4735e0 14968       3       org.eclipse.swt.widgets.Widget::fixMnemonic (8 bytes)
Event: 153.542 Thread 0x000078c2ac4735e0 nmethod 14968 0x000078c2edf39d10 code [0x000078c2edf39ec0, 0x000078c2edf3a078]
Event: 153.546 Thread 0x000078c3001f51a0 14970       3       org.eclipse.e4.ui.css.swt.internal.theme.ThemeEngine::applyStyles (59 bytes)
Event: 153.547 Thread 0x000078c3001f51a0 nmethod 14970 0x000078c2edb40710 code [0x000078c2edb40920, 0x000078c2edb41108]

GC Heap History (20 events):
Event: 104.441 GC heap before
{Heap before GC invocations=97 (full 0):
 garbage-first heap   total 121856K, used 112101K [0x00000000c0000000, 0x0000000100000000)
  region size 1024K, 53 young (54272K), 1 survivors (1024K)
 Metaspace       used 89776K, committed 91904K, reserved 1179648K
  class space    used 10327K, committed 11200K, reserved 1048576K
}
Event: 104.441 GC heap after
{Heap after GC invocations=98 (full 0):
 garbage-first heap   total 121856K, used 58865K [0x00000000c0000000, 0x0000000100000000)
  region size 1024K, 1 young (1024K), 1 survivors (1024K)
 Metaspace       used 89776K, committed 91904K, reserved 1179648K
  class space    used 10327K, committed 11200K, reserved 1048576K
}
Event: 106.877 GC heap before
{Heap before GC invocations=98 (full 0):
 garbage-first heap   total 121856K, used 112113K [0x00000000c0000000, 0x0000000100000000)
  region size 1024K, 53 young (54272K), 1 survivors (1024K)
 Metaspace       used 89786K, committed 91904K, reserved 1179648K
  class space    used 10327K, committed 11200K, reserved 1048576K
}
Event: 106.878 GC heap after
{Heap after GC invocations=99 (full 0):
 garbage-first heap   total 121856K, used 58602K [0x00000000c0000000, 0x0000000100000000)
  region size 1024K, 1 young (1024K), 1 survivors (1024K)
 Metaspace       used 89786K, committed 91904K, reserved 1179648K
  class space    used 10327K, committed 11200K, reserved 1048576K
}
Event: 110.300 GC heap before
{Heap before GC invocations=99 (full 0):
 garbage-first heap   total 121856K, used 111850K [0x00000000c0000000, 0x0000000100000000)
  region size 1024K, 53 young (54272K), 1 survivors (1024K)
 Metaspace       used 89787K, committed 91904K, reserved 1179648K
  class space    used 10327K, committed 11200K, reserved 1048576K
}
Event: 110.301 GC heap after
{Heap after GC invocations=100 (full 0):
 garbage-first heap   total 121856K, used 58803K [0x00000000c0000000, 0x0000000100000000)
  region size 1024K, 1 young (1024K), 1 survivors (1024K)
 Metaspace       used 89787K, committed 91904K, reserved 1179648K
  class space    used 10327K, committed 11200K, reserved 1048576K
}
Event: 114.088 GC heap before
{Heap before GC invocations=101 (full 0):
 garbage-first heap   total 121856K, used 112051K [0x00000000c0000000, 0x0000000100000000)
  region size 1024K, 53 young (54272K), 1 survivors (1024K)
 Metaspace       used 89792K, committed 91904K, reserved 1179648K
  class space    used 10327K, committed 11200K, reserved 1048576K
}
Event: 114.089 GC heap after
{Heap after GC invocations=102 (full 0):
 garbage-first heap   total 121856K, used 58834K [0x00000000c0000000, 0x0000000100000000)
  region size 1024K, 1 young (1024K), 1 survivors (1024K)
 Metaspace       used 89792K, committed 91904K, reserved 1179648K
  class space    used 10327K, committed 11200K, reserved 1048576K
}
Event: 139.202 GC heap before
{Heap before GC invocations=102 (full 0):
 garbage-first heap   total 121856K, used 112082K [0x00000000c0000000, 0x0000000100000000)
  region size 1024K, 53 young (54272K), 1 survivors (1024K)
 Metaspace       used 89816K, committed 91904K, reserved 1179648K
  class space    used 10327K, committed 11200K, reserved 1048576K
}
Event: 139.203 GC heap after
{Heap after GC invocations=103 (full 0):
 garbage-first heap   total 121856K, used 58564K [0x00000000c0000000, 0x0000000100000000)
  region size 1024K, 1 young (1024K), 1 survivors (1024K)
 Metaspace       used 89816K, committed 91904K, reserved 1179648K
  class space    used 10327K, committed 11200K, reserved 1048576K
}
Event: 142.500 GC heap before
{Heap before GC invocations=103 (full 0):
 garbage-first heap   total 121856K, used 111812K [0x00000000c0000000, 0x0000000100000000)
  region size 1024K, 53 young (54272K), 1 survivors (1024K)
 Metaspace       used 89844K, committed 91904K, reserved 1179648K
  class space    used 10328K, committed 11200K, reserved 1048576K
}
Event: 142.500 GC heap after
{Heap after GC invocations=104 (full 0):
 garbage-first heap   total 121856K, used 58566K [0x00000000c0000000, 0x0000000100000000)
  region size 1024K, 1 young (1024K), 1 survivors (1024K)
 Metaspace       used 89844K, committed 91904K, reserved 1179648K
  class space    used 10328K, committed 11200K, reserved 1048576K
}
Event: 146.785 GC heap before
{Heap before GC invocations=105 (full 0):
 garbage-first heap   total 121856K, used 111814K [0x00000000c0000000, 0x0000000100000000)
  region size 1024K, 53 young (54272K), 1 survivors (1024K)
 Metaspace       used 89845K, committed 91904K, reserved 1179648K
  class space    used 10328K, committed 11200K, reserved 1048576K
}
Event: 146.786 GC heap after
{Heap after GC invocations=106 (full 0):
 garbage-first heap   total 121856K, used 58566K [0x00000000c0000000, 0x0000000100000000)
  region size 1024K, 1 young (1024K), 1 survivors (1024K)
 Metaspace       used 89845K, committed 91904K, reserved 1179648K
  class space    used 10328K, committed 11200K, reserved 1048576K
}
Event: 149.090 GC heap before
{Heap before GC invocations=106 (full 0):
 garbage-first heap   total 121856K, used 111814K [0x00000000c0000000, 0x0000000100000000)
  region size 1024K, 53 young (54272K), 1 survivors (1024K)
 Metaspace       used 89853K, committed 91968K, reserved 1179648K
  class space    used 10328K, committed 11200K, reserved 1048576K
}
Event: 149.091 GC heap after
{Heap after GC invocations=107 (full 0):
 garbage-first heap   total 121856K, used 58348K [0x00000000c0000000, 0x0000000100000000)
  region size 1024K, 1 young (1024K), 1 survivors (1024K)
 Metaspace       used 89853K, committed 91968K, reserved 1179648K
  class space    used 10328K, committed 11200K, reserved 1048576K
}
Event: 150.991 GC heap before
{Heap before GC invocations=107 (full 0):
 garbage-first heap   total 121856K, used 112620K [0x00000000c0000000, 0x0000000100000000)
  region size 1024K, 54 young (55296K), 1 survivors (1024K)
 Metaspace       used 89859K, committed 91968K, reserved 1179648K
  class space    used 10328K, committed 11200K, reserved 1048576K
}
Event: 150.992 GC heap after
{Heap after GC invocations=108 (full 0):
 garbage-first heap   total 121856K, used 58487K [0x00000000c0000000, 0x0000000100000000)
  region size 1024K, 1 young (1024K), 1 survivors (1024K)
 Metaspace       used 89859K, committed 91968K, reserved 1179648K
  class space    used 10328K, committed 11200K, reserved 1048576K
}
Event: 153.409 GC heap before
{Heap before GC invocations=109 (full 0):
 garbage-first heap   total 121856K, used 112759K [0x00000000c0000000, 0x0000000100000000)
  region size 1024K, 54 young (55296K), 1 survivors (1024K)
 Metaspace       used 89859K, committed 91968K, reserved 1179648K
  class space    used 10328K, committed 11200K, reserved 1048576K
}
Event: 153.410 GC heap after
{Heap after GC invocations=110 (full 0):
 garbage-first heap   total 121856K, used 58522K [0x00000000c0000000, 0x0000000100000000)
  region size 1024K, 1 young (1024K), 1 survivors (1024K)
 Metaspace       used 89859K, committed 91968K, reserved 1179648K
  class space    used 10328K, committed 11200K, reserved 1048576K
}

Dll operation events (19 events):
Event: 0.008 Loaded shared library /home/user/Tools/dbeaver/jre/lib/libjava.so
Event: 0.098 Loaded shared library /home/user/Tools/dbeaver/jre/lib/libnio.so
Event: 0.104 Loaded shared library /home/user/Tools/dbeaver/jre/lib/libzip.so
Event: 0.158 Loaded shared library /home/user/Tools/dbeaver/jre/lib/libjimage.so
Event: 0.203 Loaded shared library /home/user/Tools/dbeaver/plugins/org.eclipse.equinox.launcher.gtk.linux.x86_64_1.2.1500.v20250801-0854/eclipse_11916.so
Event: 0.330 Loaded shared library /home/user/Tools/dbeaver/jre/lib/libnet.so
Event: 0.830 Loaded shared library /home/user/Tools/dbeaver/jre/lib/libverify.so
Event: 0.899 Loaded shared library /home/user/Tools/dbeaver/configuration/org.eclipse.osgi/153/0/.cp/libswt-gtk-4971r15.so
Event: 0.900 Loaded shared library /home/user/Tools/dbeaver/configuration/org.eclipse.osgi/153/0/.cp/libswt-pi3-gtk-4971r15.so
Event: 0.991 Loaded shared library /home/user/Tools/dbeaver/configuration/org.eclipse.osgi/153/0/.cp/libswt-cairo-gtk-4971r15.so
Event: 1.150 Loaded shared library /home/user/Tools/dbeaver/configuration/org.eclipse.osgi/50/0/.cp/os/linux/x86_64/libunixfile_1_0_0.so
Event: 1.178 Loaded shared library /home/user/Tools/dbeaver/jre/lib/libjaas.so
Event: 1.266 Loaded shared library /home/user/Tools/dbeaver/jre/lib/libextnet.so
Event: 1.632 Loaded shared library /home/user/Tools/dbeaver/configuration/org.eclipse.osgi/153/0/.cp/libswt-atk-gtk-4971r15.so
Event: 2.673 Loaded shared library /home/user/Tools/dbeaver/jre/lib/libawt.so
Event: 2.675 Loaded shared library /home/user/Tools/dbeaver/jre/lib/libawt_xawt.so
Event: 2.693 Loaded shared library /home/user/Tools/dbeaver/jre/lib/libfontmanager.so
Event: 3.560 Loaded shared library /home/user/Tools/dbeaver/jre/lib/libmanagement.so
Event: 3.561 Loaded shared library /home/user/Tools/dbeaver/jre/lib/libmanagement_ext.so

Deoptimization events (20 events):
Event: 92.862 Thread 0x000078c30002e550 DEOPT PACKING pc=0x000078c2f4e84a88 sp=0x000078c305ffc840
Event: 92.862 Thread 0x000078c30002e550 DEOPT UNPACKING pc=0x000078c2f40b2f99 sp=0x000078c305ffc7b8 mode 2
Event: 98.825 Thread 0x000078c30002e550 DEOPT PACKING pc=0x000078c2eceb5bc2 sp=0x000078c305ffaad0
Event: 98.825 Thread 0x000078c30002e550 DEOPT UNPACKING pc=0x000078c2f40b372f sp=0x000078c305ff9f88 mode 0
Event: 100.982 Thread 0x000078c30002e550 Uncommon trap: trap_request=0xffffffdc fr.pc=0x000078c2f4a627d0 relative=0x0000000000004430
Event: 100.982 Thread 0x000078c30002e550 Uncommon trap: reason=class_check action=make_not_entrant pc=0x000078c2f4a627d0 method=java.util.ImmutableCollections$ListN.toArray([Ljava/lang/Object;)[Ljava/lang/Object; @ 21 c2
Event: 100.982 Thread 0x000078c30002e550 DEOPT PACKING pc=0x000078c2f4a627d0 sp=0x000078c305ffb670
Event: 100.982 Thread 0x000078c30002e550 DEOPT UNPACKING pc=0x000078c2f40b2f99 sp=0x000078c305ffb350 mode 2
Event: 113.192 Thread 0x000078c30002e550 Uncommon trap: trap_request=0xffffff45 fr.pc=0x000078c2f4861968 relative=0x0000000000000208
Event: 113.192 Thread 0x000078c30002e550 Uncommon trap: reason=unstable_if action=reinterpret pc=0x000078c2f4861968 method=org.eclipse.swt.widgets.Scrollable.redrawWidget(IIIIZZZ)V @ 49 c2
Event: 113.192 Thread 0x000078c30002e550 DEOPT PACKING pc=0x000078c2f4861968 sp=0x000078c305ffaec0
Event: 113.192 Thread 0x000078c30002e550 DEOPT UNPACKING pc=0x000078c2f40b2f99 sp=0x000078c305ffae38 mode 2
Event: 137.623 Thread 0x000078c30002e550 Uncommon trap: trap_request=0xffffff45 fr.pc=0x000078c2f4dd45e0 relative=0x00000000000008c0
Event: 137.623 Thread 0x000078c30002e550 Uncommon trap: reason=unstable_if action=reinterpret pc=0x000078c2f4dd45e0 method=org.jkiss.dbeaver.ui.controls.lightgrid.LightGrid.getRow(Lorg/eclipse/swt/graphics/Point;)I @ 34 c2
Event: 137.623 Thread 0x000078c30002e550 DEOPT PACKING pc=0x000078c2f4dd45e0 sp=0x000078c305ffd570
Event: 137.623 Thread 0x000078c30002e550 DEOPT UNPACKING pc=0x000078c2f40b2f99 sp=0x000078c305ffd518 mode 2
Event: 147.034 Thread 0x000078c30002e550 DEOPT PACKING pc=0x000078c2ecd6f35e sp=0x000078c305ff7b20
Event: 147.034 Thread 0x000078c30002e550 DEOPT UNPACKING pc=0x000078c2f40b372f sp=0x000078c305ff7028 mode 0
Event: 153.411 Thread 0x000078c30002e550 DEOPT PACKING pc=0x000078c2ed7e52d4 sp=0x000078c305ffabd0
Event: 153.411 Thread 0x000078c30002e550 DEOPT UNPACKING pc=0x000078c2f40b372f sp=0x000078c305ffa058 mode 0

Classes loaded (20 events):
Event: 5.440 Loading class sun/text/resources/FormatData_en_US
Event: 5.440 Loading class sun/text/resources/FormatData_en_US done
Event: 5.440 Loading class sun/util/resources/LocaleData$2
Event: 5.440 Loading class sun/util/resources/LocaleData$2 done
Event: 5.440 Loading class sun/util/resources/LocaleData$SupplementaryStrategy
Event: 5.440 Loading class sun/util/resources/LocaleData$SupplementaryStrategy done
Event: 5.440 Loading class sun/text/resources/JavaTimeSupplementary
Event: 5.440 Loading class sun/text/resources/JavaTimeSupplementary done
Event: 5.440 Loading class sun/text/resources/JavaTimeSupplementary_en
Event: 5.440 Loading class sun/text/resources/JavaTimeSupplementary_en done
Event: 5.440 Loading class sun/text/resources/JavaTimeSupplementary_en_US
Event: 5.440 Loading class sun/text/resources/JavaTimeSupplementary_en_US done
Event: 5.440 Loading class sun/util/resources/ParallelListResourceBundle$KeySet
Event: 5.440 Loading class sun/util/resources/ParallelListResourceBundle$KeySet done
Event: 5.441 Loading class sun/util/locale/provider/CalendarDataUtility$CalendarFieldValueNameGetter
Event: 5.441 Loading class sun/util/locale/provider/CalendarDataUtility$CalendarFieldValueNameGetter done
Event: 8.427 Loading class java/awt/geom/QuadCurve2D
Event: 8.436 Loading class java/awt/geom/QuadCurve2D done
Event: 31.297 Loading class java/lang/foreign/MemorySegment
Event: 31.298 Loading class java/lang/foreign/MemorySegment done

Classes unloaded (0 events):
No events

Classes redefined (0 events):
No events

Internal exceptions (20 events):
Event: 4.955 Thread 0x000078c220024e90 Exception <a 'java/lang/NoSuchMethodError'{0x00000000c406fe90}: 'java.lang.Object java.lang.invoke.Invokers$Holder.linkToTargetMethod(java.lang.Object, java.lang.Object, java.lang.Object, long, java.lang.Object)'> (0x00000000c406fe90) 
thrown [src/hotspot/share/interpreter/linkResolver.cpp, line 772]
Event: 4.962 Thread 0x000078c220024e90 Implicit null exception at 0x000078c2f48f9c21 to 0x000078c2f48f9f40
Event: 5.022 Thread 0x000078c220024e90 Exception <a 'java/lang/NoSuchMethodError'{0x00000000c3a0ea10}: 'java.lang.Object java.lang.invoke.DirectMethodHandle$Holder.invokeSpecial(java.lang.Object, java.lang.Object, long, java.lang.Object)'> (0x00000000c3a0ea10) 
thrown [src/hotspot/share/interpreter/linkResolver.cpp, line 772]
Event: 5.029 Thread 0x000078c220024e90 Exception <a 'java/lang/NoSuchMethodError'{0x00000000c39d8e58}: 'java.lang.Object java.lang.invoke.DirectMethodHandle$Holder.invokeStaticInit(java.lang.Object, java.lang.Object, java.lang.Object, java.lang.Object, java.lang.Object)'> (0x00000000c39d8e58) 
thrown [src/hotspot/share/interpreter/linkResolver.cpp, line 772]
Event: 5.030 Thread 0x000078c220024e90 Exception <a 'java/lang/NoSuchMethodError'{0x00000000c39dfef0}: 'int java.lang.invoke.DirectMethodHandle$Holder.invokeStaticInit(java.lang.Object, java.lang.Object, java.lang.Object, java.lang.Object, java.lang.Object)'> (0x00000000c39dfef0) 
thrown [src/hotspot/share/interpreter/linkResolver.cpp, line 772]
Event: 5.030 Thread 0x000078c220024e90 Exception <a 'java/lang/NoSuchMethodError'{0x00000000c39e3730}: 'int java.lang.invoke.DirectMethodHandle$Holder.invokeStaticInit(java.lang.Object, int)'> (0x00000000c39e3730) 
thrown [src/hotspot/share/interpreter/linkResolver.cpp, line 772]
Event: 5.030 Thread 0x000078c220024e90 Exception <a 'java/lang/NoSuchMethodError'{0x00000000c39e7190}: 'int java.lang.invoke.DirectMethodHandle$Holder.invokeStatic(java.lang.Object, java.lang.Object, java.lang.Object, java.lang.Object, java.lang.Object, java.lang.Object)'> (0x00000000c39e7190) 
thrown [src/hotspot/share/interpreter/linkResolver.cpp, line 772]
Event: 5.030 Thread 0x000078c220024e90 Exception <a 'java/lang/NoSuchMethodError'{0x00000000c38003b0}: 'int java.lang.invoke.DirectMethodHandle$Holder.invokeStaticInit(java.lang.Object, java.lang.Object, java.lang.Object, java.lang.Object, java.lang.Object, java.lang.Object)'> (0x00000000c38003b0) 
thrown [src/hotspot/share/interpreter/linkResolver.cpp, line 772]
Event: 5.031 Thread 0x000078c220024e90 Exception <a 'java/lang/NoSuchMethodError'{0x00000000c380bc50}: 'java.lang.Object java.lang.invoke.DirectMethodHandle$Holder.invokeStatic(java.lang.Object, int, java.lang.Object, java.lang.Object)'> (0x00000000c380bc50) 
thrown [src/hotspot/share/interpreter/linkResolver.cpp, line 772]
Event: 5.031 Thread 0x000078c220024e90 Exception <a 'java/lang/NoSuchMethodError'{0x00000000c380f430}: 'java.lang.Object java.lang.invoke.DelegatingMethodHandle$Holder.delegate(java.lang.Object, int, java.lang.Object, java.lang.Object)'> (0x00000000c380f430) 
thrown [src/hotspot/share/interpreter/linkResolver.cpp, line 772]
Event: 5.031 Thread 0x000078c220024e90 Implicit null exception at 0x000078c2f4af9c9d to 0x000078c2f4afa098
Event: 5.032 Thread 0x000078c220024e90 Implicit null exception at 0x000078c2f4b68975 to 0x000078c2f4b68a6c
Event: 5.033 Thread 0x000078c220024e90 Exception <a 'java/lang/NoSuchMethodError'{0x00000000c38465e0}: 'int java.lang.invoke.Invokers$Holder.linkToTargetMethod(java.lang.Object, int, java.lang.Object)'> (0x00000000c38465e0) 
thrown [src/hotspot/share/interpreter/linkResolver.cpp, line 772]
Event: 5.056 Thread 0x000078c220024e90 Exception <a 'java/lang/NoSuchMethodError'{0x00000000c370d358}: 'void java.lang.invoke.DirectMethodHandle$Holder.invokeSpecial(java.lang.Object, java.lang.Object, int, java.lang.Object)'> (0x00000000c370d358) 
thrown [src/hotspot/share/interpreter/linkResolver.cpp, line 772]
Event: 5.065 Thread 0x000078c30002e550 Exception <a 'java/lang/NoSuchMethodError'{0x00000000c37a90a8}: 'java.lang.Object java.lang.invoke.DirectMethodHandle$Holder.invokeStaticInit(java.lang.Object, java.lang.Object, double, double)'> (0x00000000c37a90a8) 
thrown [src/hotspot/share/interpreter/linkResolver.cpp, line 772]
Event: 5.805 Thread 0x000078c30002e550 Implicit null exception at 0x000078c2f4d555c4 to 0x000078c2f4d56978
Event: 11.270 Thread 0x000078c300fb1ac0 Exception <a 'java/lang/NoSuchMethodError'{0x00000000c588ae48}: 'java.lang.Object java.lang.invoke.DirectMethodHandle$Holder.newInvokeSpecial(java.lang.Object, long, long, java.lang.Object)'> (0x00000000c588ae48) 
thrown [src/hotspot/share/interpreter/linkResolver.cpp, line 772]
Event: 11.270 Thread 0x000078c300fb1ac0 Exception <a 'java/lang/NoSuchMethodError'{0x00000000c588e928}: 'java.lang.Object java.lang.invoke.DirectMethodHandle$Holder.invokeSpecial(java.lang.Object, java.lang.Object, long, long, java.lang.Object)'> (0x00000000c588e928) 
thrown [src/hotspot/share/interpreter/linkResolver.cpp, line 772]
Event: 12.926 Thread 0x000078c30002e550 Implicit null exception at 0x000078c2f4e0bf6e to 0x000078c2f4e0eca0
Event: 31.007 Thread 0x000078c30002e550 Implicit null exception at 0x000078c2f4c97d0d to 0x000078c2f4c999e8

ZGC Phase Switch (0 events):
No events

VM Operations (20 events):
Event: 146.785 Executing VM operation: G1CollectForAllocation (G1 Evacuation Pause)
Event: 146.786 Executing VM operation: G1CollectForAllocation (G1 Evacuation Pause) done
Event: 147.786 Executing VM operation: Cleanup
Event: 147.786 Executing VM operation: Cleanup done
Event: 149.090 Executing VM operation: G1CollectForAllocation (G1 Evacuation Pause)
Event: 149.091 Executing VM operation: G1CollectForAllocation (G1 Evacuation Pause) done
Event: 150.091 Executing VM operation: Cleanup
Event: 150.091 Executing VM operation: Cleanup done
Event: 150.991 Executing VM operation: G1CollectForAllocation (G1 Evacuation Pause)
Event: 150.991 Executing VM operation: G1CollectForAllocation (G1 Evacuation Pause) done
Event: 150.991 Executing VM operation: G1CollectForAllocation (GCLocker Initiated GC)
Event: 150.992 Executing VM operation: G1CollectForAllocation (GCLocker Initiated GC) done
Event: 151.001 Executing VM operation: G1PauseRemark
Event: 151.003 Executing VM operation: G1PauseRemark done
Event: 151.012 Executing VM operation: G1PauseCleanup
Event: 151.012 Executing VM operation: G1PauseCleanup done
Event: 153.012 Executing VM operation: Cleanup
Event: 153.012 Executing VM operation: Cleanup done
Event: 153.409 Executing VM operation: G1CollectForAllocation (G1 Evacuation Pause)
Event: 153.410 Executing VM operation: G1CollectForAllocation (G1 Evacuation Pause) done

Memory protections (20 events):
Event: 33.043 Protecting memory [0x000078c2b7b00000,0x000078c2b7b04000] with protection modes 0
Event: 33.291 Protecting memory [0x000078c28ebfa000,0x000078c28ebfe000] with protection modes 0
Event: 33.641 Protecting memory [0x000078c2b7900000,0x000078c2b7904000] with protection modes 0
Event: 35.412 Protecting memory [0x000078c28ebfa000,0x000078c28ebfe000] with protection modes 0
Event: 36.464 Protecting memory [0x000078c28ebfa000,0x000078c28ebfe000] with protection modes 0
Event: 42.432 Protecting memory [0x000078c28f6ff000,0x000078c28f703000] with protection modes 0
Event: 42.432 Protecting memory [0x000078c210379000,0x000078c21037d000] with protection modes 0
Event: 42.432 Protecting memory [0x000078c2b7b00000,0x000078c2b7b04000] with protection modes 0
Event: 42.444 Protecting memory [0x000078c28ebfa000,0x000078c28ebfe000] with protection modes 0
Event: 42.444 Protecting memory [0x000078c2b7900000,0x000078c2b7904000] with protection modes 0
Event: 42.445 Protecting memory [0x000078c28f5ff000,0x000078c28f603000] with protection modes 0
Event: 42.545 Protecting memory [0x000078c28f3ff000,0x000078c28f403000] with protection modes 0
Event: 43.556 Protecting memory [0x000078c28f6ff000,0x000078c28f703000] with protection modes 0
Event: 43.677 Protecting memory [0x000078c28ebfa000,0x000078c28ebfe000] with protection modes 0
Event: 50.066 Protecting memory [0x000078c210379000,0x000078c21037d000] with protection modes 0
Event: 50.070 Protecting memory [0x000078c2b7b00000,0x000078c2b7b04000] with protection modes 0
Event: 60.136 Protecting memory [0x000078c210379000,0x000078c21037d000] with protection modes 0
Event: 60.136 Protecting memory [0x000078c2b7b00000,0x000078c2b7b04000] with protection modes 0
Event: 60.136 Protecting memory [0x000078c28f6ff000,0x000078c28f703000] with protection modes 0
Event: 153.526 Protecting memory [0x000078c28f4ff000,0x000078c28f503000] with protection modes 0

Nmethod flushes (20 events):
Event: 151.002 Thread 0x000078c30019d3f0 flushing  nmethod 0x000078c2eced3010
Event: 151.002 Thread 0x000078c30019d3f0 flushing  nmethod 0x000078c2edc74890
Event: 151.002 Thread 0x000078c30019d3f0 flushing  nmethod 0x000078c2ece88710
Event: 151.002 Thread 0x000078c30019d3f0 flushing  nmethod 0x000078c2ed952690
Event: 151.002 Thread 0x000078c30019d3f0 flushing  nmethod 0x000078c2edf16c90
Event: 151.002 Thread 0x000078c30019d3f0 flushing  nmethod 0x000078c2ecd25110
Event: 151.002 Thread 0x000078c30019d3f0 flushing  nmethod 0x000078c2ecf8dd90
Event: 151.002 Thread 0x000078c30019d3f0 flushing  nmethod 0x000078c2edaadd90
Event: 151.002 Thread 0x000078c30019d3f0 flushing  nmethod 0x000078c2edfc9e90
Event: 151.002 Thread 0x000078c30019d3f0 flushing  nmethod 0x000078c2ece01790
Event: 151.002 Thread 0x000078c30019d3f0 flushing  nmethod 0x000078c2ed2ee290
Event: 151.002 Thread 0x000078c30019d3f0 flushing  nmethod 0x000078c2edc2f710
Event: 151.002 Thread 0x000078c30019d3f0 flushing  nmethod 0x000078c2edcf9010
Event: 151.002 Thread 0x000078c30019d3f0 flushing  nmethod 0x000078c2ede51490
Event: 151.002 Thread 0x000078c30019d3f0 flushing  nmethod 0x000078c2edb3fe90
Event: 151.002 Thread 0x000078c30019d3f0 flushing  nmethod 0x000078c2f4dd3a90
Event: 151.002 Thread 0x000078c30019d3f0 flushing  nmethod 0x000078c2ece25c90
Event: 151.002 Thread 0x000078c30019d3f0 flushing  nmethod 0x000078c2ed676710
Event: 151.002 Thread 0x000078c30019d3f0 flushing  nmethod 0x000078c2edc73e10
Event: 151.002 Thread 0x000078c30019d3f0 flushing  nmethod 0x000078c2edfd2e10

Events (20 events):
Event: 43.548 Thread 0x000078c2a8514350 Thread exited: 0x000078c2a8514350
Event: 43.548 Thread 0x000078c2ac4735e0 Thread exited: 0x000078c2ac4735e0
Event: 43.556 Thread 0x000078c3001f51a0 Thread added: 0x000078c2ac4735e0
Event: 43.677 Thread 0x000078c3001f51a0 Thread added: 0x000078c2ac1f66c0
Event: 43.821 Thread 0x000078c2ac1f66c0 Thread exited: 0x000078c2ac1f66c0
Event: 43.821 Thread 0x000078c2ac4735e0 Thread exited: 0x000078c2ac4735e0
Event: 45.521 Thread 0x000078c2ac459210 Thread exited: 0x000078c2ac459210
Event: 45.521 Thread 0x000078c2ac449f80 Thread exited: 0x000078c2ac449f80
Event: 50.066 Thread 0x000078c3001f51a0 Thread added: 0x000078c2ac4735e0
Event: 50.070 Thread 0x000078c3001f51a0 Thread added: 0x000078c2ac459210
Event: 50.297 Thread 0x000078c2ac459210 Thread exited: 0x000078c2ac459210
Event: 51.259 Thread 0x000078c2ac4735e0 Thread exited: 0x000078c2ac4735e0
Event: 60.136 Thread 0x000078c3001f51a0 Thread added: 0x000078c2ac4735e0
Event: 60.136 Thread 0x000078c3001f51a0 Thread added: 0x000078c2ac459210
Event: 60.136 Thread 0x000078c3001f51a0 Thread added: 0x000078c2ac1f66c0
Event: 60.248 Thread 0x000078c2ac459210 Thread exited: 0x000078c2ac459210
Event: 60.249 Thread 0x000078c2ac4735e0 Thread exited: 0x000078c2ac4735e0
Event: 60.997 Thread 0x000078c2ac1f66c0 Thread exited: 0x000078c2ac1f66c0
Event: 97.831 Thread 0x000078c1c80a0030 Thread exited: 0x000078c1c80a0030
Event: 153.526 Thread 0x000078c3001f51a0 Thread added: 0x000078c2ac4735e0


Dynamic libraries:
c0000000-c7400000 rw-p 00000000 00:00 0 
c7400000-ffd00000 ---p 00000000 00:00 0 
ffd00000-100010000 rw-p 00000000 00:00 0 
100010000-100030000 rw-p 00000000 00:00 0 
100030000-1000b0000 rw-p 00000000 00:00 0 
1000b0000-1000d0000 rw-p 00000000 00:00 0 
1000d0000-100130000 rw-p 00000000 00:00 0 
100130000-100170000 rw-p 00000000 00:00 0 
100170000-1001b0000 rw-p 00000000 00:00 0 
1001b0000-1001f0000 rw-p 00000000 00:00 0 
1001f0000-1002b0000 rw-p 00000000 00:00 0 
1002b0000-1002f0000 rw-p 00000000 00:00 0 
1002f0000-1004b0000 rw-p 00000000 00:00 0 
1004b0000-1004f0000 rw-p 00000000 00:00 0 
1004f0000-100830000 rw-p 00000000 00:00 0 
100830000-1008b0000 rw-p 00000000 00:00 0 
1008b0000-100930000 rw-p 00000000 00:00 0 
100930000-100970000 rw-p 00000000 00:00 0 
100970000-100980000 ---p 00000000 00:00 0 
100980000-100b00000 rw-p 00000000 00:00 0 
100b00000-140000000 ---p 00000000 00:00 0 
571b13224000-571b13225000 r-xp 00000000 103:02 31470558                  /home/user/Tools/dbeaver/jre/bin/java
571b13226000-571b13227000 r--p 00001000 103:02 31470558                  /home/user/Tools/dbeaver/jre/bin/java
571b13227000-571b13228000 rw-p 00002000 103:02 31470558                  /home/user/Tools/dbeaver/jre/bin/java
571b217c8000-571b21810000 rw-p 00000000 00:00 0                          [heap]
78c198000000-78c198021000 rw-p 00000000 00:00 0 
78c198021000-78c19c000000 ---p 00000000 00:00 0 
78c1a0000000-78c1a0170000 rw-p 00000000 00:00 0 
78c1a0170000-78c1a01f0000 rw-p 00000000 00:00 0 
78c1a01f0000-78c1a07f0000 rw-p 00000000 00:00 0 
78c1a07f0000-78c1a0970000 rw-p 00000000 00:00 0 
78c1a0970000-78c1a09f0000 rw-p 00000000 00:00 0 
78c1a09f0000-78c1a0cf0000 rw-p 00000000 00:00 0 
78c1a0cf0000-78c1a0d50000 rw-p 00000000 00:00 0 
78c1a0d50000-78c1a0e00000 ---p 00000000 00:00 0 
78c1a0e00000-78c1a0e30000 rw-p 00000000 00:00 0 
78c1a0e30000-78c1a0f90000 rw-p 00000000 00:00 0 
78c1a0f90000-78c1a4000000 ---p 00000000 00:00 0 
78c1a4000000-78c1a4079000 rw-p 00000000 00:00 0 
78c1a4079000-78c1a8000000 ---p 00000000 00:00 0 
78c1a8000000-78c1a91d4000 rw-p 00000000 00:00 0 
78c1a91d4000-78c1ac000000 ---p 00000000 00:00 0 
78c1ac000000-78c1ac021000 rw-p 00000000 00:00 0 
78c1ac021000-78c1b0000000 ---p 00000000 00:00 0 
78c1b0000000-78c1b0021000 rw-p 00000000 00:00 0 
78c1b0021000-78c1b4000000 ---p 00000000 00:00 0 
78c1b4000000-78c1b8000000 rw-s 00000000 00:01 52566                      /memfd:pulseaudio (deleted)
78c1b8000000-78c1b8021000 rw-p 00000000 00:00 0 
78c1b8021000-78c1bc000000 ---p 00000000 00:00 0 
78c1bc000000-78c1bc021000 rw-p 00000000 00:00 0 
78c1bc021000-78c1c0000000 ---p 00000000 00:00 0 
78c1c0000000-78c1c0021000 rw-p 00000000 00:00 0 
78c1c0021000-78c1c4000000 ---p 00000000 00:00 0 
78c1c5f19000-78c1c6200000 rw-p 00000000 00:00 0 
78c1c6200000-78c1c6201000 r--p 00000000 103:02 263479                    /usr/lib/x86_64-linux-gnu/libicudata.so.74.2
78c1c6201000-78c1c6202000 r-xp 00001000 103:02 263479                    /usr/lib/x86_64-linux-gnu/libicudata.so.74.2
78c1c6202000-78c1c7f5e000 r--p 00002000 103:02 263479                    /usr/lib/x86_64-linux-gnu/libicudata.so.74.2
78c1c7f5e000-78c1c7f5f000 r--p 01d5d000 103:02 263479                    /usr/lib/x86_64-linux-gnu/libicudata.so.74.2
78c1c7f5f000-78c1c7f60000 rw-p 01d5e000 103:02 263479                    /usr/lib/x86_64-linux-gnu/libicudata.so.74.2
78c1c8000000-78c1c81b5000 rw-p 00000000 00:00 0 
78c1c81b5000-78c1cc000000 ---p 00000000 00:00 0 
78c1cc000000-78c1cc02d000 rw-p 00000000 00:00 0 
78c1cc02d000-78c1d0000000 ---p 00000000 00:00 0 
78c1d0000000-78c1d0021000 rw-p 00000000 00:00 0 
78c1d0021000-78c1d4000000 ---p 00000000 00:00 0 
78c1d4000000-78c1d4039000 rw-p 00000000 00:00 0 
78c1d4039000-78c1d8000000 ---p 00000000 00:00 0 
78c1d8000000-78c1d8021000 rw-p 00000000 00:00 0 
78c1d8021000-78c1dc000000 ---p 00000000 00:00 0 
78c1dc000000-78c1dc021000 rw-p 00000000 00:00 0 
78c1dc021000-78c1e0000000 ---p 00000000 00:00 0 
78c1e0000000-78c1e0021000 rw-p 00000000 00:00 0 
78c1e0021000-78c1e4000000 ---p 00000000 00:00 0 
78c1e4000000-78c1e4021000 rw-p 00000000 00:00 0 
78c1e4021000-78c1e8000000 ---p 00000000 00:00 0 
78c1e8000000-78c1e8021000 rw-p 00000000 00:00 0 
78c1e8021000-78c1ec000000 ---p 00000000 00:00 0 
78c1ec000000-78c1ec021000 rw-p 00000000 00:00 0 
78c1ec021000-78c1f0000000 ---p 00000000 00:00 0 
78c1f0000000-78c1f0021000 rw-p 00000000 00:00 0 
78c1f0021000-78c1f4000000 ---p 00000000 00:00 0 
78c1f4000000-78c1f4021000 rw-p 00000000 00:00 0 
78c1f4021000-78c1f8000000 ---p 00000000 00:00 0 
78c1f8000000-78c1f8021000 rw-p 00000000 00:00 0 
78c1f8021000-78c1fc000000 ---p 00000000 00:00 0 
78c1fc000000-78c1fc021000 rw-p 00000000 00:00 0 
78c1fc021000-78c200000000 ---p 00000000 00:00 0 
78c200000000-78c200021000 rw-p 00000000 00:00 0 
78c200021000-78c204000000 ---p 00000000 00:00 0 
78c204000000-78c204021000 rw-p 00000000 00:00 0 
78c204021000-78c208000000 ---p 00000000 00:00 0 
78c208000000-78c208539000 rw-p 00000000 00:00 0 
78c208539000-78c20c000000 ---p 00000000 00:00 0 
78c20c000000-78c20c021000 rw-p 00000000 00:00 0 
78c20c021000-78c210000000 ---p 00000000 00:00 0 
78c210156000-78c210195000 r--p 00000000 103:02 1835045                   /usr/share/fonts/truetype/dejavu/DejaVuSansMono-BoldOblique.ttf
78c210195000-78c2101d3000 r--p 00000000 103:02 1838969                   /usr/share/fonts/truetype/dejavu/DejaVuSansMono-Oblique.ttf
78c2101d3000-78c210225000 r--p 00000000 103:02 1835043                   /usr/share/fonts/truetype/dejavu/DejaVuSansMono-Bold.ttf
78c210225000-78c210279000 r--p 00000000 103:02 1838970                   /usr/share/fonts/truetype/dejavu/DejaVuSansMono.ttf
78c210279000-78c21027d000 ---p 00000000 00:00 0 
78c21027d000-78c210379000 rw-p 00000000 00:00 0 
78c210379000-78c21037d000 ---p 00000000 00:00 0 
78c21037d000-78c210479000 rw-p 00000000 00:00 0 
78c210479000-78c21047d000 ---p 00000000 00:00 0 
78c21047d000-78c210579000 rw-p 00000000 00:00 0 
78c210579000-78c2105fc000 r--p 00000000 103:02 1837889                   /usr/share/fonts/truetype/noto/NotoSans-BoldItalic.ttf
78c2105fc000-78c21067e000 r--p 00000000 103:02 1837890                   /usr/share/fonts/truetype/noto/NotoSans-Italic.ttf
78c21067e000-78c210701000 r--p 00000000 103:02 1837889                   /usr/share/fonts/truetype/noto/NotoSans-BoldItalic.ttf
78c210701000-78c210783000 r--p 00000000 103:02 1837890                   /usr/share/fonts/truetype/noto/NotoSans-Italic.ttf
78c2107e6000-78c210838000 r--p 00000000 103:02 1835043                   /usr/share/fonts/truetype/dejavu/DejaVuSansMono-Bold.ttf
78c210838000-78c2108ed000 r--p 00000000 103:02 1836613                   /usr/share/fonts/truetype/ubuntu/UbuntuSans-Italic[wdth,wght].ttf
78c2108ed000-78c2109a2000 r--p 00000000 103:02 1836613                   /usr/share/fonts/truetype/ubuntu/UbuntuSans-Italic[wdth,wght].ttf
78c2109a2000-78c210a57000 r--p 00000000 103:02 1836613                   /usr/share/fonts/truetype/ubuntu/UbuntuSans-Italic[wdth,wght].ttf
78c210a57000-78c210a5d000 r--p 00000000 103:02 286174                    /usr/lib/x86_64-linux-gnu/libmp3lame.so.0.0.0
78c210a5d000-78c210a8e000 r-xp 00006000 103:02 286174                    /usr/lib/x86_64-linux-gnu/libmp3lame.so.0.0.0
78c210a8e000-78c210a9e000 r--p 00037000 103:02 286174                    /usr/lib/x86_64-linux-gnu/libmp3lame.so.0.0.0
78c210a9e000-78c210a9f000 r--p 00047000 103:02 286174                    /usr/lib/x86_64-linux-gnu/libmp3lame.so.0.0.0
78c210a9f000-78c210aa0000 rw-p 00048000 103:02 286174                    /usr/lib/x86_64-linux-gnu/libmp3lame.so.0.0.0
78c210aa0000-78c210acd000 rw-p 00000000 00:00 0 
78c210acd000-78c210ad2000 r--p 00000000 103:02 265202                    /usr/lib/x86_64-linux-gnu/libmpg123.so.0.48.2
78c210ad2000-78c210b0d000 r-xp 00005000 103:02 265202                    /usr/lib/x86_64-linux-gnu/libmpg123.so.0.48.2
78c210b0d000-78c210b27000 r--p 00040000 103:02 265202                    /usr/lib/x86_64-linux-gnu/libmpg123.so.0.48.2
78c210b27000-78c210b28000 r--p 0005a000 103:02 265202                    /usr/lib/x86_64-linux-gnu/libmpg123.so.0.48.2
78c210b28000-78c210b29000 rw-p 0005b000 103:02 265202                    /usr/lib/x86_64-linux-gnu/libmpg123.so.0.48.2
78c210b29000-78c210b3d000 r--p 00000000 103:02 265895                    /usr/lib/x86_64-linux-gnu/libvorbisenc.so.2.0.12
78c210b3d000-78c210b40000 r-xp 00014000 103:02 265895                    /usr/lib/x86_64-linux-gnu/libvorbisenc.so.2.0.12
78c210b40000-78c210bb7000 r--p 00017000 103:02 265895                    /usr/lib/x86_64-linux-gnu/libvorbisenc.so.2.0.12
78c210bb7000-78c210bd3000 r--p 0008d000 103:02 265895                    /usr/lib/x86_64-linux-gnu/libvorbisenc.so.2.0.12
78c210bd3000-78c210bd4000 rw-p 000a9000 103:02 265895                    /usr/lib/x86_64-linux-gnu/libvorbisenc.so.2.0.12
78c210bd4000-78c210bdc000 r--p 00000000 103:02 288015                    /usr/lib/x86_64-linux-gnu/libFLAC.so.12.1.0
78c210bdc000-78c210c2e000 r-xp 00008000 103:02 288015                    /usr/lib/x86_64-linux-gnu/libFLAC.so.12.1.0
78c210c2e000-78c210c36000 r--p 0005a000 103:02 288015                    /usr/lib/x86_64-linux-gnu/libFLAC.so.12.1.0
78c210c36000-78c210c37000 r--p 00062000 103:02 288015                    /usr/lib/x86_64-linux-gnu/libFLAC.so.12.1.0
78c210c37000-78c210c38000 rw-p 00063000 103:02 288015                    /usr/lib/x86_64-linux-gnu/libFLAC.so.12.1.0
78c210c38000-78c210c40000 r--p 00000000 103:02 265509                    /usr/lib/x86_64-linux-gnu/libsndfile.so.1.0.37
78c210c40000-78c210ca1000 r-xp 00008000 103:02 265509                    /usr/lib/x86_64-linux-gnu/libsndfile.so.1.0.37
78c210ca1000-78c210cba000 r--p 00069000 103:02 265509                    /usr/lib/x86_64-linux-gnu/libsndfile.so.1.0.37
78c210cba000-78c210cbd000 r--p 00081000 103:02 265509                    /usr/lib/x86_64-linux-gnu/libsndfile.so.1.0.37
78c210cbd000-78c210cbe000 rw-p 00084000 103:02 265509                    /usr/lib/x86_64-linux-gnu/libsndfile.so.1.0.37
78c210cbe000-78c210cc0000 rw-p 00000000 00:00 0 
78c210cc0000-78c210cc4000 ---p 00000000 00:00 0 
78c210cc4000-78c210dc0000 rw-p 00000000 00:00 0 
78c210dc0000-78c210dc4000 ---p 00000000 00:00 0 
78c210dc4000-78c210ec0000 rw-p 00000000 00:00 0 
78c210ec0000-78c210f5d000 r-xp 00000000 103:02 31467509                  /home/user/Tools/dbeaver/jre/lib/libfreetype.so
78c210f5d000-78c210f5e000 ---p 0009d000 103:02 31467509                  /home/user/Tools/dbeaver/jre/lib/libfreetype.so
78c210f5e000-78c210f64000 r--p 0009d000 103:02 31467509                  /home/user/Tools/dbeaver/jre/lib/libfreetype.so
78c210f64000-78c210f65000 rw-p 000a3000 103:02 31467509                  /home/user/Tools/dbeaver/jre/lib/libfreetype.so
78c210f65000-78c2110fc000 r-xp 00000000 103:02 31467508                  /home/user/Tools/dbeaver/jre/lib/libfontmanager.so
78c2110fc000-78c2110fe000 r--p 00196000 103:02 31467508                  /home/user/Tools/dbeaver/jre/lib/libfontmanager.so
78c2110fe000-78c2110ff000 rw-p 00198000 103:02 31467508                  /home/user/Tools/dbeaver/jre/lib/libfontmanager.so
78c2110ff000-78c211100000 rw-p 00000000 00:00 0 
78c211100000-78c211104000 ---p 00000000 00:00 0 
78c211104000-78c211200000 rw-p 00000000 00:00 0 
78c211200000-78c21129d000 r--p 00000000 103:02 266531                    /usr/lib/x86_64-linux-gnu/libstdc++.so.6.0.33
78c21129d000-78c2113e5000 r-xp 0009d000 103:02 266531                    /usr/lib/x86_64-linux-gnu/libstdc++.so.6.0.33
78c2113e5000-78c21146c000 r--p 001e5000 103:02 266531                    /usr/lib/x86_64-linux-gnu/libstdc++.so.6.0.33
78c21146c000-78c211477000 r--p 0026b000 103:02 266531                    /usr/lib/x86_64-linux-gnu/libstdc++.so.6.0.33
78c211477000-78c21147a000 rw-p 00276000 103:02 266531                    /usr/lib/x86_64-linux-gnu/libstdc++.so.6.0.33
78c21147a000-78c21147e000 rw-p 00000000 00:00 0 
78c211482000-78c211494000 r--p 00000000 103:02 919470                    /usr/lib/x86_64-linux-gnu/pulseaudio/libpulsecommon-16.1.so
78c211494000-78c2114de000 r-xp 00012000 103:02 919470                    /usr/lib/x86_64-linux-gnu/pulseaudio/libpulsecommon-16.1.so
78c2114de000-78c2114fd000 r--p 0005c000 103:02 919470                    /usr/lib/x86_64-linux-gnu/pulseaudio/libpulsecommon-16.1.so
78c2114fd000-78c2114ff000 r--p 0007a000 103:02 919470                    /usr/lib/x86_64-linux-gnu/pulseaudio/libpulsecommon-16.1.so
78c2114ff000-78c211500000 rw-p 0007c000 103:02 919470                    /usr/lib/x86_64-linux-gnu/pulseaudio/libpulsecommon-16.1.so
78c211500000-78c211504000 ---p 00000000 00:00 0 
78c211504000-78c211600000 rw-p 00000000 00:00 0 
78c211600000-78c211668000 r--p 00000000 103:02 263499                    /usr/lib/x86_64-linux-gnu/libicuuc.so.74.2
78c211668000-78c21176d000 r-xp 00068000 103:02 263499                    /usr/lib/x86_64-linux-gnu/libicuuc.so.74.2
78c21176d000-78c2117f7000 r--p 0016d000 103:02 263499                    /usr/lib/x86_64-linux-gnu/libicuuc.so.74.2
78c2117f7000-78c21180a000 r--p 001f7000 103:02 263499                    /usr/lib/x86_64-linux-gnu/libicuuc.so.74.2
78c21180a000-78c21180b000 rw-p 0020a000 103:02 263499                    /usr/lib/x86_64-linux-gnu/libicuuc.so.74.2
78c21180b000-78c21180d000 rw-p 00000000 00:00 0 
78c21181e000-78c21184d000 r--p 00000000 103:02 262835                    /usr/lib/x86_64-linux-gnu/libxml2.so.2.9.14
78c21184d000-78c2119b3000 r-xp 0002f000 103:02 262835                    /usr/lib/x86_64-linux-gnu/libxml2.so.2.9.14
78c2119b3000-78c2119f5000 r--p 00195000 103:02 262835                    /usr/lib/x86_64-linux-gnu/libxml2.so.2.9.14
78c2119f5000-78c2119fe000 r--p 001d6000 103:02 262835                    /usr/lib/x86_64-linux-gnu/libxml2.so.2.9.14
78c2119fe000-78c2119ff000 rw-p 001df000 103:02 262835                    /usr/lib/x86_64-linux-gnu/libxml2.so.2.9.14
78c2119ff000-78c211a00000 rw-p 00000000 00:00 0 
78c211a00000-78c211ab7000 r--p 00000000 103:02 265940                    /usr/lib/x86_64-linux-gnu/librsvg-2.so.2.50.0
78c211ab7000-78c211e4e000 r-xp 000b7000 103:02 265940                    /usr/lib/x86_64-linux-gnu/librsvg-2.so.2.50.0
78c211e4e000-78c211fe0000 r--p 0044e000 103:02 265940                    /usr/lib/x86_64-linux-gnu/librsvg-2.so.2.50.0
78c211fe0000-78c212077000 r--p 005e0000 103:02 265940                    /usr/lib/x86_64-linux-gnu/librsvg-2.so.2.50.0
78c212077000-78c212078000 rw-p 00677000 103:02 265940                    /usr/lib/x86_64-linux-gnu/librsvg-2.so.2.50.0
78c212085000-78c2120f5000 r-xp 00000000 103:02 31467506                  /home/user/Tools/dbeaver/jre/lib/libawt_xawt.so
78c2120f5000-78c2120fb000 r--p 0006f000 103:02 31467506                  /home/user/Tools/dbeaver/jre/lib/libawt_xawt.so
78c2120fb000-78c2120fd000 rw-p 00075000 103:02 31467506                  /home/user/Tools/dbeaver/jre/lib/libawt_xawt.so
78c2120fd000-78c2120ff000 rw-p 00000000 00:00 0 
78c2120ff000-78c212103000 ---p 00000000 00:00 0 
78c212103000-78c2121ff000 rw-p 00000000 00:00 0 
78c2121ff000-78c2129ff000 rw-s 00000000 00:01 4456456                    /SYSV00000000 (deleted)
78c2129ff000-78c212a03000 ---p 00000000 00:00 0 
78c212a03000-78c212aff000 rw-p 00000000 00:00 0 
78c212aff000-78c212b03000 ---p 00000000 00:00 0 
78c212b03000-78c212bff000 rw-p 00000000 00:00 0 
78c212bff000-78c212c03000 ---p 00000000 00:00 0 
78c212c03000-78c212cff000 rw-p 00000000 00:00 0 
78c212cff000-78c212d03000 ---p 00000000 00:00 0 
78c212d03000-78c212dff000 rw-p 00000000 00:00 0 
78c212dff000-78c212e03000 ---p 00000000 00:00 0 
78c212e03000-78c212eff000 rw-p 00000000 00:00 0 
78c212eff000-78c212f03000 ---p 00000000 00:00 0 
78c212f03000-78c212fff000 rw-p 00000000 00:00 0 
78c212fff000-78c213000000 ---p 00000000 00:00 0 
78c213000000-78c213100000 rw-p 00000000 00:00 0 
78c213100000-78c213104000 ---p 00000000 00:00 0 
78c213104000-78c213200000 rw-p 00000000 00:00 0 
78c213200000-78c213202000 r-xp 00000000 103:02 31470627                  /home/user/Tools/dbeaver/configuration/org.eclipse.osgi/50/0/.cp/os/linux/x86_64/libunixfile_1_0_0.so
78c213202000-78c213401000 ---p 00002000 103:02 31470627                  /home/user/Tools/dbeaver/configuration/org.eclipse.osgi/50/0/.cp/os/linux/x86_64/libunixfile_1_0_0.so
78c213401000-78c213402000 r--p 00001000 103:02 31470627                  /home/user/Tools/dbeaver/configuration/org.eclipse.osgi/50/0/.cp/os/linux/x86_64/libunixfile_1_0_0.so
78c213402000-78c213403000 rw-p 00002000 103:02 31470627                  /home/user/Tools/dbeaver/configuration/org.eclipse.osgi/50/0/.cp/os/linux/x86_64/libunixfile_1_0_0.so
78c21341e000-78c2134cb000 r-xp 00000000 103:02 31467504                  /home/user/Tools/dbeaver/jre/lib/libawt.so
78c2134cb000-78c2134cc000 ---p 000ad000 103:02 31467504                  /home/user/Tools/dbeaver/jre/lib/libawt.so
78c2134cc000-78c2134cd000 r--p 000ad000 103:02 31467504                  /home/user/Tools/dbeaver/jre/lib/libawt.so
78c2134cd000-78c2134d8000 rw-p 000ae000 103:02 31467504                  /home/user/Tools/dbeaver/jre/lib/libawt.so
78c2134d8000-78c2134fd000 rw-p 00000000 00:00 0 
78c2134fd000-78c213501000 ---p 00000000 00:00 0 
78c213501000-78c2135fd000 rw-p 00000000 00:00 0 
78c2135fd000-78c2135fe000 ---p 00000000 00:00 0 
78c2135fe000-78c2136fe000 rw-p 00000000 00:00 0 
78c2136fe000-78c2136ff000 ---p 00000000 00:00 0 
78c2136ff000-78c2137ff000 rw-p 00000000 00:00 0 
78c2137ff000-78c213800000 ---p 00000000 00:00 0 
78c213800000-78c214000000 rw-p 00000000 00:00 0 
78c214000000-78c214021000 rw-p 00000000 00:00 0 
78c214021000-78c218000000 ---p 00000000 00:00 0 
78c218000000-78c218021000 rw-p 00000000 00:00 0 
78c218021000-78c21c000000 ---p 00000000 00:00 0 
78c21c000000-78c21c021000 rw-p 00000000 00:00 0 
78c21c021000-78c220000000 ---p 00000000 00:00 0 
78c220000000-78c220281000 rw-p 00000000 00:00 0 
78c220281000-78c224000000 ---p 00000000 00:00 0 
78c224000000-78c224021000 rw-p 00000000 00:00 0 
78c224021000-78c228000000 ---p 00000000 00:00 0 
78c228000000-78c228021000 rw-p 00000000 00:00 0 
78c228021000-78c22c000000 ---p 00000000 00:00 0 
78c22c000000-78c22c021000 rw-p 00000000 00:00 0 
78c22c021000-78c230000000 ---p 00000000 00:00 0 
78c230000000-78c230021000 rw-p 00000000 00:00 0 
78c230021000-78c234000000 ---p 00000000 00:00 0 
78c234000000-78c234021000 rw-p 00000000 00:00 0 
78c234021000-78c238000000 ---p 00000000 00:00 0 
78c238000000-78c238021000 rw-p 00000000 00:00 0 
78c238021000-78c23c000000 ---p 00000000 00:00 0 
78c23c000000-78c23c021000 rw-p 00000000 00:00 0 
78c23c021000-78c240000000 ---p 00000000 00:00 0 
78c240000000-78c240021000 rw-p 00000000 00:00 0 
78c240021000-78c244000000 ---p 00000000 00:00 0 
78c244000000-78c244021000 rw-p 00000000 00:00 0 
78c244021000-78c248000000 ---p 00000000 00:00 0 
78c248000000-78c248021000 rw-p 00000000 00:00 0 
78c248021000-78c24c000000 ---p 00000000 00:00 0 
78c24c000000-78c24c09c000 rw-p 00000000 00:00 0 
78c24c09c000-78c250000000 ---p 00000000 00:00 0 
78c250000000-78c250395000 rw-p 00000000 00:00 0 
78c250395000-78c254000000 ---p 00000000 00:00 0 
78c254000000-78c254021000 rw-p 00000000 00:00 0 
78c254021000-78c258000000 ---p 00000000 00:00 0 
78c258000000-78c258c32000 rw-p 00000000 00:00 0 
78c258c32000-78c25c000000 ---p 00000000 00:00 0 
78c25c000000-78c25c021000 rw-p 00000000 00:00 0 
78c25c021000-78c260000000 ---p 00000000 00:00 0 
78c260000000-78c260021000 rw-p 00000000 00:00 0 
78c260021000-78c264000000 ---p 00000000 00:00 0 
78c264000000-78c264021000 rw-p 00000000 00:00 0 
78c264021000-78c268000000 ---p 00000000 00:00 0 
78c268000000-78c268021000 rw-p 00000000 00:00 0 
78c268021000-78c26c000000 ---p 00000000 00:00 0 
78c26c000000-78c26cc8a000 rw-p 00000000 00:00 0 
78c26cc8a000-78c270000000 ---p 00000000 00:00 0 
78c270000000-78c270022000 rw-p 00000000 00:00 0 
78c270022000-78c274000000 ---p 00000000 00:00 0 
78c274000000-78c274e60000 rw-p 00000000 00:00 0 
78c274e60000-78c278000000 ---p 00000000 00:00 0 
78c278000000-78c278ac6000 rw-p 00000000 00:00 0 
78c278ac6000-78c27c000000 ---p 00000000 00:00 0 
78c27c000000-78c27cd8e000 rw-p 00000000 00:00 0 
78c27cd8e000-78c280000000 ---p 00000000 00:00 0 
78c280000000-78c2812d4000 rw-p 00000000 00:00 0 
78c2812d4000-78c284000000 ---p 00000000 00:00 0 
78c284000000-78c2841d5000 rw-p 00000000 00:00 0 
78c2841d5000-78c288000000 ---p 00000000 00:00 0 
78c288000000-78c288029000 rw-p 00000000 00:00 0 
78c288029000-78c28c000000 ---p 00000000 00:00 0 
78c28c003000-78c28c006000 r--p 00000000 103:02 262333                    /usr/lib/x86_64-linux-gnu/libopus.so.0.9.0
78c28c006000-78c28c050000 r-xp 00003000 103:02 262333                    /usr/lib/x86_64-linux-gnu/libopus.so.0.9.0
78c28c050000-78c28c060000 r--p 0004d000 103:02 262333                    /usr/lib/x86_64-linux-gnu/libopus.so.0.9.0
78c28c060000-78c28c061000 r--p 0005d000 103:02 262333                    /usr/lib/x86_64-linux-gnu/libopus.so.0.9.0
78c28c061000-78c28c062000 rw-p 0005e000 103:02 262333                    /usr/lib/x86_64-linux-gnu/libopus.so.0.9.0
78c28c063000-78c28c0a2000 r--p 00000000 103:02 1835045                   /usr/share/fonts/truetype/dejavu/DejaVuSansMono-BoldOblique.ttf
78c28c0a2000-78c28c0e0000 r--p 00000000 103:02 1838969                   /usr/share/fonts/truetype/dejavu/DejaVuSansMono-Oblique.ttf
78c28c0e0000-78c28c0e1000 ---p 00000000 00:00 0 
78c28c0e1000-78c28c1e1000 rw-p 00000000 00:00 0 
78c28c1e1000-78c28c1e2000 ---p 00000000 00:00 0 
78c28c1e2000-78c28c2e2000 rw-p 00000000 00:00 0 
78c28c2e2000-78c28c2e3000 ---p 00000000 00:00 0 
78c28c2e3000-78c28cae3000 rw-p 00000000 00:00 0 
78c28cae3000-78c28cae4000 ---p 00000000 00:00 0 
78c28cae4000-78c28d2e4000 rw-p 00000000 00:00 0 
78c28d2e4000-78c28d2f4000 r--p 00000000 103:02 265460                    /usr/lib/x86_64-linux-gnu/libibus-1.0.so.5.0.529
78c28d2f4000-78c28d32c000 r-xp 00010000 103:02 265460                    /usr/lib/x86_64-linux-gnu/libibus-1.0.so.5.0.529
78c28d32c000-78c28d364000 r--p 00048000 103:02 265460                    /usr/lib/x86_64-linux-gnu/libibus-1.0.so.5.0.529
78c28d364000-78c28d366000 r--p 00080000 103:02 265460                    /usr/lib/x86_64-linux-gnu/libibus-1.0.so.5.0.529
78c28d366000-78c28d367000 rw-p 00082000 103:02 265460                    /usr/lib/x86_64-linux-gnu/libibus-1.0.so.5.0.529
78c28d371000-78c28d374000 r--p 00000000 103:02 262331                    /usr/lib/x86_64-linux-gnu/libapparmor.so.1.17.1
78c28d374000-78c28d37d000 r-xp 00003000 103:02 262331                    /usr/lib/x86_64-linux-gnu/libapparmor.so.1.17.1
78c28d37d000-78c28d383000 r--p 0000c000 103:02 262331                    /usr/lib/x86_64-linux-gnu/libapparmor.so.1.17.1
78c28d383000-78c28d384000 r--p 00012000 103:02 262331                    /usr/lib/x86_64-linux-gnu/libapparmor.so.1.17.1
78c28d384000-78c28d385000 rw-p 00013000 103:02 262331                    /usr/lib/x86_64-linux-gnu/libapparmor.so.1.17.1
78c28d385000-78c28d388000 r--p 00000000 103:02 1069920                   /usr/lib/x86_64-linux-gnu/gtk-3.0/3.0.0/immodules/im-ibus.so
78c28d388000-78c28d38c000 r-xp 00003000 103:02 1069920                   /usr/lib/x86_64-linux-gnu/gtk-3.0/3.0.0/immodules/im-ibus.so
78c28d38c000-78c28d38e000 r--p 00007000 103:02 1069920                   /usr/lib/x86_64-linux-gnu/gtk-3.0/3.0.0/immodules/im-ibus.so
78c28d38e000-78c28d38f000 r--p 00008000 103:02 1069920                   /usr/lib/x86_64-linux-gnu/gtk-3.0/3.0.0/immodules/im-ibus.so
78c28d38f000-78c28d390000 rw-p 00009000 103:02 1069920                   /usr/lib/x86_64-linux-gnu/gtk-3.0/3.0.0/immodules/im-ibus.so
78c28d390000-78c28d3e4000 r--p 00000000 103:02 1838970                   /usr/share/fonts/truetype/dejavu/DejaVuSansMono.ttf
78c28d3e4000-78c28d41f000 r--p 00000000 103:02 31470595                  /home/user/Tools/dbeaver/configuration/org.eclipse.osgi/153/0/.cp/libswt-pi3-gtk-4971r15.so
78c28d41f000-78c28d440000 r-xp 0003b000 103:02 31470595                  /home/user/Tools/dbeaver/configuration/org.eclipse.osgi/153/0/.cp/libswt-pi3-gtk-4971r15.so
78c28d440000-78c28d453000 r--p 0005c000 103:02 31470595                  /home/user/Tools/dbeaver/configuration/org.eclipse.osgi/153/0/.cp/libswt-pi3-gtk-4971r15.so
78c28d453000-78c28d454000 r--p 0006e000 103:02 31470595                  /home/user/Tools/dbeaver/configuration/org.eclipse.osgi/153/0/.cp/libswt-pi3-gtk-4971r15.so
78c28d454000-78c28d457000 rw-p 0006f000 103:02 31470595                  /home/user/Tools/dbeaver/configuration/org.eclipse.osgi/153/0/.cp/libswt-pi3-gtk-4971r15.so
78c28d457000-78c28d458000 rw-p 00000000 00:00 0 
78c28d458000-78c28d497000 r--p 00000000 103:02 31470594                  /home/user/Tools/dbeaver/configuration/org.eclipse.osgi/153/0/.cp/libswt-gtk-4971r15.so
78c28d497000-78c28d4c0000 r-xp 0003f000 103:02 31470594                  /home/user/Tools/dbeaver/configuration/org.eclipse.osgi/153/0/.cp/libswt-gtk-4971r15.so
78c28d4c0000-78c28d4e5000 r--p 00068000 103:02 31470594                  /home/user/Tools/dbeaver/configuration/org.eclipse.osgi/153/0/.cp/libswt-gtk-4971r15.so
78c28d4e5000-78c28d4e6000 r--p 0008c000 103:02 31470594                  /home/user/Tools/dbeaver/configuration/org.eclipse.osgi/153/0/.cp/libswt-gtk-4971r15.so
78c28d4e6000-78c28d4ee000 rw-p 0008d000 103:02 31470594                  /home/user/Tools/dbeaver/configuration/org.eclipse.osgi/153/0/.cp/libswt-gtk-4971r15.so
78c28d4ee000-78c28d4f2000 rw-p 00000000 00:00 0 
78c28d4f2000-78c28d4f6000 ---p 00000000 00:00 0 
78c28d4f6000-78c28d5f2000 rw-p 00000000 00:00 0 
78c28d5f2000-78c28d5f6000 ---p 00000000 00:00 0 
78c28d5f6000-78c28d6f2000 rw-p 00000000 00:00 0 
78c28d6f2000-78c28d6f6000 ---p 00000000 00:00 0 
78c28d6f6000-78c28d7f2000 rw-p 00000000 00:00 0 
78c28d7f2000-78c28d7f3000 ---p 00000000 00:00 0 
78c28d7f3000-78c28d8f3000 rw-p 00000000 00:00 0 
78c28d8f3000-78c28d8f4000 ---p 00000000 00:00 0 
78c28d8f4000-78c28d9f4000 rw-p 00000000 00:00 0 
78c28d9f4000-78c28d9f5000 ---p 00000000 00:00 0 
78c28d9f5000-78c28daf5000 rw-p 00000000 00:00 0 
78c28daf5000-78c28daf6000 ---p 00000000 00:00 0 
78c28daf6000-78c28dbf6000 rw-p 00000000 00:00 0 
78c28dbf6000-78c28dbf7000 ---p 00000000 00:00 0 
78c28dbf7000-78c28dcf7000 rw-p 00000000 00:00 0 
78c28dcf7000-78c28dcf8000 ---p 00000000 00:00 0 
78c28dcf8000-78c28ddf8000 rw-p 00000000 00:00 0 
78c28ddf8000-78c28ddf9000 ---p 00000000 00:00 0 
78c28ddf9000-78c28def9000 rw-p 00000000 00:00 0 
78c28def9000-78c28defa000 ---p 00000000 00:00 0 
78c28defa000-78c28dffa000 rw-p 00000000 00:00 0 
78c28dffa000-78c28dffe000 ---p 00000000 00:00 0 
78c28dffe000-78c28e0fa000 rw-p 00000000 00:00 0 
78c28e0fa000-78c28e0fe000 ---p 00000000 00:00 0 
78c28e0fe000-78c28e1fa000 rw-p 00000000 00:00 0 
78c28e1fa000-78c28e206000 r--p 00000000 103:02 272135                    /usr/lib/x86_64-linux-gnu/libpulse.so.0.24.2
78c28e206000-78c28e237000 r-xp 0000c000 103:02 272135                    /usr/lib/x86_64-linux-gnu/libpulse.so.0.24.2
78c28e237000-78c28e248000 r--p 0003d000 103:02 272135                    /usr/lib/x86_64-linux-gnu/libpulse.so.0.24.2
78c28e248000-78c28e24a000 r--p 0004d000 103:02 272135                    /usr/lib/x86_64-linux-gnu/libpulse.so.0.24.2
78c28e24a000-78c28e24b000 rw-p 0004f000 103:02 272135                    /usr/lib/x86_64-linux-gnu/libpulse.so.0.24.2
78c28e24f000-78c28e269000 r--p 00000000 103:02 1837268                   /usr/share/fonts/opentype/cantarell/Cantarell-Regular.otf
78c28e269000-78c28e26a000 r--p 00000000 103:02 266521                    /usr/lib/x86_64-linux-gnu/libgthread-2.0.so.0.8000.0
78c28e26a000-78c28e26b000 r-xp 00001000 103:02 266521                    /usr/lib/x86_64-linux-gnu/libgthread-2.0.so.0.8000.0
78c28e26b000-78c28e26c000 r--p 00002000 103:02 266521                    /usr/lib/x86_64-linux-gnu/libgthread-2.0.so.0.8000.0
78c28e26c000-78c28e26d000 r--p 00002000 103:02 266521                    /usr/lib/x86_64-linux-gnu/libgthread-2.0.so.0.8000.0
78c28e26d000-78c28e26e000 rw-p 00003000 103:02 266521                    /usr/lib/x86_64-linux-gnu/libgthread-2.0.so.0.8000.0
78c28e26e000-78c28e2ec000 r--p 00000000 103:02 1837888                   /usr/share/fonts/truetype/noto/NotoSans-Bold.ttf
78c28e2ec000-78c28e2ef000 r--p 00000000 103:02 31470642                  /home/user/Tools/dbeaver/configuration/org.eclipse.osgi/153/0/.cp/libswt-atk-gtk-4971r15.so
78c28e2ef000-78c28e2f3000 r-xp 00003000 103:02 31470642                  /home/user/Tools/dbeaver/configuration/org.eclipse.osgi/153/0/.cp/libswt-atk-gtk-4971r15.so
78c28e2f3000-78c28e2f5000 r--p 00007000 103:02 31470642                  /home/user/Tools/dbeaver/configuration/org.eclipse.osgi/153/0/.cp/libswt-atk-gtk-4971r15.so
78c28e2f5000-78c28e2f6000 r--p 00008000 103:02 31470642                  /home/user/Tools/dbeaver/configuration/org.eclipse.osgi/153/0/.cp/libswt-atk-gtk-4971r15.so
78c28e2f6000-78c28e2f7000 rw-p 00009000 103:02 31470642                  /home/user/Tools/dbeaver/configuration/org.eclipse.osgi/153/0/.cp/libswt-atk-gtk-4971r15.so
78c28e2f7000-78c28e2f8000 ---p 00000000 00:00 0 
78c28e2f8000-78c28e3f8000 rw-p 00000000 00:00 0 
78c28e3f8000-78c28e3f9000 ---p 00000000 00:00 0 
78c28e3f9000-78c28e4f9000 rw-p 00000000 00:00 0 
78c28e4f9000-78c28e4fa000 ---p 00000000 00:00 0 
78c28e4fa000-78c28e5fa000 rw-p 00000000 00:00 0 
78c28e5fe000-78c28e605000 r--s 00000000 103:02 922523                    /usr/lib/x86_64-linux-gnu/gconv/gconv-modules.cache
78c28e605000-78c28e607000 r--p 00000000 103:02 288163                    /usr/lib/x86_64-linux-gnu/libasyncns.so.0.3.1
78c28e607000-78c28e60a000 r-xp 00002000 103:02 288163                    /usr/lib/x86_64-linux-gnu/libasyncns.so.0.3.1
78c28e60a000-78c28e60b000 r--p 00005000 103:02 288163                    /usr/lib/x86_64-linux-gnu/libasyncns.so.0.3.1
78c28e60b000-78c28e60c000 r--p 00005000 103:02 288163                    /usr/lib/x86_64-linux-gnu/libasyncns.so.0.3.1
78c28e60c000-78c28e60d000 rw-p 00006000 103:02 288163                    /usr/lib/x86_64-linux-gnu/libasyncns.so.0.3.1
78c28e60d000-78c28e60e000 r--p 00000000 103:02 267994                    /usr/lib/x86_64-linux-gnu/libX11-xcb.so.1.0.0
78c28e60e000-78c28e60f000 r-xp 00001000 103:02 267994                    /usr/lib/x86_64-linux-gnu/libX11-xcb.so.1.0.0
78c28e60f000-78c28e610000 r--p 00002000 103:02 267994                    /usr/lib/x86_64-linux-gnu/libX11-xcb.so.1.0.0
78c28e610000-78c28e611000 r--p 00002000 103:02 267994                    /usr/lib/x86_64-linux-gnu/libX11-xcb.so.1.0.0
78c28e611000-78c28e612000 rw-p 00003000 103:02 267994                    /usr/lib/x86_64-linux-gnu/libX11-xcb.so.1.0.0
78c28e612000-78c28e614000 r--p 00000000 103:02 917969                    /usr/lib/x86_64-linux-gnu/libcanberra-0.30/libcanberra-pulse.so
78c28e614000-78c28e618000 r-xp 00002000 103:02 917969                    /usr/lib/x86_64-linux-gnu/libcanberra-0.30/libcanberra-pulse.so
78c28e618000-78c28e619000 r--p 00006000 103:02 917969                    /usr/lib/x86_64-linux-gnu/libcanberra-0.30/libcanberra-pulse.so
78c28e619000-78c28e61a000 r--p 00006000 103:02 917969                    /usr/lib/x86_64-linux-gnu/libcanberra-0.30/libcanberra-pulse.so
78c28e61a000-78c28e61b000 rw-p 00007000 103:02 917969                    /usr/lib/x86_64-linux-gnu/libcanberra-0.30/libcanberra-pulse.so
78c28e61b000-78c28e66b000 r--p 00000000 103:02 2366593                   /usr/share/icons/Humanity/icon-theme.cache
78c28e66b000-78c28e699000 r--p 00000000 103:02 2359979                   /usr/share/icons/Yaru/icon-theme.cache
78c28e699000-78c28e69d000 r--p 00000000 103:02 264549                    /usr/lib/x86_64-linux-gnu/libgcc_s.so.1
78c28e69d000-78c28e6c1000 r-xp 00004000 103:02 264549                    /usr/lib/x86_64-linux-gnu/libgcc_s.so.1
78c28e6c1000-78c28e6c5000 r--p 00028000 103:02 264549                    /usr/lib/x86_64-linux-gnu/libgcc_s.so.1
78c28e6c5000-78c28e6c6000 r--p 0002b000 103:02 264549                    /usr/lib/x86_64-linux-gnu/libgcc_s.so.1
78c28e6c6000-78c28e6c7000 rw-p 0002c000 103:02 264549                    /usr/lib/x86_64-linux-gnu/libgcc_s.so.1
78c28e6c8000-78c28e6ca000 r--p 00000000 103:02 267612                    /usr/lib/x86_64-linux-gnu/libXtst.so.6.1.0
78c28e6ca000-78c28e6cd000 r-xp 00002000 103:02 267612                    /usr/lib/x86_64-linux-gnu/libXtst.so.6.1.0
78c28e6cd000-78c28e6ce000 r--p 00005000 103:02 267612                    /usr/lib/x86_64-linux-gnu/libXtst.so.6.1.0
78c28e6ce000-78c28e6cf000 r--p 00005000 103:02 267612                    /usr/lib/x86_64-linux-gnu/libXtst.so.6.1.0
78c28e6cf000-78c28e6d0000 rw-p 00006000 103:02 267612                    /usr/lib/x86_64-linux-gnu/libXtst.so.6.1.0
78c28e6d0000-78c28e6d1000 r--p 00000000 103:02 73531953                  /var/lib/flatpak/exports/share/icons/hicolor/icon-theme.cache
78c28e6d1000-78c28e6d9000 r--p 00000000 103:02 2359298                   /usr/share/icons/hicolor/icon-theme.cache
78c28e6d9000-78c28e6e3000 r--p 00000000 103:02 2365806                   /usr/share/icons/Adwaita/icon-theme.cache
78c28e6e3000-78c28e6e5000 r--p 00000000 103:02 2359988                   /usr/share/icons/Yaru-sage/icon-theme.cache
78c28e6e5000-78c28e6e6000 r--p 00000000 103:02 1048917                   /usr/lib/x86_64-linux-gnu/gdk-pixbuf-2.0/2.10.0/loaders/libpixbufloader-svg.so
78c28e6e6000-78c28e6e7000 r-xp 00001000 103:02 1048917                   /usr/lib/x86_64-linux-gnu/gdk-pixbuf-2.0/2.10.0/loaders/libpixbufloader-svg.so
78c28e6e7000-78c28e6e8000 r--p 00002000 103:02 1048917                   /usr/lib/x86_64-linux-gnu/gdk-pixbuf-2.0/2.10.0/loaders/libpixbufloader-svg.so
78c28e6e8000-78c28e6e9000 r--p 00002000 103:02 1048917                   /usr/lib/x86_64-linux-gnu/gdk-pixbuf-2.0/2.10.0/loaders/libpixbufloader-svg.so
78c28e6e9000-78c28e6ea000 rw-p 00003000 103:02 1048917                   /usr/lib/x86_64-linux-gnu/gdk-pixbuf-2.0/2.10.0/loaders/libpixbufloader-svg.so
78c28e6ea000-78c28e6ee000 ---p 00000000 00:00 0 
78c28e6ee000-78c28e7ea000 rw-p 00000000 00:00 0 
78c28e7ea000-78c28e8f2000 r--p 00000000 103:02 1836616                   /usr/share/fonts/truetype/ubuntu/UbuntuSans[wdth,wght].ttf
78c28e8f2000-78c28e9fa000 r--p 00000000 103:02 1836616                   /usr/share/fonts/truetype/ubuntu/UbuntuSans[wdth,wght].ttf
78c28e9fa000-78c28e9fe000 ---p 00000000 00:00 0 
78c28e9fe000-78c28eafa000 rw-p 00000000 00:00 0 
78c28eafa000-78c28eafe000 ---p 00000000 00:00 0 
78c28eafe000-78c28ebfa000 rw-p 00000000 00:00 0 
78c28ebfa000-78c28ebfe000 ---p 00000000 00:00 0 
78c28ebfe000-78c28ecfa000 rw-p 00000000 00:00 0 
78c28ecfa000-78c28ecfe000 ---p 00000000 00:00 0 
78c28ecfe000-78c28edfa000 rw-p 00000000 00:00 0 
78c28edfa000-78c28edfb000 ---p 00000000 00:00 0 
78c28edfb000-78c28eefb000 rw-p 00000000 00:00 0 
78c28eefb000-78c28eefc000 ---p 00000000 00:00 0 
78c28eefc000-78c28effc000 rw-p 00000000 00:00 0 
78c28effc000-78c28effd000 ---p 00000000 00:00 0 
78c28effd000-78c28f0fd000 rw-p 00000000 00:00 0 
78c28f0fd000-78c28f0fe000 ---p 00000000 00:00 0 
78c28f0fe000-78c28f1fe000 rw-p 00000000 00:00 0 
78c28f1fe000-78c28f1ff000 ---p 00000000 00:00 0 
78c28f1ff000-78c28f2ff000 rw-p 00000000 00:00 0 
78c28f2ff000-78c28f303000 ---p 00000000 00:00 0 
78c28f303000-78c28f3ff000 rw-p 00000000 00:00 0 
78c28f3ff000-78c28f403000 ---p 00000000 00:00 0 
78c28f403000-78c28f4ff000 rw-p 00000000 00:00 0 
78c28f4ff000-78c28f503000 ---p 00000000 00:00 0 
78c28f503000-78c28f5ff000 rw-p 00000000 00:00 0 
78c28f5ff000-78c28f603000 ---p 00000000 00:00 0 
78c28f603000-78c28f6ff000 rw-p 00000000 00:00 0 
78c28f6ff000-78c28f703000 ---p 00000000 00:00 0 
78c28f703000-78c28f7ff000 rw-p 00000000 00:00 0 
78c28f7ff000-78c28f800000 ---p 00000000 00:00 0 
78c28f800000-78c290000000 rw-p 00000000 00:00 0 
78c290000000-78c290021000 rw-p 00000000 00:00 0 
78c290021000-78c294000000 ---p 00000000 00:00 0 
78c294000000-78c294021000 rw-p 00000000 00:00 0 
78c294021000-78c298000000 ---p 00000000 00:00 0 
78c298000000-78c298021000 rw-p 00000000 00:00 0 
78c298021000-78c29c000000 ---p 00000000 00:00 0 
78c29c000000-78c29d8ae000 rw-p 00000000 00:00 0 
78c29d8ae000-78c2a0000000 ---p 00000000 00:00 0 
78c2a0000000-78c2a0021000 rw-p 00000000 00:00 0 
78c2a0021000-78c2a4000000 ---p 00000000 00:00 0 
78c2a4000000-78c2a4ca9000 rw-p 00000000 00:00 0 
78c2a4ca9000-78c2a8000000 ---p 00000000 00:00 0 
78c2a8000000-78c2aa02b000 rw-p 00000000 00:00 0 
78c2aa02b000-78c2ac000000 ---p 00000000 00:00 0 
78c2ac000000-78c2ac573000 rw-p 00000000 00:00 0 
78c2ac573000-78c2b0000000 ---p 00000000 00:00 0 
78c2b0000000-78c2b0021000 rw-p 00000000 00:00 0 
78c2b0021000-78c2b4000000 ---p 00000000 00:00 0 
78c2b4000000-78c2b4002000 r-xp 00000000 103:02 31467507                  /home/user/Tools/dbeaver/jre/lib/libextnet.so
78c2b4002000-78c2b4003000 r--p 00001000 103:02 31467507                  /home/user/Tools/dbeaver/jre/lib/libextnet.so
78c2b4003000-78c2b4004000 rw-p 00002000 103:02 31467507                  /home/user/Tools/dbeaver/jre/lib/libextnet.so
78c2b4004000-78c2b4005000 r-xp 00000000 103:02 31467512                  /home/user/Tools/dbeaver/jre/lib/libjaas.so
78c2b4005000-78c2b4006000 ---p 00001000 103:02 31467512                  /home/user/Tools/dbeaver/jre/lib/libjaas.so
78c2b4006000-78c2b4007000 r--p 00001000 103:02 31467512                  /home/user/Tools/dbeaver/jre/lib/libjaas.so
78c2b4007000-78c2b4008000 rw-p 00002000 103:02 31467512                  /home/user/Tools/dbeaver/jre/lib/libjaas.so
78c2b4008000-78c2b400e000 r--p 00000000 103:02 31470605                  /home/user/Tools/dbeaver/configuration/org.eclipse.osgi/153/0/.cp/libswt-cairo-gtk-4971r15.so
78c2b400e000-78c2b4011000 r-xp 00006000 103:02 31470605                  /home/user/Tools/dbeaver/configuration/org.eclipse.osgi/153/0/.cp/libswt-cairo-gtk-4971r15.so
78c2b4011000-78c2b4013000 r--p 00009000 103:02 31470605                  /home/user/Tools/dbeaver/configuration/org.eclipse.osgi/153/0/.cp/libswt-cairo-gtk-4971r15.so
78c2b4013000-78c2b4014000 r--p 0000a000 103:02 31470605                  /home/user/Tools/dbeaver/configuration/org.eclipse.osgi/153/0/.cp/libswt-cairo-gtk-4971r15.so
78c2b4014000-78c2b4015000 rw-p 0000b000 103:02 31470605                  /home/user/Tools/dbeaver/configuration/org.eclipse.osgi/153/0/.cp/libswt-cairo-gtk-4971r15.so
78c2b4015000-78c2b4022000 r-xp 00000000 103:02 31468492                  /home/user/Tools/dbeaver/jre/lib/libverify.so
78c2b4022000-78c2b4024000 r--p 0000c000 103:02 31468492                  /home/user/Tools/dbeaver/jre/lib/libverify.so
78c2b4024000-78c2b4025000 rw-p 0000e000 103:02 31468492                  /home/user/Tools/dbeaver/jre/lib/libverify.so
78c2b4025000-78c2b412d000 r--p 00000000 103:02 1836616                   /usr/share/fonts/truetype/ubuntu/UbuntuSans[wdth,wght].ttf
78c2b412d000-78c2b4235000 r--p 00000000 103:02 1836616                   /usr/share/fonts/truetype/ubuntu/UbuntuSans[wdth,wght].ttf
78c2b4235000-78c2b4243000 r--s 00000000 103:02 73407919                  /var/cache/fontconfig/a4e60e8d1e10d2fdff3fe3037a1845fb-le64.cache-9
78c2b4243000-78c2b42a1000 r--s 00000000 103:02 73407917                  /var/cache/fontconfig/2300eef321c393bfd76478a5c0e95b23-le64.cache-9
78c2b42a1000-78c2b42a3000 r--s 00000000 103:02 73407916                  /var/cache/fontconfig/a698622a1794665038244195796e69d1-le64.cache-9
78c2b42a3000-78c2b42a4000 r--s 00000000 103:02 73407915                  /var/cache/fontconfig/0d8c3b2ac0904cb8a57a757ad11a4a08-le64.cache-9
78c2b42a4000-78c2b42bd000 r--s 00000000 103:02 73407914                  /var/cache/fontconfig/04aabc0a78ac019cf9454389977116d2-le64.cache-9
78c2b42bd000-78c2b42be000 r--s 00000000 103:02 73407913                  /var/cache/fontconfig/1ac9eb803944fde146138c791f5cc56a-le64.cache-9
78c2b42be000-78c2b42c7000 r--s 00000000 103:02 73407912                  /var/cache/fontconfig/2151c34eae6ab8b65f2db52eba5f75d1-le64.cache-9
78c2b42c7000-78c2b42c8000 r--s 00000000 103:02 73407911                  /var/cache/fontconfig/dc05db6664285cc2f12bf69c139ae4c3-le64.cache-9
78c2b42c8000-78c2b42ca000 r--s 00000000 103:02 73407910                  /var/cache/fontconfig/14a5e22175779b556eaa434240950366-le64.cache-9
78c2b42ca000-78c2b42cb000 r--s 00000000 103:02 73407909                  /var/cache/fontconfig/660208299946a285a940457d1287da33-le64.cache-9
78c2b42cb000-78c2b42cd000 r--s 00000000 103:02 73407908                  /var/cache/fontconfig/4f3e3037c9980c83b53a9351efadef62-le64.cache-9
78c2b42cd000-78c2b42cf000 r--s 00000000 103:02 73407902                  /var/cache/fontconfig/767a8244fc0220cfb567a839d0392e0b-le64.cache-9
78c2b42cf000-78c2b4344000 r--s 00000000 103:02 73407894                  /var/cache/fontconfig/0bd3dc0958fa2205aaaa8ebb13e2872b-le64.cache-9
78c2b4344000-78c2b4349000 r--s 00000000 103:02 73407888                  /var/cache/fontconfig/def309198bfa603429122923fa2bb2d4-le64.cache-9
78c2b4349000-78c2b434e000 r--s 00000000 103:02 73411092                  /var/cache/fontconfig/c57959a16110560c8d0fcea73374aeeb-le64.cache-9
78c2b434e000-78c2b434f000 r--s 00000000 103:02 73407886                  /var/cache/fontconfig/b872e6e592da6075ffa4ab0a1fcc0c75-le64.cache-9
78c2b434f000-78c2b4350000 r--s 00000000 103:02 73407885                  /var/cache/fontconfig/f6d4eedfaab2589bde49f7a3ff831d22-le64.cache-9
78c2b4350000-78c2b4351000 r--s 00000000 103:02 73407884                  /var/cache/fontconfig/589f83ef4c36d296ce6e1c846f468f08-le64.cache-9
78c2b4351000-78c2b4352000 r--s 00000000 103:02 73407883                  /var/cache/fontconfig/bab58bb527bb656aaa9f116d68a48d89-le64.cache-9
78c2b4352000-78c2b4353000 r--s 00000000 103:02 73407882                  /var/cache/fontconfig/2171a34dccabdb6bcbbc728186263178-le64.cache-9
78c2b4353000-78c2b4354000 r--s 00000000 103:02 73407881                  /var/cache/fontconfig/c5c45a61289222e0d30b1a26ef4effbe-le64.cache-9
78c2b4354000-78c2b4355000 r--s 00000000 103:02 73407880                  /var/cache/fontconfig/aec30016f93e1b46d1a973dce0d74068-le64.cache-9
78c2b4355000-78c2b4356000 r--s 00000000 103:02 73407879                  /var/cache/fontconfig/3f589640d34b7dc9042c8d453f7c8b9c-le64.cache-9
78c2b4356000-78c2b4357000 r--s 00000000 103:02 73407877                  /var/cache/fontconfig/16c2fda60d1b4b719f4b3d06fd951d25-le64.cache-9
78c2b4357000-78c2b4358000 r--s 00000000 103:02 73407874                  /var/cache/fontconfig/a48eab177a16e4f3713381162db2f3e9-le64.cache-9
78c2b4358000-78c2b4359000 r--s 00000000 103:02 73407873                  /var/cache/fontconfig/564b2e68ac9bc4e36a6f7f6d6125ec1c-le64.cache-9
78c2b4359000-78c2b435a000 r--s 00000000 103:02 73407872                  /var/cache/fontconfig/da43223dd54fb3bb4243ae19d4b583b2-le64.cache-9
78c2b435a000-78c2b4362000 r--s 00000000 103:02 73407870                  /var/cache/fontconfig/3047814df9a2f067bd2d96a2b9c36e5a-le64.cache-9
78c2b4362000-78c2b4363000 r--s 00000000 103:02 73407868                  /var/cache/fontconfig/56cf4f4769d0f4abc89a4895d7bd3ae1-le64.cache-9
78c2b4363000-78c2b4364000 r--s 00000000 103:02 73407823                  /var/cache/fontconfig/b9d506c9ac06c20b433354fa67a72993-le64.cache-9
78c2b4364000-78c2b436b000 r--s 00000000 103:02 73407822                  /var/cache/fontconfig/b47c4e1ecd0709278f4910c18777a504-le64.cache-9
78c2b436b000-78c2b4382000 r--s 00000000 103:02 73407821                  /var/cache/fontconfig/d52a8644073d54c13679302ca1180695-le64.cache-9
78c2b4382000-78c2b4389000 r--s 00000000 103:02 73407817                  /var/cache/fontconfig/7ab2eb8330e5664a2b0e875ad8d37ad9-le64.cache-9
78c2b4389000-78c2b438a000 r--s 00000000 103:02 73407815                  /var/cache/fontconfig/370e5b74bf5dafc30834de68e24a87a4-le64.cache-9
78c2b438a000-78c2b438d000 r--s 00000000 103:02 73407797                  /var/cache/fontconfig/f259c2cffa685e28062317905db73c4a-le64.cache-9
78c2b438d000-78c2b439d000 r--s 00000000 103:02 73407760                  /var/cache/fontconfig/6cc790b63b123a6a96ee260fcdad32a9-le64.cache-9
78c2b439d000-78c2b43bc000 r--s 00000000 103:02 73401781                  /var/cache/fontconfig/e13b20fdb08344e0e664864cc2ede53d-le64.cache-9
78c2b43bc000-78c2b43e1000 r--s 00000000 103:02 73407715                  /var/cache/fontconfig/467c019e582ee353435ea5c21d137ef6-le64.cache-9
78c2b43e1000-78c2b440b000 r--s 00000000 103:02 1179879                   /usr/share/mime/mime.cache
78c2b440b000-78c2b440e000 r--p 00000000 103:02 269707                    /usr/lib/x86_64-linux-gnu/libvorbis.so.0.4.9
78c2b440e000-78c2b4426000 r-xp 00003000 103:02 269707                    /usr/lib/x86_64-linux-gnu/libvorbis.so.0.4.9
78c2b4426000-78c2b4437000 r--p 0001b000 103:02 269707                    /usr/lib/x86_64-linux-gnu/libvorbis.so.0.4.9
78c2b4437000-78c2b4438000 r--p 0002b000 103:02 269707                    /usr/lib/x86_64-linux-gnu/libvorbis.so.0.4.9
78c2b4438000-78c2b4439000 rw-p 0002c000 103:02 269707                    /usr/lib/x86_64-linux-gnu/libvorbis.so.0.4.9
78c2b4439000-78c2b443d000 r--p 00000000 103:02 266713                    /usr/lib/x86_64-linux-gnu/libtdb.so.1.4.10
78c2b443d000-78c2b444b000 r-xp 00004000 103:02 266713                    /usr/lib/x86_64-linux-gnu/libtdb.so.1.4.10
78c2b444b000-78c2b4450000 r--p 00012000 103:02 266713                    /usr/lib/x86_64-linux-gnu/libtdb.so.1.4.10
78c2b4450000-78c2b4451000 r--p 00016000 103:02 266713                    /usr/lib/x86_64-linux-gnu/libtdb.so.1.4.10
78c2b4451000-78c2b4452000 rw-p 00017000 103:02 266713                    /usr/lib/x86_64-linux-gnu/libtdb.so.1.4.10
78c2b4452000-78c2b445f000 r--s 00000000 103:02 73410853                  /var/cache/fontconfig/d589a48862398ed80a3d6066f4f56f4c-le64.cache-9
78c2b445f000-78c2b4470000 r--s 00000000 103:02 73407759                  /var/cache/fontconfig/9b89f8e3dae116d678bbf48e5f21f69b-le64.cache-9
78c2b4478000-78c2b4493000 r--p 00000000 103:02 1836397                   /usr/share/fonts/opentype/cantarell/Cantarell-Bold.otf
78c2b4493000-78c2b44ad000 r--p 00000000 103:02 1837268                   /usr/share/fonts/opentype/cantarell/Cantarell-Regular.otf
78c2b44ad000-78c2b44ae000 r--p 00000000 103:02 270310                    /usr/lib/x86_64-linux-gnu/libnss_mdns4_minimal.so.2
78c2b44ae000-78c2b44b0000 r-xp 00001000 103:02 270310                    /usr/lib/x86_64-linux-gnu/libnss_mdns4_minimal.so.2
78c2b44b0000-78c2b44b1000 r--p 00003000 103:02 270310                    /usr/lib/x86_64-linux-gnu/libnss_mdns4_minimal.so.2
78c2b44b1000-78c2b44b2000 r--p 00003000 103:02 270310                    /usr/lib/x86_64-linux-gnu/libnss_mdns4_minimal.so.2
78c2b44b2000-78c2b44b3000 rw-p 00004000 103:02 270310                    /usr/lib/x86_64-linux-gnu/libnss_mdns4_minimal.so.2
78c2b44c2000-78c2b44c3000 r--p 00000000 103:02 3146239                   /usr/share/locale-langpack/en/LC_MESSAGES/gnome-control-center-2.0.mo
78c2b44c3000-78c2b44c8000 r-xp 00000000 103:02 31467523                  /home/user/Tools/dbeaver/jre/lib/libmanagement_ext.so
78c2b44c8000-78c2b44c9000 ---p 00005000 103:02 31467523                  /home/user/Tools/dbeaver/jre/lib/libmanagement_ext.so
78c2b44c9000-78c2b44ca000 r--p 00005000 103:02 31467523                  /home/user/Tools/dbeaver/jre/lib/libmanagement_ext.so
78c2b44ca000-78c2b44cb000 rw-p 00006000 103:02 31467523                  /home/user/Tools/dbeaver/jre/lib/libmanagement_ext.so
78c2b44cb000-78c2b44cf000 r-xp 00000000 103:02 31467522                  /home/user/Tools/dbeaver/jre/lib/libmanagement.so
78c2b44cf000-78c2b44d0000 r--p 00003000 103:02 31467522                  /home/user/Tools/dbeaver/jre/lib/libmanagement.so
78c2b44d0000-78c2b44d1000 rw-p 00004000 103:02 31467522                  /home/user/Tools/dbeaver/jre/lib/libmanagement.so
78c2b44d1000-78c2b44d3000 r--p 00000000 103:02 1078175                   /usr/lib/x86_64-linux-gnu/gdk-pixbuf-2.0/2.10.0/loaders/libpixbufloader-gif.so
78c2b44d3000-78c2b44d6000 r-xp 00002000 103:02 1078175                   /usr/lib/x86_64-linux-gnu/gdk-pixbuf-2.0/2.10.0/loaders/libpixbufloader-gif.so
78c2b44d6000-78c2b44d7000 r--p 00005000 103:02 1078175                   /usr/lib/x86_64-linux-gnu/gdk-pixbuf-2.0/2.10.0/loaders/libpixbufloader-gif.so
78c2b44d7000-78c2b44d8000 r--p 00005000 103:02 1078175                   /usr/lib/x86_64-linux-gnu/gdk-pixbuf-2.0/2.10.0/loaders/libpixbufloader-gif.so
78c2b44d8000-78c2b44d9000 rw-p 00006000 103:02 1078175                   /usr/lib/x86_64-linux-gnu/gdk-pixbuf-2.0/2.10.0/loaders/libpixbufloader-gif.so
78c2b44d9000-78c2b44da000 r--s 00000000 103:02 73407806                  /var/cache/fontconfig/6b2c5944714ca7831b25bed9e85cb5c8-le64.cache-9
78c2b44da000-78c2b44dc000 r--s 00000000 103:02 73407796                  /var/cache/fontconfig/550f3886151c940c12a5ed35f6a00586-le64.cache-9
78c2b44dc000-78c2b44de000 r--p 00000000 103:02 262819                    /usr/lib/x86_64-linux-gnu/libogg.so.0.8.5
78c2b44de000-78c2b44e1000 r-xp 00002000 103:02 262819                    /usr/lib/x86_64-linux-gnu/libogg.so.0.8.5
78c2b44e1000-78c2b44e4000 r--p 00005000 103:02 262819                    /usr/lib/x86_64-linux-gnu/libogg.so.0.8.5
78c2b44e4000-78c2b44e5000 r--p 00007000 103:02 262819                    /usr/lib/x86_64-linux-gnu/libogg.so.0.8.5
78c2b44e5000-78c2b44e6000 rw-p 00008000 103:02 262819                    /usr/lib/x86_64-linux-gnu/libogg.so.0.8.5
78c2b44e6000-78c2b44e8000 r--p 00000000 103:02 267067                    /usr/lib/x86_64-linux-gnu/libltdl.so.7.3.2
78c2b44e8000-78c2b44ed000 r-xp 00002000 103:02 267067                    /usr/lib/x86_64-linux-gnu/libltdl.so.7.3.2
78c2b44ed000-78c2b44ef000 r--p 00007000 103:02 267067                    /usr/lib/x86_64-linux-gnu/libltdl.so.7.3.2
78c2b44ef000-78c2b44f0000 r--p 00008000 103:02 267067                    /usr/lib/x86_64-linux-gnu/libltdl.so.7.3.2
78c2b44f0000-78c2b44f1000 rw-p 00009000 103:02 267067                    /usr/lib/x86_64-linux-gnu/libltdl.so.7.3.2
78c2b44f1000-78c2b45a5000 r--p 00000000 103:02 3414024                   /usr/share/themes/Yaru-sage-dark/gtk-3.0/gtk.gresource
78c2b45a5000-78c2b45a6000 ---p 00000000 00:00 0 
78c2b45a6000-78c2b4da6000 rw-p 00000000 00:00 0 
78c2b4da6000-78c2b4da7000 ---p 00000000 00:00 0 
78c2b4da7000-78c2b55a7000 rw-p 00000000 00:00 0 
78c2b55a7000-78c2b55a8000 ---p 00000000 00:00 0 
78c2b55a8000-78c2b5da8000 rw-p 00000000 00:00 0 
78c2b5da8000-78c2b5dba000 r--p 00000000 103:02 920454                    /usr/lib/x86_64-linux-gnu/gvfs/libgvfscommon.so
78c2b5dba000-78c2b5dd6000 r-xp 00012000 103:02 920454                    /usr/lib/x86_64-linux-gnu/gvfs/libgvfscommon.so
78c2b5dd6000-78c2b5de2000 r--p 0002e000 103:02 920454                    /usr/lib/x86_64-linux-gnu/gvfs/libgvfscommon.so
78c2b5de2000-78c2b5de8000 r--p 00039000 103:02 920454                    /usr/lib/x86_64-linux-gnu/gvfs/libgvfscommon.so
78c2b5de8000-78c2b5de9000 rw-p 0003f000 103:02 920454                    /usr/lib/x86_64-linux-gnu/gvfs/libgvfscommon.so
78c2b5de9000-78c2b5df3000 r--p 00000000 103:02 1049476                   /usr/lib/x86_64-linux-gnu/gio/modules/libgvfsdbus.so
78c2b5df3000-78c2b5e11000 r-xp 0000a000 103:02 1049476                   /usr/lib/x86_64-linux-gnu/gio/modules/libgvfsdbus.so
78c2b5e11000-78c2b5e19000 r--p 00028000 103:02 1049476                   /usr/lib/x86_64-linux-gnu/gio/modules/libgvfsdbus.so
78c2b5e19000-78c2b5e1b000 r--p 00030000 103:02 1049476                   /usr/lib/x86_64-linux-gnu/gio/modules/libgvfsdbus.so
78c2b5e1b000-78c2b5e1c000 rw-p 00032000 103:02 1049476                   /usr/lib/x86_64-linux-gnu/gio/modules/libgvfsdbus.so
78c2b5e1c000-78c2b5e20000 r--p 00000000 103:02 263058                    /usr/lib/x86_64-linux-gnu/libgpg-error.so.0.34.0
78c2b5e20000-78c2b5e36000 r-xp 00004000 103:02 263058                    /usr/lib/x86_64-linux-gnu/libgpg-error.so.0.34.0
78c2b5e36000-78c2b5e3f000 r--p 0001a000 103:02 263058                    /usr/lib/x86_64-linux-gnu/libgpg-error.so.0.34.0
78c2b5e3f000-78c2b5e40000 r--p 00023000 103:02 263058                    /usr/lib/x86_64-linux-gnu/libgpg-error.so.0.34.0
78c2b5e40000-78c2b5e41000 rw-p 00024000 103:02 263058                    /usr/lib/x86_64-linux-gnu/libgpg-error.so.0.34.0
78c2b5e41000-78c2b5e45000 r--p 00000000 103:02 265242                    /usr/lib/x86_64-linux-gnu/libzstd.so.1.5.5
78c2b5e45000-78c2b5eec000 r-xp 00004000 103:02 265242                    /usr/lib/x86_64-linux-gnu/libzstd.so.1.5.5
78c2b5eec000-78c2b5ef9000 r--p 000ab000 103:02 265242                    /usr/lib/x86_64-linux-gnu/libzstd.so.1.5.5
78c2b5ef9000-78c2b5efa000 r--p 000b7000 103:02 265242                    /usr/lib/x86_64-linux-gnu/libzstd.so.1.5.5
78c2b5efa000-78c2b5efb000 rw-p 000b8000 103:02 265242                    /usr/lib/x86_64-linux-gnu/libzstd.so.1.5.5
78c2b5efb000-78c2b5efe000 r--p 00000000 103:02 269316                    /usr/lib/x86_64-linux-gnu/liblzma.so.5.4.5
78c2b5efe000-78c2b5f20000 r-xp 00003000 103:02 269316                    /usr/lib/x86_64-linux-gnu/liblzma.so.5.4.5
78c2b5f20000-78c2b5f2b000 r--p 00025000 103:02 269316                    /usr/lib/x86_64-linux-gnu/liblzma.so.5.4.5
78c2b5f2b000-78c2b5f2c000 r--p 00030000 103:02 269316                    /usr/lib/x86_64-linux-gnu/liblzma.so.5.4.5
78c2b5f2c000-78c2b5f2d000 rw-p 00031000 103:02 269316                    /usr/lib/x86_64-linux-gnu/liblzma.so.5.4.5
78c2b5f2d000-78c2b5f30000 r--p 00000000 103:02 264155                    /usr/lib/x86_64-linux-gnu/liblz4.so.1.9.4
78c2b5f30000-78c2b5f4b000 r-xp 00003000 103:02 264155                    /usr/lib/x86_64-linux-gnu/liblz4.so.1.9.4
78c2b5f4b000-78c2b5f4d000 r--p 0001e000 103:02 264155                    /usr/lib/x86_64-linux-gnu/liblz4.so.1.9.4
78c2b5f4d000-78c2b5f4e000 r--p 00020000 103:02 264155                    /usr/lib/x86_64-linux-gnu/liblz4.so.1.9.4
78c2b5f4e000-78c2b5f4f000 rw-p 00021000 103:02 264155                    /usr/lib/x86_64-linux-gnu/liblz4.so.1.9.4
78c2b5f4f000-78c2b5f5e000 r--p 00000000 103:02 264150                    /usr/lib/x86_64-linux-gnu/libgcrypt.so.20.4.3
78c2b5f5e000-78c2b6052000 r-xp 0000f000 103:02 264150                    /usr/lib/x86_64-linux-gnu/libgcrypt.so.20.4.3
78c2b6052000-78c2b608d000 r--p 00103000 103:02 264150                    /usr/lib/x86_64-linux-gnu/libgcrypt.so.20.4.3
78c2b608d000-78c2b6092000 r--p 0013e000 103:02 264150                    /usr/lib/x86_64-linux-gnu/libgcrypt.so.20.4.3
78c2b6092000-78c2b6096000 rw-p 00143000 103:02 264150                    /usr/lib/x86_64-linux-gnu/libgcrypt.so.20.4.3
78c2b6096000-78c2b6097000 rw-p 00000000 00:00 0 
78c2b6097000-78c2b60ad000 r--p 00000000 103:02 262207                    /usr/lib/x86_64-linux-gnu/libsystemd.so.0.38.0
78c2b60ad000-78c2b613c000 r-xp 00016000 103:02 262207                    /usr/lib/x86_64-linux-gnu/libsystemd.so.0.38.0
78c2b613c000-78c2b616a000 r--p 000a5000 103:02 262207                    /usr/lib/x86_64-linux-gnu/libsystemd.so.0.38.0
78c2b616a000-78c2b6175000 r--p 000d2000 103:02 262207                    /usr/lib/x86_64-linux-gnu/libsystemd.so.0.38.0
78c2b6175000-78c2b6176000 rw-p 000dd000 103:02 262207                    /usr/lib/x86_64-linux-gnu/libsystemd.so.0.38.0
78c2b6176000-78c2b6177000 rw-p 00000000 00:00 0 
78c2b6177000-78c2b6183000 r--p 00000000 103:02 270475                    /usr/lib/x86_64-linux-gnu/libdbus-1.so.3.32.4
78c2b6183000-78c2b61b3000 r-xp 0000c000 103:02 270475                    /usr/lib/x86_64-linux-gnu/libdbus-1.so.3.32.4
78c2b61b3000-78c2b61c4000 r--p 0003c000 103:02 270475                    /usr/lib/x86_64-linux-gnu/libdbus-1.so.3.32.4
78c2b61c4000-78c2b61c5000 r--p 0004c000 103:02 270475                    /usr/lib/x86_64-linux-gnu/libdbus-1.so.3.32.4
78c2b61c5000-78c2b61c6000 rw-p 0004d000 103:02 270475                    /usr/lib/x86_64-linux-gnu/libdbus-1.so.3.32.4
78c2b61c6000-78c2b61d6000 r--p 00000000 103:02 266427                    /usr/lib/x86_64-linux-gnu/libatspi.so.0.0.1
78c2b61d6000-78c2b61ef000 r-xp 00010000 103:02 266427                    /usr/lib/x86_64-linux-gnu/libatspi.so.0.0.1
78c2b61ef000-78c2b61fc000 r--p 00029000 103:02 266427                    /usr/lib/x86_64-linux-gnu/libatspi.so.0.0.1
78c2b61fc000-78c2b61ff000 r--p 00036000 103:02 266427                    /usr/lib/x86_64-linux-gnu/libatspi.so.0.0.1
78c2b61ff000-78c2b6200000 rw-p 00039000 103:02 266427                    /usr/lib/x86_64-linux-gnu/libatspi.so.0.0.1
78c2b6200000-78c2b6283000 r--p 00000000 103:02 268416                    /usr/lib/x86_64-linux-gnu/libgtk-3.so.0.2409.32
78c2b6283000-78c2b6631000 r-xp 00083000 103:02 268416                    /usr/lib/x86_64-linux-gnu/libgtk-3.so.0.2409.32
78c2b6631000-78c2b69b6000 r--p 00431000 103:02 268416                    /usr/lib/x86_64-linux-gnu/libgtk-3.so.0.2409.32
78c2b69b6000-78c2b69c6000 r--p 007b5000 103:02 268416                    /usr/lib/x86_64-linux-gnu/libgtk-3.so.0.2409.32
78c2b69c6000-78c2b69c8000 rw-p 007c5000 103:02 268416                    /usr/lib/x86_64-linux-gnu/libgtk-3.so.0.2409.32
78c2b69c8000-78c2b69cd000 rw-p 00000000 00:00 0 
78c2b69cd000-78c2b69ce000 r--s 00000000 103:02 73407802                  /var/cache/fontconfig/d5178ab6d91b49bf20a416737dcea9e8-le64.cache-9
78c2b69ce000-78c2b69d1000 r--s 00000000 103:02 73407793                  /var/cache/fontconfig/674d1711f2d1d2a09646eb0bdcadee49-le64.cache-9
78c2b69d1000-78c2b69d3000 r--s 00000000 103:02 73407789                  /var/cache/fontconfig/9847559ead66962bfc5feeee9f80d7a0-le64.cache-9
78c2b69d3000-78c2b69d6000 r--p 00000000 103:02 268050                    /usr/lib/x86_64-linux-gnu/libcanberra.so.0.2.5
78c2b69d6000-78c2b69e1000 r-xp 00003000 103:02 268050                    /usr/lib/x86_64-linux-gnu/libcanberra.so.0.2.5
78c2b69e1000-78c2b69e4000 r--p 0000e000 103:02 268050                    /usr/lib/x86_64-linux-gnu/libcanberra.so.0.2.5
78c2b69e4000-78c2b69e5000 r--p 00010000 103:02 268050                    /usr/lib/x86_64-linux-gnu/libcanberra.so.0.2.5
78c2b69e5000-78c2b69e6000 rw-p 00011000 103:02 268050                    /usr/lib/x86_64-linux-gnu/libcanberra.so.0.2.5
78c2b69e6000-78c2b69e9000 r--p 00000000 103:02 263012                    /usr/lib/x86_64-linux-gnu/libcap.so.2.66
78c2b69e9000-78c2b69ef000 r-xp 00003000 103:02 263012                    /usr/lib/x86_64-linux-gnu/libcap.so.2.66
78c2b69ef000-78c2b69f1000 r--p 00009000 103:02 263012                    /usr/lib/x86_64-linux-gnu/libcap.so.2.66
78c2b69f1000-78c2b69f2000 r--p 0000b000 103:02 263012                    /usr/lib/x86_64-linux-gnu/libcap.so.2.66
78c2b69f2000-78c2b69f3000 rw-p 0000c000 103:02 263012                    /usr/lib/x86_64-linux-gnu/libcap.so.2.66
78c2b69f3000-78c2b69ff000 r--p 00000000 103:02 263664                    /usr/lib/x86_64-linux-gnu/libatk-bridge-2.0.so.0.0.0
78c2b69ff000-78c2b6a19000 r-xp 0000c000 103:02 263664                    /usr/lib/x86_64-linux-gnu/libatk-bridge-2.0.so.0.0.0
78c2b6a19000-78c2b6a2c000 r--p 00026000 103:02 263664                    /usr/lib/x86_64-linux-gnu/libatk-bridge-2.0.so.0.0.0
78c2b6a2c000-78c2b6a2d000 r--p 00039000 103:02 263664                    /usr/lib/x86_64-linux-gnu/libatk-bridge-2.0.so.0.0.0
78c2b6a2d000-78c2b6a2f000 rw-p 0003a000 103:02 263664                    /usr/lib/x86_64-linux-gnu/libatk-bridge-2.0.so.0.0.0
78c2b6a2f000-78c2b6a3a000 r--p 00000000 103:02 262523                    /usr/lib/x86_64-linux-gnu/libatk-1.0.so.0.25209.1
78c2b6a3a000-78c2b6a4a000 r-xp 0000b000 103:02 262523                    /usr/lib/x86_64-linux-gnu/libatk-1.0.so.0.25209.1
78c2b6a4a000-78c2b6a55000 r--p 0001b000 103:02 262523                    /usr/lib/x86_64-linux-gnu/libatk-1.0.so.0.25209.1
78c2b6a55000-78c2b6a58000 r--p 00026000 103:02 262523                    /usr/lib/x86_64-linux-gnu/libatk-1.0.so.0.25209.1
78c2b6a58000-78c2b6a59000 rw-p 00029000 103:02 262523                    /usr/lib/x86_64-linux-gnu/libatk-1.0.so.0.25209.1
78c2b6a59000-78c2b6a5b000 r--p 00000000 103:02 268301                    /usr/lib/x86_64-linux-gnu/libmd.so.0.1.0
78c2b6a5b000-78c2b6a64000 r-xp 00002000 103:02 268301                    /usr/lib/x86_64-linux-gnu/libmd.so.0.1.0
78c2b6a64000-78c2b6a66000 r--p 0000b000 103:02 268301                    /usr/lib/x86_64-linux-gnu/libmd.so.0.1.0
78c2b6a66000-78c2b6a67000 r--p 0000c000 103:02 268301                    /usr/lib/x86_64-linux-gnu/libmd.so.0.1.0
78c2b6a67000-78c2b6a68000 rw-p 0000d000 103:02 268301                    /usr/lib/x86_64-linux-gnu/libmd.so.0.1.0
78c2b6a68000-78c2b6a6c000 r--p 00000000 103:02 268307                    /usr/lib/x86_64-linux-gnu/libbsd.so.0.12.1
78c2b6a6c000-78c2b6a78000 r-xp 00004000 103:02 268307                    /usr/lib/x86_64-linux-gnu/libbsd.so.0.12.1
78c2b6a78000-78c2b6a7b000 r--p 00010000 103:02 268307                    /usr/lib/x86_64-linux-gnu/libbsd.so.0.12.1
78c2b6a7b000-78c2b6a7c000 r--p 00012000 103:02 268307                    /usr/lib/x86_64-linux-gnu/libbsd.so.0.12.1
78c2b6a7c000-78c2b6a7d000 rw-p 00013000 103:02 268307                    /usr/lib/x86_64-linux-gnu/libbsd.so.0.12.1
78c2b6a7d000-78c2b6a7e000 rw-p 00000000 00:00 0 
78c2b6a7e000-78c2b6a7f000 r--p 00000000 103:02 262232                    /usr/lib/x86_64-linux-gnu/libbrotlicommon.so.1.1.0
78c2b6a7f000-78c2b6a80000 r-xp 00001000 103:02 262232                    /usr/lib/x86_64-linux-gnu/libbrotlicommon.so.1.1.0
78c2b6a80000-78c2b6a9f000 r--p 00002000 103:02 262232                    /usr/lib/x86_64-linux-gnu/libbrotlicommon.so.1.1.0
78c2b6a9f000-78c2b6aa0000 r--p 00021000 103:02 262232                    /usr/lib/x86_64-linux-gnu/libbrotlicommon.so.1.1.0
78c2b6aa0000-78c2b6aa1000 rw-p 00022000 103:02 262232                    /usr/lib/x86_64-linux-gnu/libbrotlicommon.so.1.1.0
78c2b6aa1000-78c2b6aa8000 r--p 00000000 103:02 264195                    /usr/lib/x86_64-linux-gnu/libblkid.so.1.1.0
78c2b6aa8000-78c2b6acc000 r-xp 00007000 103:02 264195                    /usr/lib/x86_64-linux-gnu/libblkid.so.1.1.0
78c2b6acc000-78c2b6ad5000 r--p 0002b000 103:02 264195                    /usr/lib/x86_64-linux-gnu/libblkid.so.1.1.0
78c2b6ad5000-78c2b6adb000 r--p 00033000 103:02 264195                    /usr/lib/x86_64-linux-gnu/libblkid.so.1.1.0
78c2b6adb000-78c2b6adc000 rw-p 00039000 103:02 264195                    /usr/lib/x86_64-linux-gnu/libblkid.so.1.1.0
78c2b6adc000-78c2b6adf000 r--p 00000000 103:02 269553                    /usr/lib/x86_64-linux-gnu/libgraphite2.so.3.2.1
78c2b6adf000-78c2b6afc000 r-xp 00003000 103:02 269553                    /usr/lib/x86_64-linux-gnu/libgraphite2.so.3.2.1
78c2b6afc000-78c2b6aff000 r--p 00020000 103:02 269553                    /usr/lib/x86_64-linux-gnu/libgraphite2.so.3.2.1
78c2b6aff000-78c2b6b01000 r--p 00022000 103:02 269553                    /usr/lib/x86_64-linux-gnu/libgraphite2.so.3.2.1
78c2b6b01000-78c2b6b02000 rw-p 00024000 103:02 269553                    /usr/lib/x86_64-linux-gnu/libgraphite2.so.3.2.1
78c2b6b02000-78c2b6b04000 r--p 00000000 103:02 270400                    /usr/lib/x86_64-linux-gnu/libdatrie.so.1.4.0
78c2b6b04000-78c2b6b08000 r-xp 00002000 103:02 270400                    /usr/lib/x86_64-linux-gnu/libdatrie.so.1.4.0
78c2b6b08000-78c2b6b09000 r--p 00006000 103:02 270400                    /usr/lib/x86_64-linux-gnu/libdatrie.so.1.4.0
78c2b6b09000-78c2b6b0a000 r--p 00006000 103:02 270400                    /usr/lib/x86_64-linux-gnu/libdatrie.so.1.4.0
78c2b6b0a000-78c2b6b0b000 rw-p 00007000 103:02 270400                    /usr/lib/x86_64-linux-gnu/libdatrie.so.1.4.0
78c2b6b0b000-78c2b6b0d000 r--p 00000000 103:02 268312                    /usr/lib/x86_64-linux-gnu/libXdmcp.so.6.0.0
78c2b6b0d000-78c2b6b0f000 r-xp 00002000 103:02 268312                    /usr/lib/x86_64-linux-gnu/libXdmcp.so.6.0.0
78c2b6b0f000-78c2b6b11000 r--p 00004000 103:02 268312                    /usr/lib/x86_64-linux-gnu/libXdmcp.so.6.0.0
78c2b6b11000-78c2b6b12000 r--p 00005000 103:02 268312                    /usr/lib/x86_64-linux-gnu/libXdmcp.so.6.0.0
78c2b6b12000-78c2b6b13000 rw-p 00006000 103:02 268312                    /usr/lib/x86_64-linux-gnu/libXdmcp.so.6.0.0
78c2b6b13000-78c2b6b14000 r--p 00000000 103:02 268269                    /usr/lib/x86_64-linux-gnu/libXau.so.6.0.0
78c2b6b14000-78c2b6b16000 r-xp 00001000 103:02 268269                    /usr/lib/x86_64-linux-gnu/libXau.so.6.0.0
78c2b6b16000-78c2b6b17000 r--p 00003000 103:02 268269                    /usr/lib/x86_64-linux-gnu/libXau.so.6.0.0
78c2b6b17000-78c2b6b18000 r--p 00003000 103:02 268269                    /usr/lib/x86_64-linux-gnu/libXau.so.6.0.0
78c2b6b18000-78c2b6b19000 rw-p 00004000 103:02 268269                    /usr/lib/x86_64-linux-gnu/libXau.so.6.0.0
78c2b6b19000-78c2b6b1a000 r--p 00000000 103:02 263023                    /usr/lib/x86_64-linux-gnu/libbrotlidec.so.1.1.0
78c2b6b1a000-78c2b6b22000 r-xp 00001000 103:02 263023                    /usr/lib/x86_64-linux-gnu/libbrotlidec.so.1.1.0
78c2b6b22000-78c2b6b25000 r--p 00009000 103:02 263023                    /usr/lib/x86_64-linux-gnu/libbrotlidec.so.1.1.0
78c2b6b25000-78c2b6b26000 r--p 0000b000 103:02 263023                    /usr/lib/x86_64-linux-gnu/libbrotlidec.so.1.1.0
78c2b6b26000-78c2b6b27000 rw-p 0000c000 103:02 263023                    /usr/lib/x86_64-linux-gnu/libbrotlidec.so.1.1.0
78c2b6b27000-78c2b6b29000 r--p 00000000 103:02 264199                    /usr/lib/x86_64-linux-gnu/libbz2.so.1.0.4
78c2b6b29000-78c2b6b37000 r-xp 00002000 103:02 264199                    /usr/lib/x86_64-linux-gnu/libbz2.so.1.0.4
78c2b6b37000-78c2b6b39000 r--p 00010000 103:02 264199                    /usr/lib/x86_64-linux-gnu/libbz2.so.1.0.4
78c2b6b39000-78c2b6b3a000 r--p 00011000 103:02 264199                    /usr/lib/x86_64-linux-gnu/libbz2.so.1.0.4
78c2b6b3a000-78c2b6b3b000 rw-p 00012000 103:02 264199                    /usr/lib/x86_64-linux-gnu/libbz2.so.1.0.4
78c2b6b3b000-78c2b6b43000 r--p 00000000 103:02 270446                    /usr/lib/x86_64-linux-gnu/libpangoft2-1.0.so.0.5200.1
78c2b6b43000-78c2b6b50000 r-xp 00008000 103:02 270446                    /usr/lib/x86_64-linux-gnu/libpangoft2-1.0.so.0.5200.1
78c2b6b50000-78c2b6b54000 r--p 00015000 103:02 270446                    /usr/lib/x86_64-linux-gnu/libpangoft2-1.0.so.0.5200.1
78c2b6b54000-78c2b6b55000 r--p 00019000 103:02 270446                    /usr/lib/x86_64-linux-gnu/libpangoft2-1.0.so.0.5200.1
78c2b6b55000-78c2b6b56000 rw-p 0001a000 103:02 270446                    /usr/lib/x86_64-linux-gnu/libpangoft2-1.0.so.0.5200.1
78c2b6b56000-78c2b6b5c000 r--p 00000000 103:02 266387                    /usr/lib/x86_64-linux-gnu/libselinux.so.1
78c2b6b5c000-78c2b6b79000 r-xp 00006000 103:02 266387                    /usr/lib/x86_64-linux-gnu/libselinux.so.1
78c2b6b79000-78c2b6b7f000 r--p 00023000 103:02 266387                    /usr/lib/x86_64-linux-gnu/libselinux.so.1
78c2b6b7f000-78c2b6b80000 r--p 00029000 103:02 266387                    /usr/lib/x86_64-linux-gnu/libselinux.so.1
78c2b6b80000-78c2b6b81000 rw-p 0002a000 103:02 266387                    /usr/lib/x86_64-linux-gnu/libselinux.so.1
78c2b6b81000-78c2b6b83000 rw-p 00000000 00:00 0 
78c2b6b83000-78c2b6b8c000 r--p 00000000 103:02 266524                    /usr/lib/x86_64-linux-gnu/libmount.so.1.1.0
78c2b6b8c000-78c2b6bc0000 r-xp 00009000 103:02 266524                    /usr/lib/x86_64-linux-gnu/libmount.so.1.1.0
78c2b6bc0000-78c2b6bcd000 r--p 0003d000 103:02 266524                    /usr/lib/x86_64-linux-gnu/libmount.so.1.1.0
78c2b6bcd000-78c2b6bcf000 r--p 00049000 103:02 266524                    /usr/lib/x86_64-linux-gnu/libmount.so.1.1.0
78c2b6bcf000-78c2b6bd0000 rw-p 0004b000 103:02 266524                    /usr/lib/x86_64-linux-gnu/libmount.so.1.1.0
78c2b6bd0000-78c2b6bd4000 r--p 00000000 103:02 264377                    /usr/lib/x86_64-linux-gnu/libexpat.so.1.9.1
78c2b6bd4000-78c2b6bf1000 r-xp 00004000 103:02 264377                    /usr/lib/x86_64-linux-gnu/libexpat.so.1.9.1
78c2b6bf1000-78c2b6bf9000 r--p 00021000 103:02 264377                    /usr/lib/x86_64-linux-gnu/libexpat.so.1.9.1
78c2b6bf9000-78c2b6bfb000 r--p 00028000 103:02 264377                    /usr/lib/x86_64-linux-gnu/libexpat.so.1.9.1
78c2b6bfb000-78c2b6bfc000 rw-p 0002a000 103:02 264377                    /usr/lib/x86_64-linux-gnu/libexpat.so.1.9.1
78c2b6bfc000-78c2b6c07000 r--p 00000000 103:02 263017                    /usr/lib/x86_64-linux-gnu/libharfbuzz.so.0.60830.0
78c2b6c07000-78c2b6cd5000 r-xp 0000b000 103:02 263017                    /usr/lib/x86_64-linux-gnu/libharfbuzz.so.0.60830.0
78c2b6cd5000-78c2b6d07000 r--p 000d9000 103:02 263017                    /usr/lib/x86_64-linux-gnu/libharfbuzz.so.0.60830.0
78c2b6d07000-78c2b6d08000 r--p 0010b000 103:02 263017                    /usr/lib/x86_64-linux-gnu/libharfbuzz.so.0.60830.0
78c2b6d08000-78c2b6d09000 rw-p 0010c000 103:02 263017                    /usr/lib/x86_64-linux-gnu/libharfbuzz.so.0.60830.0
78c2b6d09000-78c2b6d0b000 r--p 00000000 103:02 282579                    /usr/lib/x86_64-linux-gnu/libthai.so.0.3.1
78c2b6d0b000-78c2b6d0f000 r-xp 00002000 103:02 282579                    /usr/lib/x86_64-linux-gnu/libthai.so.0.3.1
78c2b6d0f000-78c2b6d12000 r--p 00006000 103:02 282579                    /usr/lib/x86_64-linux-gnu/libthai.so.0.3.1
78c2b6d12000-78c2b6d13000 r--p 00008000 103:02 282579                    /usr/lib/x86_64-linux-gnu/libthai.so.0.3.1
78c2b6d13000-78c2b6d14000 rw-p 00009000 103:02 282579                    /usr/lib/x86_64-linux-gnu/libthai.so.0.3.1
78c2b6d14000-78c2b6d1e000 r--p 00000000 103:02 268143                    /usr/lib/x86_64-linux-gnu/libpixman-1.so.0.42.2
78c2b6d1e000-78c2b6dab000 r-xp 0000a000 103:02 268143                    /usr/lib/x86_64-linux-gnu/libpixman-1.so.0.42.2
78c2b6dab000-78c2b6dba000 r--p 00097000 103:02 268143                    /usr/lib/x86_64-linux-gnu/libpixman-1.so.0.42.2
78c2b6dba000-78c2b6dc2000 r--p 000a5000 103:02 268143                    /usr/lib/x86_64-linux-gnu/libpixman-1.so.0.42.2
78c2b6dc2000-78c2b6dc3000 rw-p 000ad000 103:02 268143                    /usr/lib/x86_64-linux-gnu/libpixman-1.so.0.42.2
78c2b6dc3000-78c2b6dc4000 r--p 00000000 103:02 268483                    /usr/lib/x86_64-linux-gnu/libxcb-shm.so.0.0.0
78c2b6dc4000-78c2b6dc5000 r-xp 00001000 103:02 268483                    /usr/lib/x86_64-linux-gnu/libxcb-shm.so.0.0.0
78c2b6dc5000-78c2b6dc6000 r--p 00002000 103:02 268483                    /usr/lib/x86_64-linux-gnu/libxcb-shm.so.0.0.0
78c2b6dc6000-78c2b6dc7000 r--p 00002000 103:02 268483                    /usr/lib/x86_64-linux-gnu/libxcb-shm.so.0.0.0
78c2b6dc7000-78c2b6dc8000 rw-p 00003000 103:02 268483                    /usr/lib/x86_64-linux-gnu/libxcb-shm.so.0.0.0
78c2b6dc8000-78c2b6dcd000 r--p 00000000 103:02 268389                    /usr/lib/x86_64-linux-gnu/libxcb-render.so.0.0.0
78c2b6dcd000-78c2b6dd2000 r-xp 00005000 103:02 268389                    /usr/lib/x86_64-linux-gnu/libxcb-render.so.0.0.0
78c2b6dd2000-78c2b6dd5000 r--p 0000a000 103:02 268389                    /usr/lib/x86_64-linux-gnu/libxcb-render.so.0.0.0
78c2b6dd5000-78c2b6dd6000 r--p 0000c000 103:02 268389                    /usr/lib/x86_64-linux-gnu/libxcb-render.so.0.0.0
78c2b6dd6000-78c2b6dd7000 rw-p 0000d000 103:02 268389                    /usr/lib/x86_64-linux-gnu/libxcb-render.so.0.0.0
78c2b6dd7000-78c2b6de2000 r--p 00000000 103:02 268319                    /usr/lib/x86_64-linux-gnu/libxcb.so.1.1.0
78c2b6de2000-78c2b6df5000 r-xp 0000b000 103:02 268319                    /usr/lib/x86_64-linux-gnu/libxcb.so.1.1.0
78c2b6df5000-78c2b6dfe000 r--p 0001e000 103:02 268319                    /usr/lib/x86_64-linux-gnu/libxcb.so.1.1.0
78c2b6dfe000-78c2b6dff000 r--p 00026000 103:02 268319                    /usr/lib/x86_64-linux-gnu/libxcb.so.1.1.0
78c2b6dff000-78c2b6e00000 rw-p 00027000 103:02 268319                    /usr/lib/x86_64-linux-gnu/libxcb.so.1.1.0
78c2b6e00000-78c2b6e02000 r--p 00000000 103:02 268336                    /usr/lib/x86_64-linux-gnu/libXrender.so.1.3.0
78c2b6e02000-78c2b6e09000 r-xp 00002000 103:02 268336                    /usr/lib/x86_64-linux-gnu/libXrender.so.1.3.0
78c2b6e09000-78c2b6e0a000 r--p 00009000 103:02 268336                    /usr/lib/x86_64-linux-gnu/libXrender.so.1.3.0
78c2b6e0a000-78c2b6e0b000 r--p 00009000 103:02 268336                    /usr/lib/x86_64-linux-gnu/libXrender.so.1.3.0
78c2b6e0b000-78c2b6e0c000 rw-p 0000a000 103:02 268336                    /usr/lib/x86_64-linux-gnu/libXrender.so.1.3.0
78c2b6e0c000-78c2b6e19000 r--p 00000000 103:02 262278                    /usr/lib/x86_64-linux-gnu/libfreetype.so.6.20.1
78c2b6e19000-78c2b6eaa000 r-xp 0000d000 103:02 262278                    /usr/lib/x86_64-linux-gnu/libfreetype.so.6.20.1
78c2b6eaa000-78c2b6ed0000 r--p 0009e000 103:02 262278                    /usr/lib/x86_64-linux-gnu/libfreetype.so.6.20.1
78c2b6ed0000-78c2b6ed7000 r--p 000c4000 103:02 262278                    /usr/lib/x86_64-linux-gnu/libfreetype.so.6.20.1
78c2b6ed7000-78c2b6ed8000 rw-p 000cb000 103:02 262278                    /usr/lib/x86_64-linux-gnu/libfreetype.so.6.20.1
78c2b6ed8000-78c2b6eda000 r--p 00000000 103:02 266759                    /usr/lib/x86_64-linux-gnu/libz.so.1.3
78c2b6eda000-78c2b6eec000 r-xp 00002000 103:02 266759                    /usr/lib/x86_64-linux-gnu/libz.so.1.3
78c2b6eec000-78c2b6ef2000 r--p 00014000 103:02 266759                    /usr/lib/x86_64-linux-gnu/libz.so.1.3
78c2b6ef2000-78c2b6ef3000 r--p 0001a000 103:02 266759                    /usr/lib/x86_64-linux-gnu/libz.so.1.3
78c2b6ef3000-78c2b6ef4000 rw-p 0001b000 103:02 266759                    /usr/lib/x86_64-linux-gnu/libz.so.1.3
78c2b6ef4000-78c2b6ef6000 r--p 00000000 103:02 264208                    /usr/lib/x86_64-linux-gnu/libpcre2-8.so.0.11.2
78c2b6ef6000-78c2b6f64000 r-xp 00002000 103:02 264208                    /usr/lib/x86_64-linux-gnu/libpcre2-8.so.0.11.2
78c2b6f64000-78c2b6f8c000 r--p 00070000 103:02 264208                    /usr/lib/x86_64-linux-gnu/libpcre2-8.so.0.11.2
78c2b6f8c000-78c2b6f8d000 r--p 00097000 103:02 264208                    /usr/lib/x86_64-linux-gnu/libpcre2-8.so.0.11.2
78c2b6f8d000-78c2b6f8e000 rw-p 00098000 103:02 264208                    /usr/lib/x86_64-linux-gnu/libpcre2-8.so.0.11.2
78c2b6f8e000-78c2b6f90000 r--p 00000000 103:02 263224                    /usr/lib/x86_64-linux-gnu/libffi.so.8.1.4
78c2b6f90000-78c2b6f97000 r-xp 00002000 103:02 263224                    /usr/lib/x86_64-linux-gnu/libffi.so.8.1.4
78c2b6f97000-78c2b6f98000 r--p 00009000 103:02 263224                    /usr/lib/x86_64-linux-gnu/libffi.so.8.1.4
78c2b6f98000-78c2b6f99000 r--p 0000a000 103:02 263224                    /usr/lib/x86_64-linux-gnu/libffi.so.8.1.4
78c2b6f99000-78c2b6f9a000 rw-p 0000b000 103:02 263224                    /usr/lib/x86_64-linux-gnu/libffi.so.8.1.4
78c2b6f9a000-78c2b6f9e000 r--p 00000000 103:02 268627                    /usr/lib/x86_64-linux-gnu/libjpeg.so.8.2.2
78c2b6f9e000-78c2b6feb000 r-xp 00004000 103:02 268627                    /usr/lib/x86_64-linux-gnu/libjpeg.so.8.2.2
78c2b6feb000-78c2b701b000 r--p 00051000 103:02 268627                    /usr/lib/x86_64-linux-gnu/libjpeg.so.8.2.2
78c2b701b000-78c2b701c000 r--p 00081000 103:02 268627                    /usr/lib/x86_64-linux-gnu/libjpeg.so.8.2.2
78c2b701c000-78c2b701d000 rw-p 00082000 103:02 268627                    /usr/lib/x86_64-linux-gnu/libjpeg.so.8.2.2
78c2b701d000-78c2b7022000 r--p 00000000 103:02 262282                    /usr/lib/x86_64-linux-gnu/libpng16.so.16.43.0
78c2b7022000-78c2b704a000 r-xp 00005000 103:02 262282                    /usr/lib/x86_64-linux-gnu/libpng16.so.16.43.0
78c2b704a000-78c2b7053000 r--p 0002d000 103:02 262282                    /usr/lib/x86_64-linux-gnu/libpng16.so.16.43.0
78c2b7053000-78c2b7054000 r--p 00035000 103:02 262282                    /usr/lib/x86_64-linux-gnu/libpng16.so.16.43.0
78c2b7054000-78c2b7055000 rw-p 00036000 103:02 262282                    /usr/lib/x86_64-linux-gnu/libpng16.so.16.43.0
78c2b7055000-78c2b7057000 r--p 00000000 103:02 266515                    /usr/lib/x86_64-linux-gnu/libgmodule-2.0.so.0.8000.0
78c2b7057000-78c2b7059000 r-xp 00002000 103:02 266515                    /usr/lib/x86_64-linux-gnu/libgmodule-2.0.so.0.8000.0
78c2b7059000-78c2b705a000 r--p 00004000 103:02 266515                    /usr/lib/x86_64-linux-gnu/libgmodule-2.0.so.0.8000.0
78c2b705a000-78c2b705b000 r--p 00004000 103:02 266515                    /usr/lib/x86_64-linux-gnu/libgmodule-2.0.so.0.8000.0
78c2b705b000-78c2b705c000 rw-p 00005000 103:02 266515                    /usr/lib/x86_64-linux-gnu/libgmodule-2.0.so.0.8000.0
78c2b705c000-78c2b705d000 r--p 00000000 103:02 268068                    /usr/lib/x86_64-linux-gnu/libXinerama.so.1.0.0
78c2b705d000-78c2b705e000 r-xp 00001000 103:02 268068                    /usr/lib/x86_64-linux-gnu/libXinerama.so.1.0.0
78c2b705e000-78c2b705f000 r--p 00002000 103:02 268068                    /usr/lib/x86_64-linux-gnu/libXinerama.so.1.0.0
78c2b705f000-78c2b7060000 r--p 00002000 103:02 268068                    /usr/lib/x86_64-linux-gnu/libXinerama.so.1.0.0
78c2b7060000-78c2b7061000 rw-p 00003000 103:02 268068                    /usr/lib/x86_64-linux-gnu/libXinerama.so.1.0.0
78c2b7061000-78c2b7063000 r--p 00000000 103:02 268339                    /usr/lib/x86_64-linux-gnu/libXrandr.so.2.2.0
78c2b7063000-78c2b706a000 r-xp 00002000 103:02 268339                    /usr/lib/x86_64-linux-gnu/libXrandr.so.2.2.0
78c2b706a000-78c2b706c000 r--p 00009000 103:02 268339                    /usr/lib/x86_64-linux-gnu/libXrandr.so.2.2.0
78c2b706c000-78c2b706d000 r--p 0000a000 103:02 268339                    /usr/lib/x86_64-linux-gnu/libXrandr.so.2.2.0
78c2b706d000-78c2b706e000 rw-p 0000b000 103:02 268339                    /usr/lib/x86_64-linux-gnu/libXrandr.so.2.2.0
78c2b706e000-78c2b706f000 r--p 00000000 103:02 270489                    /usr/lib/x86_64-linux-gnu/libXcomposite.so.1.0.0
78c2b706f000-78c2b7070000 r-xp 00001000 103:02 270489                    /usr/lib/x86_64-linux-gnu/libXcomposite.so.1.0.0
78c2b7070000-78c2b7071000 r--p 00002000 103:02 270489                    /usr/lib/x86_64-linux-gnu/libXcomposite.so.1.0.0
78c2b7071000-78c2b7072000 r--p 00002000 103:02 270489                    /usr/lib/x86_64-linux-gnu/libXcomposite.so.1.0.0
78c2b7072000-78c2b7073000 rw-p 00003000 103:02 270489                    /usr/lib/x86_64-linux-gnu/libXcomposite.so.1.0.0
78c2b7073000-78c2b7075000 r--p 00000000 103:02 267513                    /usr/lib/x86_64-linux-gnu/libXfixes.so.3.1.0
78c2b7075000-78c2b7078000 r-xp 00002000 103:02 267513                    /usr/lib/x86_64-linux-gnu/libXfixes.so.3.1.0
78c2b7078000-78c2b7079000 r--p 00005000 103:02 267513                    /usr/lib/x86_64-linux-gnu/libXfixes.so.3.1.0
78c2b7079000-78c2b707a000 r--p 00005000 103:02 267513                    /usr/lib/x86_64-linux-gnu/libXfixes.so.3.1.0
78c2b707a000-78c2b707b000 rw-p 00006000 103:02 267513                    /usr/lib/x86_64-linux-gnu/libXfixes.so.3.1.0
78c2b707b000-78c2b707d000 r--p 00000000 103:02 270491                    /usr/lib/x86_64-linux-gnu/libXcursor.so.1.0.2
78c2b707d000-78c2b7083000 r-xp 00002000 103:02 270491                    /usr/lib/x86_64-linux-gnu/libXcursor.so.1.0.2
78c2b7083000-78c2b7085000 r--p 00008000 103:02 270491                    /usr/lib/x86_64-linux-gnu/libXcursor.so.1.0.2
78c2b7085000-78c2b7086000 r--p 00009000 103:02 270491                    /usr/lib/x86_64-linux-gnu/libXcursor.so.1.0.2
78c2b7086000-78c2b7087000 rw-p 0000a000 103:02 270491                    /usr/lib/x86_64-linux-gnu/libXcursor.so.1.0.2
78c2b7087000-78c2b708b000 r--p 00000000 103:02 268325                    /usr/lib/x86_64-linux-gnu/libXext.so.6.4.0
78c2b708b000-78c2b7096000 r-xp 00004000 103:02 268325                    /usr/lib/x86_64-linux-gnu/libXext.so.6.4.0
78c2b7096000-78c2b7099000 r--p 0000f000 103:02 268325                    /usr/lib/x86_64-linux-gnu/libXext.so.6.4.0
78c2b7099000-78c2b709a000 r--p 00011000 103:02 268325                    /usr/lib/x86_64-linux-gnu/libXext.so.6.4.0
78c2b709a000-78c2b709b000 rw-p 00012000 103:02 268325                    /usr/lib/x86_64-linux-gnu/libXext.so.6.4.0
78c2b709b000-78c2b709e000 r--p 00000000 103:02 267515                    /usr/lib/x86_64-linux-gnu/libXi.so.6.1.0
78c2b709e000-78c2b70aa000 r-xp 00003000 103:02 267515                    /usr/lib/x86_64-linux-gnu/libXi.so.6.1.0
78c2b70aa000-78c2b70ac000 r--p 0000f000 103:02 267515                    /usr/lib/x86_64-linux-gnu/libXi.so.6.1.0
78c2b70ac000-78c2b70ad000 r--p 00011000 103:02 267515                    /usr/lib/x86_64-linux-gnu/libXi.so.6.1.0
78c2b70ad000-78c2b70ae000 rw-p 00012000 103:02 267515                    /usr/lib/x86_64-linux-gnu/libXi.so.6.1.0
78c2b70ae000-78c2b70c7000 r--p 00000000 103:02 267999                    /usr/lib/x86_64-linux-gnu/libX11.so.6.4.0
78c2b70c7000-78c2b7157000 r-xp 00019000 103:02 267999                    /usr/lib/x86_64-linux-gnu/libX11.so.6.4.0
78c2b7157000-78c2b71e6000 r--p 000a9000 103:02 267999                    /usr/lib/x86_64-linux-gnu/libX11.so.6.4.0
78c2b71e6000-78c2b71e7000 r--p 00138000 103:02 267999                    /usr/lib/x86_64-linux-gnu/libX11.so.6.4.0
78c2b71e7000-78c2b71eb000 rw-p 00139000 103:02 267999                    /usr/lib/x86_64-linux-gnu/libX11.so.6.4.0
78c2b71eb000-78c2b71f0000 r--p 00000000 103:02 266087                    /usr/lib/x86_64-linux-gnu/libxkbcommon.so.0.0.0
78c2b71f0000-78c2b7210000 r-xp 00005000 103:02 266087                    /usr/lib/x86_64-linux-gnu/libxkbcommon.so.0.0.0
78c2b7210000-78c2b7231000 r--p 00025000 103:02 266087                    /usr/lib/x86_64-linux-gnu/libxkbcommon.so.0.0.0
78c2b7231000-78c2b7233000 r--p 00045000 103:02 266087                    /usr/lib/x86_64-linux-gnu/libxkbcommon.so.0.0.0
78c2b7233000-78c2b7234000 rw-p 00047000 103:02 266087                    /usr/lib/x86_64-linux-gnu/libxkbcommon.so.0.0.0
78c2b7234000-78c2b726d000 r--p 00000000 103:02 262252                    /usr/lib/x86_64-linux-gnu/libgio-2.0.so.0.8000.0
78c2b726d000-78c2b7384000 r-xp 00039000 103:02 262252                    /usr/lib/x86_64-linux-gnu/libgio-2.0.so.0.8000.0
78c2b7384000-78c2b73f9000 r--p 00150000 103:02 262252                    /usr/lib/x86_64-linux-gnu/libgio-2.0.so.0.8000.0
78c2b73f9000-78c2b7401000 r--p 001c4000 103:02 262252                    /usr/lib/x86_64-linux-gnu/libgio-2.0.so.0.8000.0
78c2b7401000-78c2b7402000 rw-p 001cc000 103:02 262252                    /usr/lib/x86_64-linux-gnu/libgio-2.0.so.0.8000.0
78c2b7402000-78c2b7404000 rw-p 00000000 00:00 0 
78c2b7404000-78c2b740c000 r--p 00000000 103:02 262467                    /usr/lib/x86_64-linux-gnu/libfontconfig.so.1.12.1
78c2b740c000-78c2b743b000 r-xp 00008000 103:02 262467                    /usr/lib/x86_64-linux-gnu/libfontconfig.so.1.12.1
78c2b743b000-78c2b7452000 r--p 00037000 103:02 262467                    /usr/lib/x86_64-linux-gnu/libfontconfig.so.1.12.1
78c2b7452000-78c2b7454000 r--p 0004d000 103:02 262467                    /usr/lib/x86_64-linux-gnu/libfontconfig.so.1.12.1
78c2b7454000-78c2b7455000 rw-p 0004f000 103:02 262467                    /usr/lib/x86_64-linux-gnu/libfontconfig.so.1.12.1
78c2b7455000-78c2b74b5000 r--p 00000000 103:02 268568                    /usr/lib/x86_64-linux-gnu/libepoxy.so.0.0.0
78c2b74b5000-78c2b751b000 r-xp 00060000 103:02 268568                    /usr/lib/x86_64-linux-gnu/libepoxy.so.0.0.0
78c2b751b000-78c2b7569000 r--p 000c6000 103:02 268568                    /usr/lib/x86_64-linux-gnu/libepoxy.so.0.0.0
78c2b7569000-78c2b7571000 r--p 00113000 103:02 268568                    /usr/lib/x86_64-linux-gnu/libepoxy.so.0.0.0
78c2b7571000-78c2b7578000 rw-p 0011b000 103:02 268568                    /usr/lib/x86_64-linux-gnu/libepoxy.so.0.0.0
78c2b7578000-78c2b758c000 r--p 00000000 103:02 268549                    /usr/lib/x86_64-linux-gnu/libcairo.so.2.11800.0
78c2b758c000-78c2b767d000 r-xp 00014000 103:02 268549                    /usr/lib/x86_64-linux-gnu/libcairo.so.2.11800.0
78c2b767d000-78c2b76b5000 r--p 00105000 103:02 268549                    /usr/lib/x86_64-linux-gnu/libcairo.so.2.11800.0
78c2b76b5000-78c2b76b9000 r--p 0013d000 103:02 268549                    /usr/lib/x86_64-linux-gnu/libcairo.so.2.11800.0
78c2b76b9000-78c2b76bb000 rw-p 00141000 103:02 268549                    /usr/lib/x86_64-linux-gnu/libcairo.so.2.11800.0
78c2b76bb000-78c2b76bc000 rw-p 00000000 00:00 0 
78c2b76bc000-78c2b76da000 r--p 00000000 103:02 263355                    /usr/lib/x86_64-linux-gnu/libglib-2.0.so.0.8000.0
78c2b76da000-78c2b777a000 r-xp 0001e000 103:02 263355                    /usr/lib/x86_64-linux-gnu/libglib-2.0.so.0.8000.0
78c2b777a000-78c2b7802000 r--p 000be000 103:02 263355                    /usr/lib/x86_64-linux-gnu/libglib-2.0.so.0.8000.0
78c2b7802000-78c2b7803000 r--p 00146000 103:02 263355                    /usr/lib/x86_64-linux-gnu/libglib-2.0.so.0.8000.0
78c2b7803000-78c2b7804000 rw-p 00147000 103:02 263355                    /usr/lib/x86_64-linux-gnu/libglib-2.0.so.0.8000.0
78c2b7804000-78c2b7805000 rw-p 00000000 00:00 0 
78c2b7805000-78c2b782f000 r--p 00000000 103:02 266551                    /usr/lib/x86_64-linux-gnu/libgdk-3.so.0.2409.32
78c2b782f000-78c2b78b3000 r-xp 0002a000 103:02 266551                    /usr/lib/x86_64-linux-gnu/libgdk-3.so.0.2409.32
78c2b78b3000-78c2b78f5000 r--p 000ae000 103:02 266551                    /usr/lib/x86_64-linux-gnu/libgdk-3.so.0.2409.32
78c2b78f5000-78c2b78fe000 r--p 000ef000 103:02 266551                    /usr/lib/x86_64-linux-gnu/libgdk-3.so.0.2409.32
78c2b78fe000-78c2b7900000 rw-p 000f8000 103:02 266551                    /usr/lib/x86_64-linux-gnu/libgdk-3.so.0.2409.32
78c2b7900000-78c2b7904000 ---p 00000000 00:00 0 
78c2b7904000-78c2b7a00000 rw-p 00000000 00:00 0 
78c2b7a00000-78c2b7a04000 ---p 00000000 00:00 0 
78c2b7a04000-78c2b7b00000 rw-p 00000000 00:00 0 
78c2b7b00000-78c2b7b04000 ---p 00000000 00:00 0 
78c2b7b04000-78c2b7c00000 rw-p 00000000 00:00 0 
78c2b7c00000-78c2b7c04000 ---p 00000000 00:00 0 
78c2b7c04000-78c2b7d00000 rw-p 00000000 00:00 0 
78c2b7d00000-78c2b7d04000 ---p 00000000 00:00 0 
78c2b7d04000-78c2b7e00000 rw-p 00000000 00:00 0 
78c2b7e00000-78c2b7e04000 ---p 00000000 00:00 0 
78c2b7e04000-78c2b7f00000 rw-p 00000000 00:00 0 
78c2b7f00000-78c2b7f04000 ---p 00000000 00:00 0 
78c2b7f04000-78c2b8000000 rw-p 00000000 00:00 0 
78c2b8000000-78c2b8021000 rw-p 00000000 00:00 0 
78c2b8021000-78c2bc000000 ---p 00000000 00:00 0 
78c2bc000000-78c2bc021000 rw-p 00000000 00:00 0 
78c2bc021000-78c2c0000000 ---p 00000000 00:00 0 
78c2c0000000-78c2c0021000 rw-p 00000000 00:00 0 
78c2c0021000-78c2c4000000 ---p 00000000 00:00 0 
78c2c4000000-78c2c4021000 rw-p 00000000 00:00 0 
78c2c4021000-78c2c8000000 ---p 00000000 00:00 0 
78c2c8000000-78c2c84f0000 rw-p 00000000 00:00 0 
78c2c84f0000-78c2c8510000 rw-p 00000000 00:00 0 
78c2c8510000-78c2c8530000 rw-p 00000000 00:00 0 
78c2c8530000-78c2c8570000 rw-p 00000000 00:00 0 
78c2c8570000-78c2c86f0000 rw-p 00000000 00:00 0 
78c2c86f0000-78c2c8710000 rw-p 00000000 00:00 0 
78c2c8710000-78c2c8730000 rw-p 00000000 00:00 0 
78c2c8730000-78c2c8770000 rw-p 00000000 00:00 0 
78c2c8770000-78c2c88f0000 rw-p 00000000 00:00 0 
78c2c88f0000-78c2c89f0000 rw-p 00000000 00:00 0 
78c2c89f0000-78c2c8af0000 rw-p 00000000 00:00 0 
78c2c8af0000-78c2c8bf0000 rw-p 00000000 00:00 0 
78c2c8bf0000-78c2c8d70000 rw-p 00000000 00:00 0 
78c2c8d70000-78c2c8df0000 rw-p 00000000 00:00 0 
78c2c8df0000-78c2c8ef0000 rw-p 00000000 00:00 0 
78c2c8ef0000-78c2c8ff0000 rw-p 00000000 00:00 0 
78c2c8ff0000-78c2c90f0000 rw-p 00000000 00:00 0 
78c2c90f0000-78c2c91f0000 rw-p 00000000 00:00 0 
78c2c91f0000-78c2c94f0000 rw-p 00000000 00:00 0 
78c2c94f0000-78c2c9770000 rw-p 00000000 00:00 0 
78c2c9770000-78c2c97f0000 rw-p 00000000 00:00 0 
78c2c97f0000-78c2c9af0000 rw-p 00000000 00:00 0 
78c2c9af0000-78c2c9bf0000 rw-p 00000000 00:00 0 
78c2c9bf0000-78c2c9ff0000 rw-p 00000000 00:00 0 
78c2c9ff0000-78c2ca0f0000 rw-p 00000000 00:00 0 
78c2ca0f0000-78c2ca1f0000 rw-p 00000000 00:00 0 
78c2ca1f0000-78c2cb0f0000 rw-p 00000000 00:00 0 
78c2cb0f0000-78c2cb1f0000 rw-p 00000000 00:00 0 
78c2cb1f0000-78c2cb6f0000 rw-p 00000000 00:00 0 
78c2cb6f0000-78c2cb930000 rw-p 00000000 00:00 0 
78c2cb930000-78c2cb970000 rw-p 00000000 00:00 0 
78c2cb970000-78c2cbaf0000 rw-p 00000000 00:00 0 
78c2cbaf0000-78c2cbbd0000 rw-p 00000000 00:00 0 
78c2cbbd0000-78c2cbbf0000 rw-p 00000000 00:00 0 
78c2cbbf0000-78c2cbcf0000 rw-p 00000000 00:00 0 
78c2cbcf0000-78c2cbef0000 rw-p 00000000 00:00 0 
78c2cbef0000-78c2cbff0000 rw-p 00000000 00:00 0 
78c2cbff0000-78c2cc021000 rw-p 00000000 00:00 0 
78c2cc021000-78c2d0000000 ---p 00000000 00:00 0 
78c2d0000000-78c2d0040000 rw-p 00000000 00:00 0 
78c2d0040000-78c2d4000000 ---p 00000000 00:00 0 
78c2d4000000-78c2d4021000 rw-p 00000000 00:00 0 
78c2d4021000-78c2d8000000 ---p 00000000 00:00 0 
78c2d8000000-78c2d8021000 rw-p 00000000 00:00 0 
78c2d8021000-78c2dc000000 ---p 00000000 00:00 0 
78c2dc000000-78c2dc021000 rw-p 00000000 00:00 0 
78c2dc021000-78c2e0000000 ---p 00000000 00:00 0 
78c2e0000000-78c2e0021000 rw-p 00000000 00:00 0 
78c2e0021000-78c2e4000000 ---p 00000000 00:00 0 
78c2e4000000-78c2e4021000 rw-p 00000000 00:00 0 
78c2e4021000-78c2e8004000 ---p 00000000 00:00 0 
78c2e8004000-78c2e8100000 rw-p 00000000 00:00 0 
78c2e8100000-78c2e8104000 ---p 00000000 00:00 0 
78c2e8104000-78c2e8200000 rw-p 00000000 00:00 0 
78c2e8200000-78c2e8204000 ---p 00000000 00:00 0 
78c2e8204000-78c2e8300000 rw-p 00000000 00:00 0 
78c2e8300000-78c2e8304000 ---p 00000000 00:00 0 
78c2e8304000-78c2e8400000 rw-p 00000000 00:00 0 
78c2e8400000-78c2e8975000 r--p 00000000 103:02 264363                    /usr/lib/locale/locale-archive
78c2e8975000-78c2e8979000 r--s 00000000 103:02 73407758                  /var/cache/fontconfig/6afa1bb216ce958c1589e297e8008489-le64.cache-9
78c2e8979000-78c2e897b000 r--p 00000000 103:02 289406                    /usr/lib/x86_64-linux-gnu/libwayland-cursor.so.0.22.0
78c2e897b000-78c2e897d000 r-xp 00002000 103:02 289406                    /usr/lib/x86_64-linux-gnu/libwayland-cursor.so.0.22.0
78c2e897d000-78c2e897e000 r--p 00004000 103:02 289406                    /usr/lib/x86_64-linux-gnu/libwayland-cursor.so.0.22.0
78c2e897e000-78c2e897f000 r--p 00004000 103:02 289406                    /usr/lib/x86_64-linux-gnu/libwayland-cursor.so.0.22.0
78c2e897f000-78c2e8983000 rw-p 00005000 103:02 289406                    /usr/lib/x86_64-linux-gnu/libwayland-cursor.so.0.22.0
78c2e8983000-78c2e8996000 r--p 00000000 103:02 289374                    /usr/lib/x86_64-linux-gnu/libpango-1.0.so.0.5200.1
78c2e8996000-78c2e89cf000 r-xp 00013000 103:02 289374                    /usr/lib/x86_64-linux-gnu/libpango-1.0.so.0.5200.1
78c2e89cf000-78c2e89e9000 r--p 0004c000 103:02 289374                    /usr/lib/x86_64-linux-gnu/libpango-1.0.so.0.5200.1
78c2e89e9000-78c2e89ed000 r--p 00065000 103:02 289374                    /usr/lib/x86_64-linux-gnu/libpango-1.0.so.0.5200.1
78c2e89ed000-78c2e89ee000 rw-p 00069000 103:02 289374                    /usr/lib/x86_64-linux-gnu/libpango-1.0.so.0.5200.1
78c2e89ee000-78c2e89ef000 ---p 00000000 00:00 0 
78c2e89ef000-78c2e8aef000 rw-p 00000000 00:00 0 
78c2e8aef000-78c2e8af0000 ---p 00000000 00:00 0 
78c2e8af0000-78c2e8bf0000 rw-p 00000000 00:00 0 
78c2e8bf0000-78c2e8bf1000 ---p 00000000 00:00 0 
78c2e8bf1000-78c2e8cf1000 rw-p 00000000 00:00 0 
78c2e8cf1000-78c2e8cf2000 ---p 00000000 00:00 0 
78c2e8cf2000-78c2e8df2000 rw-p 00000000 00:00 0 
78c2e8df2000-78c2ebdd0000 rw-p 00000000 00:00 0 
78c2ebdd0000-78c2ecbf4000 ---p 00000000 00:00 0 
78c2ecbf4000-78c2ecc00000 rw-p 00000000 00:00 0 
78c2ecc00000-78c2ee090000 rwxp 00000000 00:00 0 
78c2ee090000-78c2f405f000 ---p 00000000 00:00 0 
78c2f405f000-78c2f441f000 rwxp 00000000 00:00 0 
78c2f441f000-78c2f47a0000 ---p 00000000 00:00 0 
78c2f47a0000-78c2f4f60000 rwxp 00000000 00:00 0 
78c2f4f60000-78c2fbc00000 ---p 00000000 00:00 0 
78c2fbc00000-78c2ffe2e000 r--s 00000000 103:02 31468494                  /home/user/Tools/dbeaver/jre/lib/modules
78c2ffe2e000-78c2ffe2f000 r--s 00000000 103:02 73407798                  /var/cache/fontconfig/551ecf3b0e8b0bca0f25c0944f561853-le64.cache-9
78c2ffe2f000-78c2ffe34000 r--p 00000000 103:02 289394                    /usr/lib/x86_64-linux-gnu/libwayland-client.so.0.22.0
78c2ffe34000-78c2ffe3a000 r-xp 00005000 103:02 289394                    /usr/lib/x86_64-linux-gnu/libwayland-client.so.0.22.0
78c2ffe3a000-78c2ffe3c000 r--p 0000b000 103:02 289394                    /usr/lib/x86_64-linux-gnu/libwayland-client.so.0.22.0
78c2ffe3c000-78c2ffe3e000 r--p 0000d000 103:02 289394                    /usr/lib/x86_64-linux-gnu/libwayland-client.so.0.22.0
78c2ffe3e000-78c2ffe3f000 rw-p 0000f000 103:02 289394                    /usr/lib/x86_64-linux-gnu/libwayland-client.so.0.22.0
78c2ffe3f000-78c2ffe44000 r--p 00000000 103:02 270300                    /usr/lib/x86_64-linux-gnu/libpangocairo-1.0.so.0.5200.1
78c2ffe44000-78c2ffe4c000 r-xp 00005000 103:02 270300                    /usr/lib/x86_64-linux-gnu/libpangocairo-1.0.so.0.5200.1
78c2ffe4c000-78c2ffe4e000 r--p 0000d000 103:02 270300                    /usr/lib/x86_64-linux-gnu/libpangocairo-1.0.so.0.5200.1
78c2ffe4e000-78c2ffe4f000 r--p 0000f000 103:02 270300                    /usr/lib/x86_64-linux-gnu/libpangocairo-1.0.so.0.5200.1
78c2ffe4f000-78c2ffe50000 rw-p 00010000 103:02 270300                    /usr/lib/x86_64-linux-gnu/libpangocairo-1.0.so.0.5200.1
78c2ffe50000-78c2ffe52000 r--p 00000000 103:02 270102                    /usr/lib/x86_64-linux-gnu/libfribidi.so.0.4.0
78c2ffe52000-78c2ffe56000 r-xp 00002000 103:02 270102                    /usr/lib/x86_64-linux-gnu/libfribidi.so.0.4.0
78c2ffe56000-78c2ffe6c000 r--p 00006000 103:02 270102                    /usr/lib/x86_64-linux-gnu/libfribidi.so.0.4.0
78c2ffe6c000-78c2ffe6d000 r--p 0001c000 103:02 270102                    /usr/lib/x86_64-linux-gnu/libfribidi.so.0.4.0
78c2ffe6d000-78c2ffe6e000 rw-p 0001d000 103:02 270102                    /usr/lib/x86_64-linux-gnu/libfribidi.so.0.4.0
78c2ffe6e000-78c2ffe7d000 r--p 00000000 103:02 266519                    /usr/lib/x86_64-linux-gnu/libgobject-2.0.so.0.8000.0
78c2ffe7d000-78c2ffeb4000 r-xp 0000f000 103:02 266519                    /usr/lib/x86_64-linux-gnu/libgobject-2.0.so.0.8000.0
78c2ffeb4000-78c2ffecd000 r--p 00046000 103:02 266519                    /usr/lib/x86_64-linux-gnu/libgobject-2.0.so.0.8000.0
78c2ffecd000-78c2ffed0000 r--p 0005e000 103:02 266519                    /usr/lib/x86_64-linux-gnu/libgobject-2.0.so.0.8000.0
78c2ffed0000-78c2ffed1000 rw-p 00061000 103:02 266519                    /usr/lib/x86_64-linux-gnu/libgobject-2.0.so.0.8000.0
78c2ffed1000-78c2ffed9000 r--p 00000000 103:02 262695                    /usr/lib/x86_64-linux-gnu/libgdk_pixbuf-2.0.so.0.4200.10
78c2ffed9000-78c2ffef4000 r-xp 00008000 103:02 262695                    /usr/lib/x86_64-linux-gnu/libgdk_pixbuf-2.0.so.0.4200.10
78c2ffef4000-78c2ffefd000 r--p 00023000 103:02 262695                    /usr/lib/x86_64-linux-gnu/libgdk_pixbuf-2.0.so.0.4200.10
78c2ffefd000-78c2ffefe000 r--p 0002c000 103:02 262695                    /usr/lib/x86_64-linux-gnu/libgdk_pixbuf-2.0.so.0.4200.10
78c2ffefe000-78c2ffeff000 rw-p 0002d000 103:02 262695                    /usr/lib/x86_64-linux-gnu/libgdk_pixbuf-2.0.so.0.4200.10
78c2ffeff000-78c303618000 rw-p 00000000 00:00 0 
78c303618000-78c304000000 ---p 00000000 00:00 0 
78c304000000-78c304001000 r--s 00000000 103:02 73407792                  /var/cache/fontconfig/3f7329c5293ffd510edef78f73874cfd-le64.cache-9
78c304001000-78c304002000 r--s 00000000 103:02 73407787                  /var/cache/fontconfig/0c9eb80ebd1c36541ebe2852d3bb0c49-le64.cache-9
78c304002000-78c304003000 r--s 00000000 103:02 73407786                  /var/cache/fontconfig/22368d551a680bfe5a62c02760edf4ea-le64.cache-9
78c304003000-78c304006000 r--s 00000000 103:02 73407733                  /var/cache/fontconfig/62f91419b9ebdb6975e7e41ab6412357-le64.cache-9
78c304006000-78c304008000 r--p 00000000 103:02 269372                    /usr/lib/x86_64-linux-gnu/libvorbisfile.so.3.3.8
78c304008000-78c30400d000 r-xp 00002000 103:02 269372                    /usr/lib/x86_64-linux-gnu/libvorbisfile.so.3.3.8
78c30400d000-78c30400e000 r--p 00007000 103:02 269372                    /usr/lib/x86_64-linux-gnu/libvorbisfile.so.3.3.8
78c30400e000-78c30400f000 r--p 00007000 103:02 269372                    /usr/lib/x86_64-linux-gnu/libvorbisfile.so.3.3.8
78c30400f000-78c304010000 rw-p 00008000 103:02 269372                    /usr/lib/x86_64-linux-gnu/libvorbisfile.so.3.3.8
78c304010000-78c304012000 r--p 00000000 103:02 289491                    /usr/lib/x86_64-linux-gnu/libcanberra-gtk3.so.0.1.9
78c304012000-78c304014000 r-xp 00002000 103:02 289491                    /usr/lib/x86_64-linux-gnu/libcanberra-gtk3.so.0.1.9
78c304014000-78c304015000 r--p 00004000 103:02 289491                    /usr/lib/x86_64-linux-gnu/libcanberra-gtk3.so.0.1.9
78c304015000-78c304016000 r--p 00004000 103:02 289491                    /usr/lib/x86_64-linux-gnu/libcanberra-gtk3.so.0.1.9
78c304016000-78c304017000 rw-p 00005000 103:02 289491                    /usr/lib/x86_64-linux-gnu/libcanberra-gtk3.so.0.1.9
78c304017000-78c304019000 r--p 00000000 103:02 1069917                   /usr/lib/x86_64-linux-gnu/gtk-3.0/modules/libcanberra-gtk3-module.so
78c304019000-78c30401c000 r-xp 00002000 103:02 1069917                   /usr/lib/x86_64-linux-gnu/gtk-3.0/modules/libcanberra-gtk3-module.so
78c30401c000-78c30401d000 r--p 00005000 103:02 1069917                   /usr/lib/x86_64-linux-gnu/gtk-3.0/modules/libcanberra-gtk3-module.so
78c30401d000-78c30401e000 r--p 00005000 103:02 1069917                   /usr/lib/x86_64-linux-gnu/gtk-3.0/modules/libcanberra-gtk3-module.so
78c30401e000-78c30401f000 rw-p 00006000 103:02 1069917                   /usr/lib/x86_64-linux-gnu/gtk-3.0/modules/libcanberra-gtk3-module.so
78c30401f000-78c3043fe000 rw-p 00000000 00:00 0 
78c3043fe000-78c3043ff000 ---p 00000000 00:00 0 
78c3043ff000-78c3044ff000 rw-p 00000000 00:00 0 
78c3044ff000-78c304500000 ---p 00000000 00:00 0 
78c304500000-78c304600000 rw-p 00000000 00:00 0 
78c304600000-78c30463a000 rw-p 00000000 00:00 0 
78c30463a000-78c3047fe000 ---p 00000000 00:00 0 
78c3047fe000-78c30483a000 rw-p 00000000 00:00 0 
78c30483a000-78c3049fe000 ---p 00000000 00:00 0 
78c3049fe000-78c304a00000 rw-p 00000000 00:00 0 
78c304a00000-78c304a01000 r--s 00000000 103:02 73407785                  /var/cache/fontconfig/4d9c95eba1cb85bbcf2878543262124a-le64.cache-9
78c304a01000-78c304a02000 r--s 00000000 103:02 73407784                  /var/cache/fontconfig/85e0a52ce643a7ba2ae53e5d6949cead-le64.cache-9
78c304a02000-78c304a03000 r--p 00000000 103:02 270493                    /usr/lib/x86_64-linux-gnu/libXdamage.so.1.1.0
78c304a03000-78c304a04000 r-xp 00001000 103:02 270493                    /usr/lib/x86_64-linux-gnu/libXdamage.so.1.1.0
78c304a04000-78c304a05000 r--p 00002000 103:02 270493                    /usr/lib/x86_64-linux-gnu/libXdamage.so.1.1.0
78c304a05000-78c304a06000 r--p 00002000 103:02 270493                    /usr/lib/x86_64-linux-gnu/libXdamage.so.1.1.0
78c304a06000-78c304a07000 rw-p 00003000 103:02 270493                    /usr/lib/x86_64-linux-gnu/libXdamage.so.1.1.0
78c304a07000-78c304a0b000 r--p 00000000 103:02 31469514                  /home/user/Tools/dbeaver/plugins/org.eclipse.equinox.launcher.gtk.linux.x86_64_1.2.1500.v20250801-0854/eclipse_11916.so
78c304a0b000-78c304a15000 r-xp 00004000 103:02 31469514                  /home/user/Tools/dbeaver/plugins/org.eclipse.equinox.launcher.gtk.linux.x86_64_1.2.1500.v20250801-0854/eclipse_11916.so
78c304a15000-78c304a18000 r--p 0000e000 103:02 31469514                  /home/user/Tools/dbeaver/plugins/org.eclipse.equinox.launcher.gtk.linux.x86_64_1.2.1500.v20250801-0854/eclipse_11916.so
78c304a18000-78c304a19000 r--p 00010000 103:02 31469514                  /home/user/Tools/dbeaver/plugins/org.eclipse.equinox.launcher.gtk.linux.x86_64_1.2.1500.v20250801-0854/eclipse_11916.so
78c304a19000-78c304a1a000 rw-p 00011000 103:02 31469514                  /home/user/Tools/dbeaver/plugins/org.eclipse.equinox.launcher.gtk.linux.x86_64_1.2.1500.v20250801-0854/eclipse_11916.so
78c304a1a000-78c304a1b000 rw-p 00000000 00:00 0 
78c304a1b000-78c304a1c000 ---p 00000000 00:00 0 
78c304a1c000-78c304b1c000 rw-p 00000000 00:00 0 
78c304b1c000-78c305d3e000 rw-p 00000000 00:00 0 
78c305d3e000-78c305e17000 ---p 00000000 00:00 0 
78c305e17000-78c305e41000 rw-p 00000000 00:00 0 
78c305e41000-78c305f00000 ---p 00000000 00:00 0 
78c305f00000-78c305f04000 ---p 00000000 00:00 0 
78c305f04000-78c306000000 rw-p 00000000 00:00 0 
78c306000000-78c30741b000 r-xp 00000000 103:02 31468502                  /home/user/Tools/dbeaver/jre/lib/server/libjvm.so
78c30741b000-78c30741c000 ---p 0141b000 103:02 31468502                  /home/user/Tools/dbeaver/jre/lib/server/libjvm.so
78c30741c000-78c3074f0000 r--p 0141b000 103:02 31468502                  /home/user/Tools/dbeaver/jre/lib/server/libjvm.so
78c3074f0000-78c307520000 rw-p 014ef000 103:02 31468502                  /home/user/Tools/dbeaver/jre/lib/server/libjvm.so
78c307520000-78c307586000 rw-p 00000000 00:00 0 
78c307586000-78c307587000 r--s 00000000 103:02 73407783                  /var/cache/fontconfig/49f0de54bdd920fe4f0dfd4cbac43e6b-le64.cache-9
78c307587000-78c307588000 r--s 00000000 103:02 73407763                  /var/cache/fontconfig/f6e6e0a5c3d2f6ae0c0c2e0ecd42a997-le64.cache-9
78c307588000-78c30758c000 r--p 00000000 103:02 265449                    /usr/lib/x86_64-linux-gnu/libcairo-gobject.so.2.11800.0
78c30758c000-78c30758e000 r-xp 00004000 103:02 265449                    /usr/lib/x86_64-linux-gnu/libcairo-gobject.so.2.11800.0
78c30758e000-78c307591000 r--p 00006000 103:02 265449                    /usr/lib/x86_64-linux-gnu/libcairo-gobject.so.2.11800.0
78c307591000-78c307593000 r--p 00008000 103:02 265449                    /usr/lib/x86_64-linux-gnu/libcairo-gobject.so.2.11800.0
78c307593000-78c307594000 rw-p 0000a000 103:02 265449                    /usr/lib/x86_64-linux-gnu/libcairo-gobject.so.2.11800.0
78c307594000-78c3075af000 r-xp 00000000 103:02 31468493                  /home/user/Tools/dbeaver/jre/lib/libzip.so
78c3075af000-78c3075b0000 r--p 0001a000 103:02 31468493                  /home/user/Tools/dbeaver/jre/lib/libzip.so
78c3075b0000-78c3075b1000 rw-p 0001b000 103:02 31468493                  /home/user/Tools/dbeaver/jre/lib/libzip.so
78c3075b1000-78c3075bd000 r-xp 00000000 103:02 31468374                  /home/user/Tools/dbeaver/jre/lib/libnet.so
78c3075bd000-78c3075be000 r--p 0000b000 103:02 31468374                  /home/user/Tools/dbeaver/jre/lib/libnet.so
78c3075be000-78c3075bf000 rw-p 0000c000 103:02 31468374                  /home/user/Tools/dbeaver/jre/lib/libnet.so
78c3075bf000-78c307600000 rw-p 00000000 00:00 0 
78c307600000-78c307628000 r--p 00000000 103:02 264307                    /usr/lib/x86_64-linux-gnu/libc.so.6
78c307628000-78c3077b0000 r-xp 00028000 103:02 264307                    /usr/lib/x86_64-linux-gnu/libc.so.6
78c3077b0000-78c3077ff000 r--p 001b0000 103:02 264307                    /usr/lib/x86_64-linux-gnu/libc.so.6
78c3077ff000-78c307803000 r--p 001fe000 103:02 264307                    /usr/lib/x86_64-linux-gnu/libc.so.6
78c307803000-78c307805000 rw-p 00202000 103:02 264307                    /usr/lib/x86_64-linux-gnu/libc.so.6
78c307805000-78c307812000 rw-p 00000000 00:00 0 
78c307812000-78c307813000 r--s 00000000 103:02 73407734                  /var/cache/fontconfig/4b2eda6bb976bda485cb2176619421d5-le64.cache-9
78c307813000-78c307814000 r--s 00000000 103:02 73407716                  /var/cache/fontconfig/e0aa53bcfa504e64f87823c16bc01eb6-le64.cache-9
78c307814000-78c307815000 r--p 00000000 103:02 289413                    /usr/lib/x86_64-linux-gnu/libwayland-egl.so.1.22.0
78c307815000-78c307816000 r-xp 00001000 103:02 289413                    /usr/lib/x86_64-linux-gnu/libwayland-egl.so.1.22.0
78c307816000-78c307817000 r--p 00002000 103:02 289413                    /usr/lib/x86_64-linux-gnu/libwayland-egl.so.1.22.0
78c307817000-78c307818000 r--p 00002000 103:02 289413                    /usr/lib/x86_64-linux-gnu/libwayland-egl.so.1.22.0
78c307818000-78c307819000 rw-p 00003000 103:02 289413                    /usr/lib/x86_64-linux-gnu/libwayland-egl.so.1.22.0
78c307819000-78c30782d000 r-xp 00000000 103:02 31468477                  /home/user/Tools/dbeaver/jre/lib/libnio.so
78c30782d000-78c30782e000 r--p 00013000 103:02 31468477                  /home/user/Tools/dbeaver/jre/lib/libnio.so
78c30782e000-78c30782f000 rw-p 00014000 103:02 31468477                  /home/user/Tools/dbeaver/jre/lib/libnio.so
78c30782f000-78c3078b2000 rw-p 00000000 00:00 0 
78c3078b2000-78c3078d2000 r-xp 00000000 103:02 31467513                  /home/user/Tools/dbeaver/jre/lib/libjava.so
78c3078d2000-78c3078d3000 ---p 00020000 103:02 31467513                  /home/user/Tools/dbeaver/jre/lib/libjava.so
78c3078d3000-78c3078d4000 r--p 00020000 103:02 31467513                  /home/user/Tools/dbeaver/jre/lib/libjava.so
78c3078d4000-78c3078d5000 rw-p 00021000 103:02 31467513                  /home/user/Tools/dbeaver/jre/lib/libjava.so
78c3078d5000-78c3078d6000 rw-p 00000000 00:00 0 
78c3078d6000-78c3078f1000 r-xp 00000000 103:02 31467516                  /home/user/Tools/dbeaver/jre/lib/libjimage.so
78c3078f1000-78c3078f2000 ---p 0001b000 103:02 31467516                  /home/user/Tools/dbeaver/jre/lib/libjimage.so
78c3078f2000-78c3078f4000 r--p 0001b000 103:02 31467516                  /home/user/Tools/dbeaver/jre/lib/libjimage.so
78c3078f4000-78c3078f5000 rw-p 0001d000 103:02 31467516                  /home/user/Tools/dbeaver/jre/lib/libjimage.so
78c3078f5000-78c307905000 r--p 00000000 103:02 264341                    /usr/lib/x86_64-linux-gnu/libm.so.6
78c307905000-78c307984000 r-xp 00010000 103:02 264341                    /usr/lib/x86_64-linux-gnu/libm.so.6
78c307984000-78c3079dc000 r--p 0008f000 103:02 264341                    /usr/lib/x86_64-linux-gnu/libm.so.6
78c3079dc000-78c3079dd000 r--p 000e7000 103:02 264341                    /usr/lib/x86_64-linux-gnu/libm.so.6
78c3079dd000-78c3079de000 rw-p 000e8000 103:02 264341                    /usr/lib/x86_64-linux-gnu/libm.so.6
78c3079de000-78c3079df000 r--p 00000000 103:02 264535                    /usr/lib/x86_64-linux-gnu/librt.so.1
78c3079df000-78c3079e0000 r-xp 00001000 103:02 264535                    /usr/lib/x86_64-linux-gnu/librt.so.1
78c3079e0000-78c3079e1000 r--p 00002000 103:02 264535                    /usr/lib/x86_64-linux-gnu/librt.so.1
78c3079e1000-78c3079e2000 r--p 00002000 103:02 264535                    /usr/lib/x86_64-linux-gnu/librt.so.1
78c3079e2000-78c3079e3000 rw-p 00003000 103:02 264535                    /usr/lib/x86_64-linux-gnu/librt.so.1
78c3079e3000-78c3079e5000 rw-p 00000000 00:00 0 
78c3079e5000-78c3079e6000 r--p 00000000 103:02 264334                    /usr/lib/x86_64-linux-gnu/libdl.so.2
78c3079e6000-78c3079e7000 r-xp 00001000 103:02 264334                    /usr/lib/x86_64-linux-gnu/libdl.so.2
78c3079e7000-78c3079e8000 r--p 00002000 103:02 264334                    /usr/lib/x86_64-linux-gnu/libdl.so.2
78c3079e8000-78c3079e9000 r--p 00002000 103:02 264334                    /usr/lib/x86_64-linux-gnu/libdl.so.2
78c3079e9000-78c3079ea000 rw-p 00003000 103:02 264334                    /usr/lib/x86_64-linux-gnu/libdl.so.2
78c3079ea000-78c3079eb000 r--p 00000000 103:02 264533                    /usr/lib/x86_64-linux-gnu/libpthread.so.0
78c3079eb000-78c3079ec000 r-xp 00001000 103:02 264533                    /usr/lib/x86_64-linux-gnu/libpthread.so.0
78c3079ec000-78c3079ed000 r--p 00002000 103:02 264533                    /usr/lib/x86_64-linux-gnu/libpthread.so.0
78c3079ed000-78c3079ee000 r--p 00002000 103:02 264533                    /usr/lib/x86_64-linux-gnu/libpthread.so.0
78c3079ee000-78c3079ef000 rw-p 00003000 103:02 264533                    /usr/lib/x86_64-linux-gnu/libpthread.so.0
78c3079ef000-78c3079f0000 r--s 00000000 103:02 30735044                  /home/user/.cache/fontconfig/46b94579666e5b91cd7f2ea44916cfd3-le64.cache-9
78c3079f0000-78c3079f1000 r--s 00000000 103:02 73531857                  /var/lib/flatpak/exports/share/mime/mime.cache
78c3079f1000-78c3079f2000 r--s 00000000 103:02 30672004                  /home/user/.local/share/mime/mime.cache
78c3079f2000-78c3079f3000 r--p 00000000 103:02 3146294                   /usr/share/locale-langpack/en/LC_MESSAGES/gtk30.mo
78c3079f3000-78c3079fb000 rw-p 00000000 00:00 0 
78c3079fb000-78c307a02000 ---p 00000000 00:00 0 
78c307a02000-78c307a0a000 rw-s 00000000 103:02 113008741                 /tmp/hsperfdata_matt/1895338
78c307a0a000-78c307a0b000 ---p 00000000 00:00 0 
78c307a0b000-78c307a0c000 r--p 00000000 00:00 0 
78c307a0c000-78c307a0d000 ---p 00000000 00:00 0 
78c307a0d000-78c307a26000 r-xp 00000000 103:02 31467517                  /home/user/Tools/dbeaver/jre/lib/libjli.so
78c307a26000-78c307a27000 r--p 00018000 103:02 31467517                  /home/user/Tools/dbeaver/jre/lib/libjli.so
78c307a27000-78c307a28000 rw-p 00019000 103:02 31467517                  /home/user/Tools/dbeaver/jre/lib/libjli.so
78c307a28000-78c307a2a000 rw-p 00000000 00:00 0 
78c307a2a000-78c307a2b000 r--p 00000000 103:02 264288                    /usr/lib/x86_64-linux-gnu/ld-linux-x86-64.so.2
78c307a2b000-78c307a56000 r-xp 00001000 103:02 264288                    /usr/lib/x86_64-linux-gnu/ld-linux-x86-64.so.2
78c307a56000-78c307a60000 r--p 0002c000 103:02 264288                    /usr/lib/x86_64-linux-gnu/ld-linux-x86-64.so.2
78c307a60000-78c307a62000 r--p 00036000 103:02 264288                    /usr/lib/x86_64-linux-gnu/ld-linux-x86-64.so.2
78c307a62000-78c307a64000 rw-p 00038000 103:02 264288                    /usr/lib/x86_64-linux-gnu/ld-linux-x86-64.so.2
7ffd4a449000-7ffd4a46b000 rw-p 00000000 00:00 0                          [stack]
7ffd4a5f7000-7ffd4a5fb000 r--p 00000000 00:00 0                          [vvar]
7ffd4a5fb000-7ffd4a5fd000 r-xp 00000000 00:00 0                          [vdso]
ffffffffff600000-ffffffffff601000 --xp 00000000 00:00 0                  [vsyscall]
Total number of mappings: 1150

JVMTI agents: none


VM Arguments:
jvm_args: -XX:+IgnoreUnrecognizedVMOptions -Dosgi.requiredJavaVersion=21 -Dfile.encoding=UTF-8 --add-modules=ALL-DEFAULT --add-opens=java.base/java.io=ALL-UNNAMED --add-opens=java.base/java.lang=ALL-UNNAMED --add-opens=java.base/java.lang.reflect=ALL-UNNAMED --add-opens=java.base/java.net=ALL-UNNAMED --add-opens=java.base/java.nio=ALL-UNNAMED --add-opens=java.base/java.nio.charset=ALL-UNNAMED --add-opens=java.base/java.text=ALL-UNNAMED --add-opens=java.base/java.time=ALL-UNNAMED --add-opens=java.base/java.util=ALL-UNNAMED --add-opens=java.base/java.util.concurrent=ALL-UNNAMED --add-opens=java.base/java.util.concurrent.atomic=ALL-UNNAMED --add-opens=java.base/jdk.internal.vm=ALL-UNNAMED --add-opens=java.base/jdk.internal.misc=ALL-UNNAMED --add-opens=java.base/sun.nio.ch=ALL-UNNAMED --add-opens=java.base/sun.nio.fs=ALL-UNNAMED --add-opens=java.base/sun.security.ssl=ALL-UNNAMED --add-opens=java.base/sun.security.action=ALL-UNNAMED --add-opens=java.base/sun.security.util=ALL-UNNAMED --add-opens=java.security.jgss/sun.security.jgss=ALL-UNNAMED --add-opens=java.security.jgss/sun.security.krb5=ALL-UNNAMED --add-opens=java.desktop/java.awt=ALL-UNNAMED --add-opens=java.desktop/java.awt.peer=ALL-UNNAMED --add-opens=java.sql/java.sql=ALL-UNNAMED -Xms64m -Xmx1024m 
java_command: /home/user/Tools/dbeaver//plugins/org.eclipse.equinox.launcher_1.7.100.v20251111-0406.jar -os linux -ws gtk -arch x86_64 -showsplash -launcher /home/user/Tools/dbeaver/dbeaver -name Dbeaver --launcher.library /home/user/Tools/dbeaver//plugins/org.eclipse.equinox.launcher.gtk.linux.x86_64_1.2.1500.v20250801-0854/eclipse_11916.so -startup /home/user/Tools/dbeaver//plugins/org.eclipse.equinox.launcher_1.7.100.v20251111-0406.jar --launcher.overrideVmargs -exitdata 440002 -vm /home/user/Tools/dbeaver/jre/bin/java -vmargs -XX:+IgnoreUnrecognizedVMOptions -Dosgi.requiredJavaVersion=21 -Dfile.encoding=UTF-8 --add-modules=ALL-DEFAULT --add-opens=java.base/java.io=ALL-UNNAMED --add-opens=java.base/java.lang=ALL-UNNAMED --add-opens=java.base/java.lang.reflect=ALL-UNNAMED --add-opens=java.base/java.net=ALL-UNNAMED --add-opens=java.base/java.nio=ALL-UNNAMED --add-opens=java.base/java.nio.charset=ALL-UNNAMED --add-opens=java.base/java.text=ALL-UNNAMED --add-opens=java.base/java.time=ALL-UNNAMED --add-opens=java.base/java.util=ALL-UNNAMED --add-opens=java.base/java.util.concurrent=ALL-UNNAMED --add-opens=java.base/java.util.concurrent.atomic=ALL-UNNAMED --add-opens=java.base/jdk.internal.vm=ALL-UNNAMED --add-opens=java.base/jdk.internal.misc=ALL-UNNAMED --add-opens=java.base/sun.nio.ch=ALL-UNNAMED --add-opens=java.base/sun.nio.fs=ALL-UNNAMED --add-opens=java.base/sun.security.ssl=ALL-UNNAMED --add-opens=java.base/sun.security.action=ALL-UNNAMED --add-opens=java.base/sun.security.util=ALL-UNNAMED --add-opens=java.security.jgss/sun.security.jgss=ALL-UNNAMED --add-opens=java.security.jgss/sun.security.krb5=ALL-UNNAMED --add-opens=java.desktop/java.awt=ALL-UNNAMED --add-opens=java.desktop/java.awt.peer=ALL-UNNAMED --add-opens=java.sql/java.sql=ALL-UNNAMED -Xms64m -Xmx1024m -jar /home/user/Tools/dbeaver//plugins/org.eclipse.equinox.launcher_1.7.100.v20251111-0406.jar
java_class_path (initial): /home/user/Tools/dbeaver//plugins/org.eclipse.equinox.launcher_1.7.100.v20251111-0406.jar
Launcher Type: SUN_STANDARD

[Global flags]
     intx CICompilerCount                          = 12                                        {product} {ergonomic}
     uint ConcGCThreads                            = 5                                         {product} {ergonomic}
     uint G1ConcRefinementThreads                  = 18                                        {product} {ergonomic}
   size_t G1HeapRegionSize                         = 1048576                                   {product} {ergonomic}
    uintx GCDrainStackTargetSize                   = 64                                        {product} {ergonomic}
     bool IgnoreUnrecognizedVMOptions              = true                                      {product} {command line}
   size_t InitialHeapSize                          = 67108864                                  {product} {command line}
   size_t MarkStackSize                            = 4194304                                   {product} {ergonomic}
   size_t MaxHeapSize                              = 1073741824                                {product} {command line}
   size_t MaxNewSize                               = 643825664                                 {product} {ergonomic}
   size_t MinHeapDeltaBytes                        = 1048576                                   {product} {ergonomic}
   size_t MinHeapSize                              = 67108864                                  {product} {command line}
    uintx NonNMethodCodeHeapSize                   = 7602480                                {pd product} {ergonomic}
    uintx NonProfiledCodeHeapSize                  = 122027880                              {pd product} {ergonomic}
    uintx ProfiledCodeHeapSize                     = 122027880                              {pd product} {ergonomic}
    uintx ReservedCodeCacheSize                    = 251658240                              {pd product} {ergonomic}
     bool SegmentedCodeCache                       = true                                      {product} {ergonomic}
   size_t SoftMaxHeapSize                          = 1073741824                             {manageable} {ergonomic}
     bool UseCompressedOops                        = true                           {product lp64_product} {ergonomic}
     bool UseG1GC                                  = true                                      {product} {ergonomic}

Logging:
Log output configuration:
 #0: stdout all=warning uptime,level,tags foldmultilines=false
 #1: stderr all=off uptime,level,tags foldmultilines=false

Environment Variables:
PATH=/home/user/Tools/anaconda3/condabin:/home/user/.nvm/versions/node/v25.2.1/bin:/home/user/.local/bin:/path/to/cargo/bin:/home/user/.local/bin:/usr/local/sbin:/usr/local/bin:/usr/sbin:/usr/bin:/sbin:/bin:/usr/games:/usr/local/games:/snap/bin:/snap/bin
USERNAME=matt
SHELL=/bin/bash
DISPLAY=:1
LANG=en_US.UTF-8
TERM=xterm-256color

Active Locale:
LC_ALL=en_US.UTF-8
LC_COLLATE=en_US.UTF-8
LC_CTYPE=en_US.UTF-8
LC_MESSAGES=en_US.UTF-8
LC_MONETARY=en_US.UTF-8
LC_NUMERIC=en_US.UTF-8
LC_TIME=en_US.UTF-8

Signal Handlers:
   SIGSEGV: crash_handler in libjvm.so, mask=11100100010111111101111111111110, flags=SA_RESTART|SA_SIGINFO, unblocked
    SIGBUS: crash_handler in libjvm.so, mask=11100100010111111101111111111110, flags=SA_RESTART|SA_SIGINFO, unblocked
    SIGFPE: crash_handler in libjvm.so, mask=11100100010111111101111111111110, flags=SA_RESTART|SA_SIGINFO, unblocked
   SIGPIPE: SIG_IGN, mask=00000000000010000000000000000000, flags=SA_RESTART, blocked
  *** Handler was modified!
  *** Expected: javaSignalHandler in libjvm.so, mask=11100100110111111111111111111110, flags=SA_RESTART|SA_SIGINFO
   SIGXFSZ: javaSignalHandler in libjvm.so, mask=11100100010111111101111111111110, flags=SA_RESTART|SA_SIGINFO, blocked
    SIGILL: crash_handler in libjvm.so, mask=11100100010111111101111111111110, flags=SA_RESTART|SA_SIGINFO, unblocked
   SIGUSR2: SR_handler in libjvm.so, mask=00000000000000000000000000000000, flags=SA_RESTART|SA_SIGINFO, blocked
    SIGHUP: UserHandler in libjvm.so, mask=11100100010111111101111111111110, flags=SA_RESTART|SA_SIGINFO, blocked
    SIGINT: UserHandler in libjvm.so, mask=11100100010111111101111111111110, flags=SA_RESTART|SA_SIGINFO, blocked
   SIGTERM: UserHandler in libjvm.so, mask=11100100010111111101111111111110, flags=SA_RESTART|SA_SIGINFO, blocked
   SIGQUIT: UserHandler in libjvm.so, mask=11100100010111111101111111111110, flags=SA_RESTART|SA_SIGINFO, blocked
   SIGTRAP: crash_handler in libjvm.so, mask=11100100010111111101111111111110, flags=SA_RESTART|SA_SIGINFO, unblocked


Periodic native trim disabled

---------------  S Y S T E M  ---------------

OS:
DISTRIB_ID=Ubuntu
DISTRIB_RELEASE=24.04
DISTRIB_CODENAME=noble
DISTRIB_DESCRIPTION="Ubuntu 24.04.3 LTS"
uname: Linux 6.8.0-90-generic #91-Ubuntu SMP PREEMPT_DYNAMIC Tue Nov 18 14:14:30 UTC 2025 x86_64
OS uptime: 5 days 8:15 hours
libc: glibc 2.39 NPTL 2.39 
rlimit (soft/hard): STACK 8192k/infinity , CORE 0k/infinity , NPROC 127222/127222 , NOFILE 1048576/1048576 , AS infinity/infinity , CPU infinity/infinity , DATA infinity/infinity , FSIZE infinity/infinity , MEMLOCK 4081164k/4081164k
load average: 0.81 0.58 0.57

/proc/meminfo:
MemTotal:       32649332 kB
MemFree:         3540292 kB
MemAvailable:   16017264 kB
Buffers:          325056 kB
Cached:         12395248 kB
SwapCached:         6000 kB
Active:         14170496 kB
Inactive:       12413536 kB
Active(anon):   12603832 kB
Inactive(anon):  1788200 kB
Active(file):    1566664 kB
Inactive(file): 10625336 kB
Unevictable:       18808 kB
Mlocked:             448 kB
SwapTotal:       2097148 kB
SwapFree:        1907356 kB
Zswap:                 0 kB
Zswapped:              0 kB
Dirty:               464 kB
Writeback:             0 kB
AnonPages:      13878076 kB
Mapped:          2248804 kB
Shmem:            529532 kB
KReclaimable:     761072 kB
Slab:            1355728 kB
SReclaimable:     761072 kB
SUnreclaim:       594656 kB
KernelStack:       62768 kB
PageTables:       192760 kB
SecPageTables:         0 kB
NFS_Unstable:          0 kB
Bounce:                0 kB
WritebackTmp:          0 kB
CommitLimit:    18421812 kB
Committed_AS:   86104840 kB
VmallocTotal:   34359738367 kB
VmallocUsed:      192848 kB
VmallocChunk:          0 kB
Percpu:            34656 kB
HardwareCorrupted:     0 kB
AnonHugePages:         0 kB
ShmemHugePages:    14336 kB
ShmemPmdMapped:        0 kB
FileHugePages:         0 kB
FilePmdMapped:         0 kB
Unaccepted:            0 kB
HugePages_Total:       0
HugePages_Free:        0
HugePages_Rsvd:        0
HugePages_Surp:        0
Hugepagesize:       2048 kB
Hugetlb:               0 kB
DirectMap4k:    22053120 kB
DirectMap2M:    11288576 kB
DirectMap1G:           0 kB

/sys/kernel/mm/transparent_hugepage/enabled: always [madvise] never
/sys/kernel/mm/transparent_hugepage/hpage_pmd_size: 2097152
/sys/kernel/mm/transparent_hugepage/defrag (defrag/compaction efforts parameter): always defer defer+madvise [madvise] never

Process Memory:
Virtual Size: 8020968K (peak: 8082448K)
Resident Set Size: 512500K (peak: 512500K) (anon: 449292K, file: 61992K, shmem: 1216K)
Swapped out: 0K
C-Heap outstanding allocations: 120779K, retained: 119624K
glibc malloc tunables: (default)

/proc/sys/kernel/threads-max (system-wide limit on the number of threads): 254444
/proc/sys/vm/max_map_count (maximum number of memory map areas a process may have): 1048576
/proc/sys/vm/swappiness (control to define how aggressively the kernel swaps out anonymous memory): 60
/proc/sys/kernel/pid_max (system-wide limit on number of process identifiers): 4194304

container (cgroup) information:
container_type: cgroupv2
cpu_cpuset_cpus: not supported
cpu_memory_nodes: not supported
active_processor_count: 24
cpu_quota: not supported
cpu_period: not supported
cpu_shares: not supported
memory_limit_in_bytes: unlimited
memory_and_swap_limit_in_bytes: unlimited
memory_soft_limit_in_bytes: 0
memory_usage_in_bytes: 4453488 k
memory_max_usage_in_bytes: not supported
memory_swap_current_in_bytes: 0
memory_swap_max_limit_in_bytes: unlimited
maximum number of tasks: 38166
current number of tasks: 74

Steal ticks since vm start: 0
Steal ticks percentage since vm start:  0.000

CPU: total 24 (initial active 24) (24 cores per cpu, 1 threads per core) family 6 model 151 stepping 2 microcode 0x3a, cx8, cmov, fxsr, mmx, 3dnowpref, sse, sse2, sse3, ssse3, sse4.1, sse4.2, popcnt, lzcnt, tsc, tscinvbit, avx, avx2, aes, erms, clmul, bmi1, bmi2, adx, sha, fma, vzeroupper, clflush, clflushopt, clwb, serialize, rdtscp, rdpid, fsrm, f16c, pku, ospke, cet_ibt, cet_ss
CPU Model and flags from /proc/cpuinfo:
model name	: 12th Gen Intel(R) Core(TM) i9-12900K
flags		: fpu vme de pse tsc msr pae mce cx8 apic sep mtrr pge mca cmov pat pse36 clflush dts acpi mmx fxsr sse sse2 ss ht tm pbe syscall nx pdpe1gb rdtscp lm constant_tsc art arch_perfmon pebs bts rep_good nopl xtopology nonstop_tsc cpuid aperfmperf tsc_known_freq pni pclmulqdq dtes64 monitor ds_cpl vmx smx est tm2 ssse3 sdbg fma cx16 xtpr pdcm pcid sse4_1 sse4_2 x2apic movbe popcnt tsc_deadline_timer aes xsave avx f16c rdrand lahf_lm abm 3dnowprefetch cpuid_fault cat_l2 cdp_l2 ssbd ibrs ibpb stibp ibrs_enhanced tpr_shadow flexpriority ept vpid ept_ad fsgsbase tsc_adjust bmi1 avx2 smep bmi2 erms invpcid rdt_a rdseed adx smap clflushopt clwb intel_pt sha_ni xsaveopt xsavec xgetbv1 xsaves split_lock_detect user_shstk avx_vnni dtherm ida arat pln pts hwp hwp_notify hwp_act_window hwp_epp hwp_pkg_req hfi vnmi umip pku ospke waitpkg gfni vaes vpclmulqdq tme rdpid movdiri movdir64b fsrm md_clear serialize pconfig arch_lbr ibt flush_l1d arch_capabilities ibpb_exit_to_user

Online cpus: 0-23
Offline cpus: 
BIOS frequency limitation: <Not Available>
Frequency switch latency (ns): 0
Available cpu frequencies: <Not Available>
Current governor: powersave
Core performance/turbo boost: <Not Available>

Memory: 4k page, physical 32649332k(16017264k free), swap 2097148k(1907356k free)
Page Sizes: 4k

vm_info: OpenJDK 64-Bit Server VM (21.0.8+9-LTS) for linux-amd64 JRE (21.0.8+9-LTS), built on 2025-07-15T00:00:00Z by "admin" with gcc 11.3.0

END.
